Date,Placed_In_CBP,CBP_Custody,CBP_To_HHS,HHS_Care,Discharged_From_HHS,Placed_In_CBP_lag_1,CBP_Custody_lag_1,CBP_To_HHS_lag_1,HHS_Care_lag_1,Discharged_From_HHS_lag_1,Placed_In_CBP_lag_7,CBP_Custody_lag_7,CBP_To_HHS_lag_7,HHS_Care_lag_7,Discharged_From_HHS_lag_7,Placed_In_CBP_lag_14,CBP_Custody_lag_14,CBP_To_HHS_lag_14,HHS_Care_lag_14,Discharged_From_HHS_lag_14,Placed_In_CBP_rolling_avg_7,CBP_Custody_rolling_avg_7,CBP_To_HHS_rolling_avg_7,HHS_Care_rolling_avg_7,Discharged_From_HHS_rolling_avg_7,Placed_In_CBP_rolling_avg_14,CBP_Custody_rolling_avg_14,CBP_To_HHS_rolling_avg_14,HHS_Care_rolling_avg_14,Discharged_From_HHS_rolling_avg_14,Net_HHS_Flow,Net_HHS_Flow_rolling_avg_7,Net_HHS_Flow_rolling_avg_14,Net_HHS_Flow_rolling_std_7,Day_Of_Week,Month,Is_Weekend
2023-01-12,33.0,53.0,34.0,6566.0,436.0,,,,,,,,,,,,,,,,,,,,,,,,,,-402.0,,,,3,1,0
2023-01-13,33.0,53.0,34.0,6622.0,415.0,33.0,53.0,34.0,6566.0,436.0,,,,,,,,,,,,,,,,,,,,,-381.0,,,,4,1,0
2023-01-14,33.0,52.0,35.0,6677.0,394.0,33.0,53.0,34.0,6622.0,415.0,,,,,,,,,,,,,,,,,,,,,-359.0,,,,5,1,1
2023-01-15,33.0,52.0,36.0,6733.0,373.0,33.0,52.0,35.0,6677.0,394.0,,,,,,,,,,,,,,,,,,,,,-337.0,,,,6,1,1
2023-01-16,33.0,51.0,36.0,6788.0,352.0,33.0,52.0,36.0,6733.0,373.0,,,,,,,,,,,,,,,,,,,,,-316.0,,,,0,1,0
2023-01-17,32.0,51.0,36.0,6844.0,332.0,33.0,51.0,36.0,6788.0,352.0,,,,,,,,,,,,,,,,,,,,,-296.0,,,,1,1,0
2023-01-18,32.0,51.0,37.0,6900.0,311.0,32.0,51.0,36.0,6844.0,332.0,,,,,,,,,,,32.714285714285715,51.857142857142854,35.42857142857143,6732.857142857143,373.2857142857143,,,,,,-274.0,-337.85714285714283,,46.06310371446462,2,1,0
2023-01-19,32.0,50.0,38.0,6955.0,290.0,32.0,51.0,37.0,6900.0,311.0,33.0,53.0,34.0,6566.0,436.0,,,,,,32.57142857142857,51.42857142857143,36.0,6788.428571428572,352.42857142857144,,,,,,-252.0,-316.42857142857144,,46.140571961695265,3,1,0
2023-01-20,32.0,50.0,38.0,7011.0,269.0,32.0,50.0,38.0,6955.0,290.0,33.0,53.0,34.0,6622.0,415.0,,,,,,32.42857142857143,51.0,36.57142857142857,6844.0,331.57142857142856,,,,,,-231.0,-295.0,,45.98550496261472,4,1,0
2023-01-21,32.0,49.0,38.0,7066.0,248.0,32.0,50.0,38.0,7011.0,269.0,33.0,52.0,35.0,6677.0,394.0,,,,,,32.285714285714285,50.57142857142857,37.0,6899.571428571428,310.7142857142857,,,,,,-210.0,-273.7142857142857,,45.908293679589335,5,1,1
2023-01-22,32.0,49.0,39.0,7122.0,227.0,32.0,49.0,38.0,7066.0,248.0,33.0,52.0,36.0,6733.0,373.0,,,,,,32.142857142857146,50.142857142857146,37.42857142857143,6955.142857142857,289.85714285714283,,,,,,-188.0,-252.42857142857142,,46.21636486086257,6,1,1
2023-01-23,32.0,50.0,39.0,7280.0,181.0,32.0,49.0,39.0,7122.0,227.0,33.0,51.0,36.0,6788.0,352.0,,,,,,32.0,50.0,37.857142857142854,7025.428571428572,265.42857142857144,,,,,,-142.0,-227.57142857142858,,52.66832426565678,0,1,0
2023-01-24,47.0,42.0,47.0,7433.0,175.0,32.0,50.0,39.0,7280.0,181.0,32.0,51.0,36.0,6844.0,332.0,,,,,,34.142857142857146,48.714285714285715,39.42857142857143,7109.571428571428,243.0,,,,,,-128.0,-203.57142857142858,,54.53395621951857,1,1,0
2023-01-25,20.0,22.0,41.0,7538.0,180.0,47.0,42.0,47.0,7433.0,175.0,32.0,51.0,37.0,6900.0,311.0,,,,,,32.42857142857143,44.57142857142857,40.0,7200.714285714285,224.28571428571428,32.57142857142857,48.214285714285715,37.714285714285715,6966.785714285715,298.7857142857143,-139.0,-184.28571428571428,-261.07142857142856,49.07380253493793,2,1,0
2023-01-26,21.0,28.0,34.0,7522.0,211.0,20.0,22.0,41.0,7538.0,180.0,32.0,50.0,38.0,6955.0,290.0,33.0,53.0,34.0,6566.0,436.0,30.857142857142858,41.42857142857143,39.42857142857143,7281.714285714285,213.0,31.714285714285715,46.42857142857143,37.714285714285715,7035.071428571428,282.7142857142857,-177.0,-173.57142857142858,-245.0,38.97373963263425,3,1,0
2023-01-27,22.0,34.0,26.0,7505.0,242.0,21.0,28.0,34.0,7522.0,211.0,32.0,50.0,38.0,7011.0,269.0,33.0,53.0,34.0,6622.0,415.0,29.428571428571427,39.142857142857146,37.714285714285715,7352.285714285715,209.14285714285714,30.928571428571427,45.07142857142857,37.142857142857146,7098.142857142857,270.35714285714283,-216.0,-171.42857142857142,-233.21428571428572,35.552107967775484,4,1,0
2023-01-28,22.0,39.0,18.0,7488.0,272.0,22.0,34.0,26.0,7505.0,242.0,32.0,49.0,38.0,7066.0,248.0,33.0,52.0,35.0,6677.0,394.0,28.0,37.714285714285715,34.857142857142854,7412.571428571428,212.57142857142858,30.142857142857142,44.142857142857146,35.92857142857143,7156.071428571428,261.64285714285717,-254.0,-177.71428571428572,-225.71428571428572,45.89376967779047,5,1,1
2023-01-29,23.0,45.0,11.0,7472.0,303.0,22.0,39.0,18.0,7488.0,272.0,32.0,49.0,39.0,7122.0,227.0,33.0,52.0,36.0,6733.0,373.0,26.714285714285715,37.142857142857146,30.857142857142858,7462.571428571428,223.42857142857142,29.428571428571427,43.642857142857146,34.142857142857146,7208.857142857143,256.64285714285717,-292.0,-192.57142857142858,-222.5,63.30839107853214,6,1,1
2023-01-30,34.0,54.0,29.0,7743.0,196.0,23.0,45.0,11.0,7472.0,303.0,32.0,50.0,39.0,7280.0,181.0,33.0,51.0,36.0,6788.0,352.0,27.0,37.714285714285715,29.428571428571427,7528.714285714285,225.57142857142858,29.5,43.857142857142854,33.642857142857146,7277.071428571428,245.5,-167.0,-196.14285714285714,-211.85714285714286,60.628454737107646,0,1,0
2023-01-31,26.0,36.0,36.0,7803.0,158.0,34.0,54.0,29.0,7743.0,196.0,47.0,42.0,47.0,7433.0,175.0,32.0,51.0,36.0,6844.0,332.0,24.0,36.857142857142854,27.857142857142858,7581.571428571428,223.14285714285714,29.071428571428573,42.785714285714285,33.642857142857146,7345.571428571428,233.07142857142858,-122.0,-195.28571428571428,-199.42857142857142,61.783801236554574,1,1,0
2023-02-01,25.0,32.0,27.0,7903.0,231.0,26.0,36.0,36.0,7803.0,158.0,20.0,22.0,41.0,7538.0,180.0,32.0,51.0,37.0,6900.0,311.0,24.714285714285715,38.285714285714285,25.857142857142858,7633.714285714285,230.42857142857142,28.571428571428573,41.42857142857143,32.92857142857143,7417.214285714285,227.35714285714286,-204.0,-204.57142857142858,-194.42857142857142,56.57990556978425,2,2,0
2023-02-02,15.0,13.0,23.0,7879.0,298.0,25.0,32.0,27.0,7903.0,231.0,21.0,28.0,34.0,7522.0,211.0,32.0,50.0,38.0,6955.0,290.0,23.857142857142858,36.142857142857146,24.285714285714285,7684.714285714285,242.85714285714286,27.357142857142858,38.785714285714285,31.857142857142858,7483.214285714285,227.92857142857142,-275.0,-218.57142857142858,-196.07142857142858,60.60213731890186,3,2,0
2023-02-03,15.0,15.0,20.0,7781.0,313.0,15.0,13.0,23.0,7879.0,298.0,22.0,34.0,26.0,7505.0,242.0,32.0,50.0,38.0,7011.0,269.0,22.857142857142858,33.42857142857143,23.428571428571427,7724.142857142857,253.0,26.142857142857142,36.285714285714285,30.571428571428573,7538.214285714285,231.07142857142858,-293.0,-229.57142857142858,-200.5,66.73544071645169,4,2,0
2023-02-04,16.0,16.0,18.0,7684.0,327.0,15.0,15.0,20.0,7781.0,313.0,22.0,39.0,18.0,7488.0,272.0,32.0,49.0,38.0,7066.0,248.0,22.0,30.142857142857142,23.428571428571427,7752.142857142857,260.85714285714283,25.0,33.92857142857143,29.142857142857142,7582.357142857143,236.71428571428572,-309.0,-237.42857142857142,-207.57142857142858,73.03163045981542,5,2,1
2023-02-05,16.0,18.0,15.0,7586.0,342.0,16.0,16.0,18.0,7684.0,327.0,23.0,45.0,11.0,7472.0,303.0,32.0,49.0,39.0,7122.0,227.0,21.0,26.285714285714285,24.0,7768.428571428572,266.42857142857144,23.857142857142858,31.714285714285715,27.428571428571427,7615.5,244.92857142857142,-327.0,-242.42857142857142,-217.5,78.39187275659197,6,2,1
2023-02-06,11.0,22.0,12.0,7720.0,196.0,16.0,18.0,15.0,7586.0,342.0,34.0,54.0,29.0,7743.0,196.0,32.0,50.0,39.0,7280.0,181.0,17.714285714285715,21.714285714285715,21.571428571428573,7765.142857142857,266.42857142857144,22.357142857142858,29.714285714285715,25.5,7646.928571428572,246.0,-184.0,-244.85714285714286,-220.5,75.88901670955323,0,2,0
2023-02-07,16.0,20.0,20.0,7855.0,200.0,11.0,22.0,12.0,7720.0,196.0,26.0,36.0,36.0,7803.0,158.0,47.0,42.0,47.0,7433.0,175.0,16.285714285714285,19.428571428571427,19.285714285714285,7772.571428571428,272.42857142857144,20.142857142857142,28.142857142857142,23.571428571428573,7677.071428571428,247.78571428571428,-180.0,-253.14285714285714,-224.21428571428572,62.16491124803593,1,2,0
2023-02-08,93.0,196.0,169.0,7915.0,317.0,16.0,20.0,20.0,7855.0,200.0,25.0,32.0,27.0,7903.0,231.0,20.0,22.0,41.0,7538.0,180.0,26.0,42.857142857142854,39.57142857142857,7774.285714285715,284.7142857142857,25.357142857142858,40.57142857142857,32.714285714285715,7704.0,257.57142857142856,-148.0,-245.14285714285714,-224.85714285714286,72.31742199366288,2,2,0
2023-02-09,124.0,234.0,161.0,7908.0,353.0,93.0,196.0,169.0,7915.0,317.0,15.0,13.0,23.0,7879.0,298.0,21.0,28.0,34.0,7522.0,211.0,41.57142857142857,74.42857142857143,59.285714285714285,7778.428571428572,292.57142857142856,32.714285714285715,55.285714285714285,41.785714285714285,7731.571428571428,267.7142857142857,-192.0,-233.28571428571428,-225.92857142857142,73.40234847676709,3,2,0
2023-02-10,113.0,224.0,165.0,7750.0,341.0,124.0,234.0,161.0,7908.0,353.0,15.0,15.0,20.0,7781.0,313.0,22.0,34.0,26.0,7505.0,242.0,55.57142857142857,104.28571428571429,80.0,7774.0,296.57142857142856,39.214285714285715,68.85714285714286,51.714285714285715,7749.071428571428,274.7857142857143,-176.0,-216.57142857142858,-223.07142857142858,70.8139749457622,4,2,0
2023-02-11,103.0,213.0,169.0,7592.0,329.0,113.0,224.0,165.0,7750.0,341.0,16.0,16.0,18.0,7684.0,327.0,22.0,39.0,18.0,7488.0,272.0,68.0,132.42857142857142,101.57142857142857,7760.857142857143,296.85714285714283,45.0,81.28571428571429,62.5,7756.5,278.85714285714283,-160.0,-195.28571428571428,-216.35714285714286,59.963083881430016,5,2,1
2023-02-12,92.0,203.0,173.0,7434.0,317.0,103.0,213.0,169.0,7592.0,329.0,16.0,18.0,15.0,7586.0,342.0,23.0,45.0,11.0,7472.0,303.0,78.85714285714286,158.85714285714286,124.14285714285714,7739.142857142857,293.2857142857143,49.92857142857143,92.57142857142857,74.07142857142857,7753.785714285715,279.85714285714283,-144.0,-169.14285714285714,-205.78571428571428,18.57802080800954,6,2,1
2023-02-13,186.0,259.0,172.0,7483.0,244.0,92.0,203.0,173.0,7434.0,317.0,11.0,22.0,12.0,7720.0,196.0,34.0,54.0,29.0,7743.0,196.0,103.85714285714286,192.71428571428572,147.0,7705.285714285715,300.14285714285717,60.785714285714285,107.21428571428571,84.28571428571429,7735.214285714285,283.2857142857143,-72.0,-153.14285714285714,-199.0,39.78034930058013,0,2,0
2023-02-14,154.0,225.0,220.0,7794.0,223.0,186.0,259.0,172.0,7483.0,244.0,16.0,20.0,20.0,7855.0,200.0,26.0,36.0,36.0,7803.0,158.0,123.57142857142857,222.0,175.57142857142858,7696.571428571428,303.42857142857144,69.92857142857143,120.71428571428571,97.42857142857143,7734.571428571428,287.92857142857144,-3.0,-127.85714285714286,-190.5,66.88405034442935,1,2,0
2023-02-15,91.0,199.0,172.0,7869.0,290.0,154.0,225.0,220.0,7794.0,223.0,93.0,196.0,169.0,7915.0,317.0,25.0,32.0,27.0,7903.0,231.0,123.28571428571429,222.42857142857142,176.0,7690.0,299.57142857142856,74.64285714285714,132.64285714285714,107.78571428571429,7732.142857142857,292.14285714285717,-118.0,-123.57142857142857,-184.35714285714286,66.33716188999207,2,2,0
2023-02-16,81.0,213.0,153.0,7793.0,361.0,91.0,199.0,172.0,7869.0,290.0,124.0,234.0,161.0,7908.0,353.0,15.0,13.0,23.0,7879.0,298.0,117.14285714285714,219.42857142857142,174.85714285714286,7673.571428571428,300.7142857142857,79.35714285714286,146.92857142857142,117.07142857142857,7726.0,296.64285714285717,-208.0,-125.85714285714286,-179.57142857142858,69.29749531651795,3,2,0
2023-02-17,113.0,231.0,161.0,7799.0,323.0,81.0,213.0,153.0,7793.0,361.0,113.0,224.0,165.0,7750.0,341.0,15.0,15.0,20.0,7781.0,313.0,117.14285714285714,220.42857142857142,174.28571428571428,7680.571428571428,298.14285714285717,86.35714285714286,162.35714285714286,127.14285714285714,7727.285714285715,297.35714285714283,-162.0,-123.85714285714286,-170.21428571428572,67.79485863354851,4,2,0
2023-02-18,145.0,249.0,168.0,7805.0,285.0,113.0,231.0,161.0,7799.0,323.0,103.0,213.0,169.0,7592.0,329.0,16.0,16.0,18.0,7684.0,327.0,123.14285714285714,225.57142857142858,174.14285714285714,7711.0,291.85714285714283,95.57142857142857,179.0,137.85714285714286,7735.928571428572,294.35714285714283,-117.0,-117.71428571428571,-156.5,65.89566067077607,5,2,1
2023-02-19,177.0,267.0,176.0,7811.0,247.0,145.0,249.0,168.0,7805.0,285.0,92.0,203.0,173.0,7434.0,317.0,16.0,18.0,15.0,7586.0,342.0,135.28571428571428,234.71428571428572,174.57142857142858,7764.857142857143,281.85714285714283,107.07142857142857,196.78571428571428,149.35714285714286,7752.0,287.57142857142856,-71.0,-107.28571428571429,-138.21428571428572,66.81245963070607,6,2,1
2023-02-20,209.0,285.0,184.0,7817.0,209.0,177.0,267.0,176.0,7811.0,247.0,186.0,259.0,172.0,7483.0,244.0,11.0,22.0,12.0,7720.0,196.0,138.57142857142858,238.42857142857142,176.28571428571428,7812.571428571428,276.85714285714283,121.21428571428571,215.57142857142858,161.64285714285714,7758.928571428572,288.5,-25.0,-100.57142857142857,-126.85714285714286,73.02250142446285,0,2,0
2023-02-21,184.0,314.0,217.0,7967.0,213.0,209.0,285.0,184.0,7817.0,209.0,154.0,225.0,220.0,7794.0,223.0,16.0,20.0,20.0,7855.0,200.0,142.85714285714286,251.14285714285714,175.85714285714286,7837.285714285715,275.42857142857144,133.21428571428572,236.57142857142858,175.71428571428572,7766.928571428572,289.42857142857144,4.0,-99.57142857142857,-113.71428571428571,74.61201231003186,1,2,0
2023-02-22,107.0,215.0,230.0,7978.0,232.0,184.0,314.0,217.0,7967.0,213.0,91.0,199.0,172.0,7869.0,290.0,93.0,196.0,169.0,7915.0,317.0,145.14285714285714,253.42857142857142,184.14285714285714,7852.857142857143,267.14285714285717,134.21428571428572,237.92857142857142,180.07142857142858,7771.428571428572,283.35714285714283,-2.0,-83.0,-103.28571428571429,82.32051182218578,2,2,0
2023-02-23,101.0,162.0,178.0,7914.0,386.0,107.0,215.0,230.0,7978.0,232.0,81.0,213.0,153.0,7793.0,361.0,124.0,234.0,161.0,7908.0,353.0,148.0,246.14285714285714,187.71428571428572,7870.142857142857,270.7142857142857,132.57142857142858,232.78571428571428,181.28571428571428,7771.857142857143,285.7142857142857,-208.0,-83.0,-104.42857142857143,82.32051182218578,3,2,0
2023-02-24,100.0,171.0,177.0,7812.0,365.0,101.0,162.0,178.0,7914.0,386.0,113.0,231.0,161.0,7799.0,323.0,113.0,224.0,165.0,7750.0,341.0,146.14285714285714,237.57142857142858,190.0,7872.0,276.7142857142857,131.64285714285714,229.0,182.14285714285714,7776.285714285715,287.42857142857144,-188.0,-86.71428571428571,-105.28571428571429,86.93621087846377,4,2,0
2023-02-25,100.0,181.0,177.0,7711.0,344.0,100.0,171.0,177.0,7812.0,365.0,145.0,249.0,168.0,7805.0,285.0,103.0,213.0,169.0,7592.0,329.0,139.71428571428572,227.85714285714286,191.28571428571428,7858.571428571428,285.14285714285717,131.42857142857142,226.71428571428572,182.71428571428572,7784.785714285715,288.5,-167.0,-93.85714285714286,-105.78571428571429,91.75952007181318,5,2,1
2023-02-26,99.0,190.0,176.0,7609.0,323.0,100.0,181.0,177.0,7711.0,344.0,177.0,267.0,176.0,7811.0,247.0,92.0,203.0,173.0,7434.0,317.0,128.57142857142858,216.85714285714286,191.28571428571428,7829.714285714285,296.0,131.92857142857142,225.78571428571428,182.92857142857142,7797.285714285715,288.92857142857144,-147.0,-104.71428571428571,-106.0,93.09084145019169,6,2,1
2023-02-27,167.0,239.0,166.0,7800.0,248.0,99.0,190.0,176.0,7609.0,323.0,209.0,285.0,184.0,7817.0,209.0,186.0,259.0,172.0,7483.0,244.0,122.57142857142857,210.28571428571428,188.71428571428572,7827.285714285715,301.57142857142856,130.57142857142858,224.35714285714286,182.5,7819.928571428572,289.2142857142857,-82.0,-112.85714285714286,-106.71428571428571,87.26669576921174,0,2,0
2023-02-28,115.0,216.0,169.0,7896.0,200.0,167.0,239.0,166.0,7800.0,248.0,184.0,314.0,217.0,7967.0,213.0,154.0,225.0,220.0,7794.0,223.0,112.71428571428571,196.28571428571428,181.85714285714286,7817.142857142857,299.7142857142857,127.78571428571429,223.71428571428572,178.85714285714286,7827.214285714285,287.57142857142856,-31.0,-117.85714285714286,-108.71428571428571,80.16946337068015,1,2,0
2023-03-01,84.0,158.0,193.0,7930.0,307.0,115.0,216.0,169.0,7896.0,200.0,107.0,215.0,230.0,7978.0,232.0,91.0,199.0,172.0,7869.0,290.0,109.42857142857143,188.14285714285714,176.57142857142858,7810.285714285715,310.42857142857144,127.28571428571429,220.78571428571428,180.35714285714286,7831.571428571428,288.7857142857143,-114.0,-133.85714285714286,-108.42857142857143,62.40039682413484,2,3,0
2023-03-02,130.0,227.0,192.0,7870.0,335.0,84.0,158.0,193.0,7930.0,307.0,101.0,162.0,178.0,7914.0,386.0,81.0,213.0,153.0,7793.0,361.0,113.57142857142857,197.42857142857142,178.57142857142858,7804.0,303.14285714285717,130.78571428571428,221.78571428571428,183.14285714285714,7837.071428571428,286.92857142857144,-143.0,-124.57142857142857,-103.78571428571429,53.76757741383139,3,3,0
2023-03-03,122.0,224.0,186.0,7868.0,320.0,130.0,227.0,192.0,7870.0,335.0,100.0,171.0,177.0,7812.0,365.0,113.0,231.0,161.0,7799.0,323.0,116.71428571428571,205.0,179.85714285714286,7812.0,296.7142857142857,131.42857142857142,221.28571428571428,184.92857142857142,7842.0,286.7142857142857,-134.0,-116.85714285714286,-101.78571428571429,46.53825871054365,4,3,0
2023-03-04,113.0,222.0,179.0,7866.0,305.0,122.0,224.0,186.0,7868.0,320.0,100.0,181.0,177.0,7711.0,344.0,145.0,249.0,168.0,7805.0,285.0,118.57142857142857,210.85714285714286,180.14285714285714,7834.142857142857,291.14285714285717,129.14285714285714,219.35714285714286,185.71428571428572,7846.357142857143,288.14285714285717,-126.0,-111.0,-102.42857142857143,41.48091930835951,5,3,1
2023-03-05,105.0,219.0,173.0,7863.0,289.0,113.0,222.0,179.0,7866.0,305.0,99.0,190.0,176.0,7609.0,323.0,177.0,267.0,176.0,7811.0,247.0,119.42857142857143,215.0,179.71428571428572,7870.428571428572,286.2857142857143,124.0,215.92857142857142,185.5,7850.071428571428,291.14285714285717,-116.0,-106.57142857142857,-105.64285714285714,38.5480528814666,6,3,1
2023-03-06,96.0,217.0,166.0,7861.0,274.0,105.0,219.0,173.0,7863.0,289.0,167.0,239.0,166.0,7800.0,248.0,209.0,285.0,184.0,7817.0,209.0,109.28571428571429,211.85714285714286,179.71428571428572,7879.142857142857,290.0,115.92857142857143,211.07142857142858,184.21428571428572,7853.214285714285,295.7857142857143,-108.0,-110.28571428571429,-111.57142857142857,37.007721202086934,0,3,0
2023-03-07,88.0,214.0,160.0,7859.0,259.0,96.0,217.0,166.0,7861.0,274.0,115.0,216.0,169.0,7896.0,200.0,184.0,314.0,217.0,7967.0,213.0,105.42857142857143,211.57142857142858,178.42857142857142,7873.857142857143,298.42857142857144,109.07142857142857,203.92857142857142,180.14285714285714,7845.5,299.07142857142856,-99.0,-120.0,-118.92857142857143,15.26433752247272,1,3,0
2023-03-08,113.0,208.0,159.0,7885.0,291.0,88.0,214.0,160.0,7859.0,259.0,84.0,158.0,193.0,7930.0,307.0,107.0,215.0,230.0,7978.0,232.0,109.57142857142857,218.71428571428572,173.57142857142858,7867.428571428572,296.14285714285717,109.5,203.42857142857142,175.07142857142858,7838.857142857143,303.2857142857143,-132.0,-122.57142857142857,-128.21428571428572,15.597618865893718,2,3,0
2023-03-09,174.0,285.0,150.0,7786.0,340.0,113.0,208.0,159.0,7885.0,291.0,130.0,227.0,192.0,7870.0,335.0,101.0,162.0,178.0,7914.0,386.0,115.85714285714286,227.0,167.57142857142858,7855.428571428572,296.85714285714283,114.71428571428571,212.21428571428572,173.07142857142858,7829.714285714285,300.0,-190.0,-129.28571428571428,-126.92857142857143,29.6463279666257,3,3,0
2023-03-10,156.0,271.0,164.0,7731.0,317.0,174.0,285.0,150.0,7786.0,340.0,122.0,224.0,186.0,7868.0,320.0,100.0,171.0,177.0,7812.0,365.0,120.71428571428571,233.71428571428572,164.42857142857142,7835.857142857143,296.42857142857144,118.71428571428571,219.35714285714286,172.14285714285714,7823.928571428572,296.57142857142856,-153.0,-132.0,-124.42857142857143,30.98924544633679,4,3,0
2023-03-11,139.0,258.0,178.0,7676.0,294.0,156.0,271.0,164.0,7731.0,317.0,113.0,222.0,179.0,7866.0,305.0,100.0,181.0,177.0,7711.0,344.0,124.42857142857143,238.85714285714286,164.28571428571428,7808.714285714285,294.85714285714283,121.5,224.85714285714286,172.21428571428572,7821.428571428572,293.0,-116.0,-130.57142857142858,-120.78571428571429,31.537581511888625,5,3,1
2023-03-12,122.0,244.0,192.0,7622.0,272.0,139.0,258.0,178.0,7676.0,294.0,105.0,219.0,173.0,7863.0,289.0,99.0,190.0,176.0,7609.0,323.0,126.85714285714286,242.42857142857142,167.0,7774.285714285715,292.42857142857144,123.14285714285714,228.71428571428572,173.35714285714286,7822.357142857143,289.35714285714283,-80.0,-125.42857142857143,-116.0,36.805149743195145,6,3,1
2023-03-13,104.0,230.0,206.0,7567.0,249.0,122.0,244.0,192.0,7622.0,272.0,96.0,217.0,166.0,7861.0,274.0,167.0,239.0,166.0,7800.0,248.0,128.0,244.28571428571428,172.71428571428572,7732.285714285715,288.85714285714283,118.64285714285714,228.07142857142858,176.21428571428572,7805.714285714285,289.42857142857144,-43.0,-116.14285714285714,-113.21428571428571,48.33021336399718,0,3,0
2023-03-14,147.0,276.0,214.0,7810.0,181.0,104.0,230.0,206.0,7567.0,249.0,88.0,214.0,160.0,7859.0,259.0,115.0,216.0,169.0,7896.0,200.0,136.42857142857142,253.14285714285714,180.42857142857142,7725.285714285715,277.7142857142857,120.92857142857143,232.35714285714286,179.42857142857142,7799.571428571428,288.07142857142856,33.0,-97.28571428571429,-108.64285714285714,74.6942976085729,1,3,0
2023-03-15,108.0,220.0,213.0,7915.0,286.0,147.0,276.0,214.0,7810.0,181.0,113.0,208.0,159.0,7885.0,291.0,84.0,158.0,193.0,7930.0,307.0,135.71428571428572,254.85714285714286,188.14285714285714,7729.571428571428,277.0,122.64285714285714,236.78571428571428,180.85714285714286,7798.5,286.57142857142856,-73.0,-88.85714285714286,-105.71428571428571,73.44255934953168,2,3,0
2023-03-16,180.0,280.0,146.0,7989.0,308.0,108.0,220.0,213.0,7915.0,286.0,174.0,285.0,150.0,7786.0,340.0,130.0,227.0,192.0,7870.0,335.0,136.57142857142858,254.14285714285714,187.57142857142858,7758.571428571428,272.42857142857144,126.21428571428571,240.57142857142858,177.57142857142858,7807.0,284.64285714285717,-162.0,-84.85714285714286,-107.07142857142857,67.54116910306989,3,3,0
2023-03-17,165.0,285.0,159.0,7954.0,307.0,180.0,280.0,146.0,7989.0,308.0,156.0,271.0,164.0,7731.0,317.0,122.0,224.0,186.0,7868.0,320.0,137.85714285714286,256.14285714285717,186.85714285714286,7790.428571428572,271.0,129.28571428571428,244.92857142857142,175.64285714285714,7813.142857142857,283.7142857142857,-148.0,-84.14285714285714,-108.07142857142857,66.72188189649242,4,3,0
2023-03-18,149.0,289.0,173.0,7920.0,307.0,165.0,285.0,159.0,7954.0,307.0,139.0,258.0,178.0,7676.0,294.0,113.0,222.0,179.0,7866.0,305.0,139.28571428571428,260.57142857142856,186.14285714285714,7825.285714285715,272.85714285714283,131.85714285714286,249.71428571428572,175.21428571428572,7817.0,283.85714285714283,-134.0,-86.71428571428571,-108.64285714285714,68.47801176463912,5,3,1
2023-03-19,134.0,294.0,186.0,7885.0,306.0,149.0,289.0,173.0,7920.0,307.0,122.0,244.0,192.0,7622.0,272.0,105.0,219.0,173.0,7863.0,289.0,141.0,267.7142857142857,185.28571428571428,7862.857142857143,277.7142857142857,133.92857142857142,255.07142857142858,176.14285714285714,7818.571428571428,285.07142857142856,-120.0,-92.42857142857143,-108.92857142857143,69.48586701111007,6,3,1
2023-03-20,202.0,313.0,158.0,7931.0,279.0,134.0,294.0,186.0,7885.0,306.0,104.0,230.0,206.0,7567.0,249.0,96.0,217.0,166.0,7861.0,274.0,155.0,279.57142857142856,178.42857142857142,7914.857142857143,282.0,141.5,261.92857142857144,175.57142857142858,7823.571428571428,285.42857142857144,-121.0,-103.57142857142857,-109.85714285714286,66.4250383084999,0,3,0
2023-03-21,110.0,272.0,193.0,8050.0,221.0,202.0,313.0,158.0,7931.0,279.0,147.0,276.0,214.0,7810.0,181.0,88.0,214.0,160.0,7859.0,259.0,149.71428571428572,279.0,175.42857142857142,7949.142857142857,287.7142857142857,143.07142857142858,266.07142857142856,177.92857142857142,7837.214285714285,282.7142857142857,-28.0,-112.28571428571429,-104.78571428571429,46.55002429542576,1,3,0
2023-03-22,166.0,277.0,229.0,8097.0,246.0,110.0,272.0,193.0,8050.0,221.0,108.0,220.0,213.0,7915.0,286.0,113.0,208.0,159.0,7885.0,291.0,158.0,287.14285714285717,177.71428571428572,7975.142857142857,282.0,146.85714285714286,271.0,182.92857142857142,7852.357142857143,279.5,-17.0,-104.28571428571429,-96.57142857142857,57.86396197321835,2,3,0
2023-03-23,136.0,276.0,178.0,8102.0,331.0,166.0,277.0,229.0,8097.0,246.0,180.0,280.0,146.0,7989.0,308.0,174.0,285.0,150.0,7786.0,340.0,151.71428571428572,286.57142857142856,182.28571428571428,7991.285714285715,285.2857142857143,144.14285714285714,270.35714285714283,184.92857142857142,7874.928571428572,278.85714285714283,-153.0,-103.0,-93.92857142857143,56.45056834671047,3,3,0
2023-03-24,120.0,266.0,176.0,8017.0,338.0,136.0,276.0,178.0,8102.0,331.0,165.0,285.0,159.0,7954.0,307.0,156.0,271.0,164.0,7731.0,317.0,145.28571428571428,283.85714285714283,184.71428571428572,8000.285714285715,289.7142857142857,141.57142857142858,270.0,185.78571428571428,7895.357142857143,280.35714285714283,-162.0,-105.0,-94.57142857142857,58.52065162544442,4,3,0
2023-03-25,103.0,256.0,175.0,7932.0,345.0,120.0,266.0,176.0,8017.0,338.0,149.0,289.0,173.0,7920.0,307.0,139.0,258.0,178.0,7676.0,294.0,138.71428571428572,279.14285714285717,185.0,8002.0,295.14285714285717,139.0,269.85714285714283,185.57142857142858,7913.642857142857,284.0,-170.0,-110.14285714285714,-98.42857142857143,62.911124006883625,5,3,1
2023-03-26,87.0,246.0,173.0,7847.0,352.0,103.0,256.0,175.0,7932.0,345.0,134.0,294.0,186.0,7885.0,306.0,122.0,244.0,192.0,7622.0,272.0,132.0,272.2857142857143,183.14285714285714,7996.571428571428,301.7142857142857,136.5,270.0,184.21428571428572,7929.714285714285,289.7142857142857,-179.0,-118.57142857142857,-105.5,68.1832265366809,6,3,1
2023-03-27,84.0,171.0,157.0,7994.0,235.0,87.0,246.0,173.0,7847.0,352.0,202.0,313.0,158.0,7931.0,279.0,104.0,230.0,206.0,7567.0,249.0,115.14285714285714,252.0,183.0,8005.571428571428,295.42857142857144,135.07142857142858,265.7857142857143,180.71428571428572,7960.214285714285,288.7142857142857,-78.0,-112.42857142857143,-108.0,69.84472574422266,0,3,0
2023-03-28,167.0,209.0,157.0,8079.0,223.0,84.0,171.0,157.0,7994.0,235.0,110.0,272.0,193.0,8050.0,221.0,147.0,276.0,214.0,7810.0,181.0,123.28571428571429,243.0,177.85714285714286,8009.714285714285,295.7142857142857,136.5,261.0,176.64285714285714,7979.428571428572,291.7142857142857,-66.0,-117.85714285714286,-115.07142857142857,63.365154912955305,1,3,0
2023-03-29,109.0,245.0,159.0,8208.0,267.0,167.0,209.0,157.0,8079.0,223.0,166.0,277.0,229.0,8097.0,246.0,108.0,220.0,213.0,7915.0,286.0,115.14285714285714,238.42857142857142,167.85714285714286,8025.571428571428,298.7142857142857,136.57142857142858,262.7857142857143,172.78571428571428,8000.357142857143,290.35714285714283,-108.0,-130.85714285714286,-117.57142857142857,46.247265041399956,2,3,0
2023-03-30,156.0,256.0,176.0,8158.0,359.0,109.0,245.0,159.0,8208.0,267.0,136.0,276.0,178.0,8102.0,331.0,180.0,280.0,146.0,7989.0,308.0,118.0,235.57142857142858,167.57142857142858,8033.571428571428,302.7142857142857,134.85714285714286,261.07142857142856,174.92857142857142,8012.428571428572,294.0,-183.0,-135.14285714285714,-119.07142857142857,49.88796973028162,3,3,0
2023-03-31,146.0,248.0,181.0,8099.0,341.0,156.0,256.0,176.0,8158.0,359.0,120.0,266.0,176.0,8017.0,338.0,165.0,285.0,159.0,7954.0,307.0,121.71428571428571,233.0,168.28571428571428,8045.285714285715,303.14285714285717,133.5,258.42857142857144,176.5,8022.785714285715,296.42857142857144,-160.0,-134.85714285714286,-119.92857142857143,49.713943622249104,4,3,0
2023-04-01,135.0,240.0,187.0,8040.0,322.0,146.0,248.0,181.0,8099.0,341.0,103.0,256.0,175.0,7932.0,345.0,149.0,289.0,173.0,7920.0,307.0,126.28571428571429,230.71428571428572,170.0,8060.714285714285,299.85714285714283,132.5,254.92857142857142,177.5,8031.357142857143,297.5,-135.0,-129.85714285714286,-120.0,47.291396579887135,5,4,1
2023-04-02,125.0,232.0,192.0,7981.0,304.0,135.0,240.0,187.0,8040.0,322.0,87.0,246.0,173.0,7847.0,352.0,134.0,294.0,186.0,7885.0,306.0,131.71428571428572,228.71428571428572,172.71428571428572,8079.857142857143,293.0,131.85714285714286,250.5,177.92857142857142,8038.214285714285,297.35714285714283,-112.0,-120.28571428571429,-119.42857142857143,42.192867824290666,6,4,1
2023-04-03,118.0,139.0,168.0,8054.0,284.0,125.0,232.0,192.0,7981.0,304.0,84.0,171.0,157.0,7994.0,235.0,202.0,313.0,158.0,7931.0,279.0,136.57142857142858,224.14285714285714,174.28571428571428,8088.428571428572,300.0,125.85714285714286,238.07142857142858,178.64285714285714,8047.0,297.7142857142857,-116.0,-125.71428571428571,-119.07142857142857,38.090743782508774,0,4,0
2023-04-04,142.0,235.0,139.0,8068.0,259.0,118.0,139.0,168.0,8054.0,284.0,167.0,209.0,157.0,8079.0,223.0,110.0,272.0,193.0,8050.0,221.0,133.0,227.85714285714286,171.71428571428572,8086.857142857143,305.14285714285717,128.14285714285714,235.42857142857142,174.78571428571428,8048.285714285715,300.42857142857144,-120.0,-133.42857142857142,-125.64285714285714,28.153490860264895,1,4,0
2023-04-05,148.0,245.0,175.0,8175.0,260.0,142.0,235.0,139.0,8068.0,259.0,109.0,245.0,159.0,8208.0,267.0,166.0,277.0,229.0,8097.0,246.0,138.57142857142858,227.85714285714286,174.0,8082.142857142857,304.14285714285717,126.85714285714286,233.14285714285714,170.92857142857142,8053.857142857143,301.42857142857144,-85.0,-130.14285714285714,-130.5,32.60587151331532,2,4,0
2023-04-06,119.0,219.0,210.0,8178.0,284.0,148.0,245.0,175.0,8175.0,260.0,156.0,256.0,176.0,8158.0,359.0,136.0,276.0,178.0,8102.0,331.0,133.28571428571428,222.57142857142858,178.85714285714286,8085.0,293.42857142857144,125.64285714285714,229.07142857142858,173.21428571428572,8059.285714285715,298.07142857142856,-74.0,-114.57142857142857,-124.85714285714286,28.981931974117032,3,4,0
2023-04-07,114.0,216.0,190.0,8085.0,299.0,119.0,219.0,210.0,8178.0,284.0,146.0,248.0,181.0,8099.0,341.0,120.0,266.0,176.0,8017.0,338.0,128.71428571428572,218.0,180.14285714285714,8083.0,287.42857142857144,125.21428571428571,225.5,174.21428571428572,8064.142857142857,295.2857142857143,-109.0,-107.28571428571429,-121.07142857142857,20.958007902423823,4,4,0
2023-04-08,110.0,213.0,169.0,7993.0,314.0,114.0,216.0,190.0,8085.0,299.0,135.0,240.0,187.0,8040.0,322.0,103.0,256.0,175.0,7932.0,345.0,125.14285714285714,214.14285714285714,177.57142857142858,8076.285714285715,286.2857142857143,125.71428571428571,222.42857142857142,173.78571428571428,8068.5,293.07142857142856,-145.0,-108.71428571428571,-119.28571428571429,23.36460489511275,5,4,1
2023-04-09,105.0,210.0,149.0,7900.0,329.0,110.0,213.0,169.0,7993.0,314.0,125.0,232.0,192.0,7981.0,304.0,87.0,246.0,173.0,7847.0,352.0,122.28571428571429,211.0,171.42857142857142,8064.714285714285,289.85714285714283,127.0,219.85714285714286,172.07142857142858,8072.285714285715,291.42857142857144,-180.0,-118.42857142857143,-119.35714285714286,35.790395093549165,6,4,1
2023-04-10,143.0,203.0,163.0,7826.0,265.0,105.0,210.0,149.0,7900.0,329.0,118.0,139.0,168.0,8054.0,284.0,84.0,171.0,157.0,7994.0,235.0,125.85714285714286,220.14285714285714,170.71428571428572,8032.142857142857,287.14285714285717,131.21428571428572,222.14285714285714,172.5,8060.285714285715,293.57142857142856,-102.0,-116.42857142857143,-121.07142857142857,36.33573604986805,0,4,0
2023-04-11,119.0,209.0,152.0,7922.0,187.0,143.0,203.0,163.0,7826.0,265.0,142.0,235.0,139.0,8068.0,259.0,167.0,209.0,157.0,8079.0,223.0,122.57142857142857,216.42857142857142,172.57142857142858,8011.285714285715,276.85714285714283,127.78571428571429,222.14285714285714,172.14285714285714,8049.071428571428,291.0,-35.0,-104.28571428571429,-118.85714285714286,47.4472137773975,1,4,0
2023-04-12,155.0,212.0,181.0,7876.0,283.0,119.0,209.0,152.0,7922.0,187.0,148.0,245.0,175.0,8175.0,260.0,109.0,245.0,159.0,8208.0,267.0,123.57142857142857,211.71428571428572,173.42857142857142,7968.571428571428,280.14285714285717,131.07142857142858,219.78571428571428,173.71428571428572,8025.357142857143,292.14285714285717,-102.0,-106.71428571428571,-118.42857142857143,46.72513344269933,2,4,0
2023-04-13,109.0,214.0,173.0,7795.0,370.0,155.0,212.0,181.0,7876.0,283.0,119.0,219.0,210.0,8178.0,284.0,156.0,256.0,176.0,8158.0,359.0,122.14285714285714,211.0,168.14285714285714,7913.857142857143,292.42857142857144,127.71428571428571,216.78571428571428,173.5,7999.428571428572,292.92857142857144,-197.0,-124.28571428571429,-119.42857142857143,54.801807408497616,3,4,0
2023-04-14,136.0,237.0,179.0,7657.0,337.0,109.0,214.0,173.0,7795.0,370.0,114.0,216.0,190.0,8085.0,299.0,146.0,248.0,181.0,8099.0,341.0,125.28571428571429,214.0,166.57142857142858,7852.714285714285,297.85714285714283,127.0,216.0,173.35714285714286,7967.857142857143,292.64285714285717,-158.0,-131.28571428571428,-119.28571428571429,55.646845630021105,4,4,0
2023-04-15,164.0,260.0,186.0,7518.0,305.0,136.0,237.0,179.0,7657.0,337.0,110.0,213.0,169.0,7993.0,314.0,135.0,240.0,187.0,8040.0,322.0,133.0,220.71428571428572,169.0,7784.857142857143,296.57142857142856,129.07142857142858,217.42857142857142,173.28571428571428,7930.571428571428,291.42857142857144,-119.0,-127.57142857142857,-118.14285714285714,55.44624166060026,5,4,1
2023-04-16,191.0,283.0,192.0,7380.0,272.0,164.0,260.0,186.0,7518.0,305.0,105.0,210.0,149.0,7900.0,329.0,125.0,232.0,192.0,7981.0,304.0,145.28571428571428,231.14285714285714,175.14285714285714,7710.571428571428,288.42857142857144,133.78571428571428,221.07142857142858,173.28571428571428,7887.642857142857,289.14285714285717,-80.0,-113.28571428571429,-115.85714285714286,52.490361927101056,6,4,1
2023-04-17,170.0,297.0,196.0,7344.0,248.0,191.0,283.0,192.0,7380.0,272.0,143.0,203.0,163.0,7826.0,265.0,118.0,139.0,168.0,8054.0,284.0,149.14285714285714,244.57142857142858,179.85714285714286,7641.714285714285,286.0,137.5,232.35714285714286,175.28571428571428,7836.928571428572,286.57142857142856,-52.0,-106.14285714285714,-111.28571428571429,57.449771021964516,0,4,0
2023-04-18,152.0,272.0,214.0,7376.0,234.0,170.0,297.0,196.0,7344.0,248.0,119.0,209.0,152.0,7922.0,187.0,142.0,235.0,139.0,8068.0,259.0,153.85714285714286,253.57142857142858,188.71428571428572,7563.714285714285,292.7142857142857,138.21428571428572,235.0,180.64285714285714,7787.5,284.7857142857143,-20.0,-104.0,-104.14285714285714,60.73165017792037,1,4,0
2023-04-19,239.0,367.0,224.0,7356.0,229.0,152.0,272.0,214.0,7376.0,234.0,155.0,212.0,181.0,7876.0,283.0,148.0,245.0,175.0,8175.0,260.0,165.85714285714286,275.7142857142857,194.85714285714286,7489.428571428572,285.0,144.71428571428572,243.71428571428572,184.14285714285714,7729.0,282.57142857142856,-5.0,-90.14285714285714,-98.42857142857143,71.39427748176192,2,4,0
2023-04-20,113.0,280.0,237.0,7490.0,320.0,239.0,367.0,224.0,7356.0,229.0,109.0,214.0,173.0,7795.0,370.0,119.0,219.0,210.0,8178.0,284.0,166.42857142857142,285.14285714285717,204.0,7445.857142857143,277.85714285714283,144.28571428571428,248.07142857142858,186.07142857142858,7679.857142857143,285.14285714285717,-83.0,-73.85714285714286,-99.07142857142857,53.787943418045025,3,4,0
2023-04-21,141.0,289.0,220.0,7505.0,302.0,113.0,280.0,237.0,7490.0,320.0,136.0,237.0,179.0,7657.0,337.0,114.0,216.0,190.0,8085.0,299.0,167.14285714285714,292.57142857142856,209.85714285714286,7424.142857142857,272.85714285714283,146.21428571428572,253.28571428571428,188.21428571428572,7638.428571428572,285.35714285714283,-82.0,-63.0,-97.14285714285714,39.83298465677183,4,4,0
2023-04-22,168.0,297.0,204.0,7519.0,284.0,141.0,289.0,220.0,7505.0,302.0,164.0,260.0,186.0,7518.0,305.0,110.0,213.0,169.0,7993.0,314.0,167.71428571428572,297.85714285714283,212.42857142857142,7424.285714285715,269.85714285714283,150.35714285714286,259.2857142857143,190.71428571428572,7604.571428571428,283.2142857142857,-80.0,-57.42857142857143,-92.5,32.80171307953798,5,4,1
2023-04-23,196.0,306.0,187.0,7534.0,266.0,168.0,297.0,204.0,7519.0,284.0,191.0,283.0,192.0,7380.0,272.0,105.0,210.0,149.0,7900.0,329.0,168.42857142857142,301.14285714285717,211.71428571428572,7446.285714285715,269.0,156.85714285714286,266.14285714285717,193.42857142857142,7578.428571428572,278.7142857142857,-79.0,-57.285714285714285,-85.28571428571429,32.689010822773156,6,4,1
2023-04-24,236.0,330.0,222.0,7796.0,213.0,196.0,306.0,187.0,7534.0,266.0,170.0,297.0,196.0,7344.0,248.0,143.0,203.0,163.0,7826.0,265.0,177.85714285714286,305.85714285714283,215.42857142857142,7510.857142857143,264.0,163.5,275.2142857142857,197.64285714285714,7576.285714285715,275.0,9.0,-48.57142857142857,-77.35714285714286,41.32334748806052,0,4,0
2023-04-25,81.0,230.0,242.0,8017.0,202.0,236.0,330.0,222.0,7796.0,213.0,152.0,272.0,214.0,7376.0,234.0,119.0,209.0,152.0,7922.0,187.0,167.71428571428572,299.85714285714283,219.42857142857142,7602.428571428572,259.42857142857144,160.78571428571428,276.7142857142857,204.07142857142858,7583.071428571428,276.07142857142856,40.0,-40.0,-72.0,52.851994601275756,1,4,0
2023-04-26,118.0,245.0,160.0,8117.0,256.0,81.0,230.0,242.0,8017.0,202.0,239.0,367.0,224.0,7356.0,229.0,155.0,212.0,181.0,7876.0,283.0,150.42857142857142,282.42857142857144,210.28571428571428,7711.142857142857,263.2857142857143,158.14285714285714,279.07142857142856,202.57142857142858,7600.285714285715,274.14285714285717,-96.0,-53.0,-71.57142857142857,53.98765290940715,2,4,0
2023-04-27,218.0,283.0,208.0,8159.0,310.0,118.0,245.0,160.0,8117.0,256.0,113.0,280.0,237.0,7490.0,320.0,109.0,214.0,173.0,7795.0,370.0,165.42857142857142,282.85714285714283,206.14285714285714,7806.714285714285,261.85714285714283,165.92857142857142,284.0,205.07142857142858,7626.285714285715,269.85714285714283,-102.0,-55.714285714285715,-64.78571428571429,56.180406684519895,3,4,0
2023-04-28,189.0,270.0,200.0,8223.0,304.0,218.0,283.0,208.0,8159.0,310.0,141.0,289.0,220.0,7505.0,302.0,136.0,237.0,179.0,7657.0,337.0,172.28571428571428,280.14285714285717,203.28571428571428,7909.285714285715,262.14285714285717,169.71428571428572,286.35714285714283,206.57142857142858,7666.714285714285,267.5,-104.0,-58.857142857142854,-60.92857142857143,58.464885676299836,4,4,0
2023-04-29,161.0,256.0,191.0,8288.0,299.0,189.0,270.0,200.0,8223.0,304.0,168.0,297.0,204.0,7519.0,284.0,164.0,260.0,186.0,7518.0,305.0,171.28571428571428,274.2857142857143,201.42857142857142,8019.142857142857,264.2857142857143,169.5,286.07142857142856,206.92857142857142,7721.714285714285,267.07142857142856,-108.0,-62.857142857142854,-60.142857142857146,61.053060451349566,5,4,1
2023-04-30,132.0,243.0,183.0,8352.0,293.0,161.0,256.0,191.0,8288.0,299.0,196.0,306.0,187.0,7534.0,266.0,191.0,283.0,192.0,7380.0,272.0,162.14285714285714,265.2857142857143,200.85714285714286,8136.0,268.14285714285717,165.28571428571428,283.2142857142857,206.28571428571428,7791.142857142857,268.57142857142856,-110.0,-67.28571428571429,-62.285714285714285,63.49465669307445,6,4,1
2023-05-01,224.0,315.0,152.0,8492.0,237.0,132.0,243.0,183.0,8352.0,293.0,236.0,330.0,222.0,7796.0,213.0,170.0,297.0,196.0,7344.0,248.0,160.42857142857142,263.14285714285717,190.85714285714286,8235.42857142857,271.57142857142856,169.14285714285714,284.5,203.14285714285714,7873.142857142857,267.7857142857143,-85.0,-80.71428571428571,-64.64285714285714,53.88479775012046,0,5,0
2023-05-02,167.0,326.0,213.0,8654.0,245.0,224.0,315.0,152.0,8492.0,237.0,81.0,230.0,242.0,8017.0,202.0,152.0,272.0,214.0,7376.0,234.0,172.71428571428572,276.85714285714283,186.71428571428572,8326.42857142857,277.7142857142857,170.21428571428572,288.35714285714283,203.07142857142858,7964.428571428572,268.57142857142856,-32.0,-91.0,-65.5,27.331300737432198,1,5,0
2023-05-03,209.0,353.0,232.0,8704.0,267.0,167.0,326.0,213.0,8654.0,245.0,118.0,245.0,160.0,8117.0,256.0,239.0,367.0,224.0,7356.0,229.0,185.71428571428572,292.2857142857143,197.0,8410.285714285714,279.2857142857143,168.07142857142858,287.35714285714283,203.64285714285714,8060.714285714285,271.2857142857143,-35.0,-82.28571428571429,-67.64285714285714,34.306045559124435,2,5,0
2023-05-04,153.0,253.0,286.0,8790.0,332.0,209.0,353.0,232.0,8704.0,267.0,218.0,283.0,208.0,8159.0,310.0,113.0,280.0,237.0,7490.0,320.0,176.42857142857142,288.0,208.14285714285714,8500.42857142857,282.42857142857144,170.92857142857142,285.42857142857144,207.14285714285714,8153.571428571428,272.14285714285717,-46.0,-74.28571428571429,-65.0,35.45285266244057,3,5,0
2023-05-05,162.0,281.0,264.0,8688.0,346.0,153.0,253.0,286.0,8790.0,332.0,189.0,270.0,200.0,8223.0,304.0,141.0,289.0,220.0,7505.0,302.0,172.57142857142858,289.57142857142856,217.28571428571428,8566.857142857143,288.42857142857144,172.42857142857142,284.85714285714283,210.28571428571428,8238.07142857143,275.2857142857143,-82.0,-71.14285714285714,-65.0,33.288779748480025,4,5,0
2023-05-06,171.0,309.0,241.0,8587.0,361.0,162.0,281.0,264.0,8688.0,346.0,161.0,256.0,191.0,8288.0,299.0,168.0,297.0,204.0,7519.0,284.0,174.0,297.14285714285717,224.42857142857142,8609.57142857143,297.2857142857143,172.64285714285714,285.7142857142857,212.92857142857142,8314.357142857143,280.7857142857143,-120.0,-72.85714285714286,-67.85714285714286,35.723141759128836,5,5,1
2023-05-07,180.0,337.0,219.0,8485.0,375.0,171.0,309.0,241.0,8587.0,361.0,132.0,243.0,183.0,8352.0,293.0,196.0,306.0,187.0,7534.0,266.0,180.85714285714286,310.57142857142856,229.57142857142858,8628.57142857143,309.0,171.5,287.92857142857144,215.21428571428572,8382.285714285714,288.57142857142856,-156.0,-79.42857142857143,-73.35714285714286,46.346007173782944,6,5,1
2023-05-08,133.0,287.0,189.0,8590.0,261.0,180.0,337.0,219.0,8485.0,375.0,224.0,315.0,152.0,8492.0,237.0,236.0,330.0,222.0,7796.0,213.0,167.85714285714286,306.57142857142856,234.85714285714286,8642.57142857143,312.42857142857144,164.14285714285714,284.85714285714283,212.85714285714286,8439.0,292.0,-72.0,-77.57142857142857,-79.14285714285714,46.346007173782944,0,5,0
2023-05-09,187.0,310.0,247.0,8606.0,250.0,133.0,287.0,189.0,8590.0,261.0,167.0,326.0,213.0,8654.0,245.0,81.0,230.0,242.0,8017.0,202.0,170.71428571428572,304.2857142857143,239.71428571428572,8635.714285714286,313.14285714285717,171.71428571428572,290.57142857142856,213.21428571428572,8481.07142857143,295.42857142857144,-3.0,-73.42857142857143,-82.21428571428571,52.04439496832493,1,5,0
2023-05-10,168.0,285.0,210.0,8681.0,304.0,187.0,310.0,247.0,8606.0,250.0,209.0,353.0,232.0,8704.0,267.0,118.0,245.0,160.0,8117.0,256.0,164.85714285714286,294.57142857142856,236.57142857142858,8632.42857142857,318.42857142857144,175.28571428571428,293.42857142857144,216.78571428571428,8521.357142857143,298.85714285714283,-94.0,-81.85714285714286,-82.07142857142857,49.4989177370861,2,5,0
2023-05-11,269.0,412.0,204.0,8672.0,392.0,168.0,285.0,210.0,8681.0,304.0,153.0,253.0,286.0,8790.0,332.0,218.0,283.0,208.0,8159.0,310.0,181.42857142857142,317.2857142857143,224.85714285714286,8615.57142857143,327.0,178.92857142857142,302.64285714285717,216.5,8558.0,304.7142857142857,-188.0,-102.14285714285714,-88.21428571428571,60.27832272447663,3,5,0
2023-05-12,213.0,360.0,215.0,8596.0,357.0,269.0,412.0,204.0,8672.0,392.0,162.0,281.0,264.0,8688.0,346.0,189.0,270.0,200.0,8223.0,304.0,188.71428571428572,328.57142857142856,217.85714285714286,8602.42857142857,328.57142857142856,180.64285714285714,309.07142857142856,217.57142857142858,8584.642857142857,308.5,-142.0,-110.71428571428571,-90.92857142857143,61.195626983508625,4,5,0
2023-05-13,156.0,307.0,225.0,8521.0,323.0,213.0,360.0,215.0,8596.0,357.0,171.0,309.0,241.0,8587.0,361.0,161.0,256.0,191.0,8288.0,299.0,186.57142857142858,328.2857142857143,215.57142857142858,8593.0,323.14285714285717,180.28571428571428,312.7142857142857,220.0,8601.285714285714,310.2142857142857,-98.0,-107.57142857142857,-90.21428571428571,61.20418597573492,5,5,1
2023-05-14,100.0,255.0,236.0,8445.0,288.0,156.0,307.0,225.0,8521.0,323.0,180.0,337.0,219.0,8485.0,375.0,132.0,243.0,183.0,8352.0,293.0,175.14285714285714,316.57142857142856,218.0,8587.285714285714,310.7142857142857,178.0,313.57142857142856,223.78571428571428,8607.92857142857,309.85714285714283,-52.0,-92.71428571428571,-86.07142857142857,60.10189760097479,6,5,1
2023-05-15,205.0,294.0,177.0,8571.0,277.0,100.0,255.0,236.0,8445.0,288.0,133.0,287.0,189.0,8590.0,261.0,224.0,315.0,152.0,8492.0,237.0,185.42857142857142,317.57142857142856,216.28571428571428,8584.57142857143,313.0,176.64285714285714,312.07142857142856,225.57142857142858,8613.57142857143,312.7142857142857,-100.0,-96.71428571428571,-87.14285714285714,59.4214166938548,0,5,0
2023-05-16,161.0,304.0,211.0,8572.0,272.0,205.0,294.0,177.0,8571.0,277.0,187.0,310.0,247.0,8606.0,250.0,167.0,326.0,213.0,8654.0,245.0,181.71428571428572,316.7142857142857,211.14285714285714,8579.714285714286,316.14285714285717,176.21428571428572,310.5,225.42857142857142,8607.714285714286,314.64285714285717,-61.0,-105.0,-89.21428571428571,46.900604118354735,1,5,0
2023-05-17,57.0,162.0,193.0,8569.0,307.0,161.0,304.0,211.0,8572.0,272.0,168.0,285.0,210.0,8681.0,304.0,209.0,353.0,232.0,8704.0,267.0,165.85714285714286,299.14285714285717,208.71428571428572,8563.714285714286,316.57142857142856,165.35714285714286,296.85714285714283,222.64285714285714,8598.07142857143,317.5,-114.0,-107.85714285714286,-94.85714285714286,46.72768120157641,2,5,0
2023-05-18,80.0,122.0,152.0,8474.0,351.0,57.0,162.0,193.0,8569.0,307.0,269.0,412.0,204.0,8672.0,392.0,153.0,253.0,286.0,8790.0,332.0,138.85714285714286,257.7142857142857,201.28571428571428,8535.42857142857,310.7142857142857,160.14285714285714,287.5,213.07142857142858,8575.5,318.85714285714283,-199.0,-109.42857142857143,-105.78571428571429,49.94616149033893,3,5,0
2023-05-19,89.0,138.0,146.0,8258.0,348.0,80.0,122.0,152.0,8474.0,351.0,213.0,360.0,215.0,8596.0,357.0,162.0,281.0,264.0,8688.0,346.0,121.14285714285714,226.0,191.42857142857142,8487.142857142857,309.42857142857144,154.92857142857142,277.2857142857143,204.64285714285714,8544.785714285714,319.0,-202.0,-118.0,-114.35714285714286,60.500688701314,4,5,0
2023-05-20,98.0,154.0,139.0,8042.0,346.0,89.0,138.0,146.0,8258.0,348.0,156.0,307.0,225.0,8521.0,323.0,171.0,309.0,241.0,8587.0,361.0,112.85714285714286,204.14285714285714,179.14285714285714,8418.714285714286,312.7142857142857,149.71428571428572,266.2142857142857,197.35714285714286,8505.857142857143,317.92857142857144,-207.0,-133.57142857142858,-120.57142857142857,68.05110124716833,5,5,1
2023-05-21,107.0,170.0,133.0,7826.0,343.0,98.0,154.0,139.0,8042.0,346.0,100.0,255.0,236.0,8445.0,288.0,180.0,337.0,219.0,8485.0,375.0,113.85714285714286,192.0,164.42857142857142,8330.285714285714,320.57142857142856,144.5,254.28571428571428,191.21428571428572,8458.785714285714,315.64285714285717,-210.0,-156.14285714285714,-124.42857142857143,62.45912949395658,6,5,1
2023-05-22,99.0,156.0,139.0,7848.0,240.0,107.0,170.0,133.0,7826.0,343.0,205.0,294.0,177.0,8571.0,277.0,133.0,287.0,189.0,8590.0,261.0,98.71428571428571,172.28571428571428,159.0,8227.0,315.2857142857143,142.07142857142858,244.92857142857142,187.64285714285714,8405.785714285714,314.14285714285717,-101.0,-156.28571428571428,-126.5,62.31028348973713,0,5,0
2023-05-23,25.0,66.0,94.0,7788.0,246.0,99.0,156.0,139.0,7848.0,240.0,161.0,304.0,211.0,8572.0,272.0,187.0,310.0,247.0,8606.0,250.0,79.28571428571429,138.28571428571428,142.28571428571428,8115.0,311.57142857142856,130.5,227.5,176.71428571428572,8347.357142857143,313.85714285714283,-152.0,-169.28571428571428,-137.14285714285714,46.63944784448116,1,5,0
2023-05-24,35.0,70.0,53.0,7709.0,276.0,25.0,66.0,94.0,7788.0,246.0,57.0,162.0,193.0,8569.0,307.0,168.0,285.0,210.0,8681.0,304.0,76.14285714285714,125.14285714285714,122.28571428571429,7992.142857142857,307.14285714285717,121.0,212.14285714285714,165.5,8277.92857142857,311.85714285714283,-223.0,-184.85714285714286,-146.35714285714286,43.171860323705204,2,5,0
2023-05-25,43.0,73.0,64.0,7546.0,408.0,35.0,70.0,53.0,7709.0,276.0,80.0,122.0,152.0,8474.0,351.0,269.0,412.0,204.0,8672.0,392.0,70.85714285714286,118.14285714285714,109.71428571428571,7859.571428571428,315.2857142857143,104.85714285714286,187.92857142857142,155.5,8197.5,313.0,-344.0,-205.57142857142858,-157.5,74.50471381699532,3,5,0
2023-05-26,42.0,70.0,66.0,7408.0,358.0,43.0,73.0,64.0,7546.0,408.0,89.0,138.0,146.0,8258.0,348.0,213.0,360.0,215.0,8596.0,357.0,64.14285714285714,108.42857142857143,98.28571428571429,7738.142857142857,316.7142857142857,92.64285714285714,167.21428571428572,144.85714285714286,8112.642857142857,313.07142857142856,-292.0,-218.42857142857142,-168.21428571428572,81.24624533449146,4,5,0
2023-05-27,42.0,66.0,68.0,7271.0,308.0,42.0,70.0,66.0,7408.0,358.0,98.0,154.0,139.0,8042.0,346.0,156.0,307.0,225.0,8521.0,323.0,56.142857142857146,95.85714285714286,88.14285714285714,7628.0,311.2857142857143,84.5,150.0,133.64285714285714,8023.357142857143,312.0,-240.0,-223.14285714285714,-178.35714285714286,81.42978278129888,5,5,1
2023-05-28,42.0,63.0,69.0,7134.0,257.0,42.0,66.0,68.0,7271.0,308.0,107.0,170.0,133.0,7826.0,343.0,100.0,255.0,236.0,8445.0,288.0,46.857142857142854,80.57142857142857,79.0,7529.142857142857,299.0,80.35714285714286,136.28571428571428,121.71428571428571,7929.714285714285,309.7857142857143,-188.0,-220.0,-188.07142857142858,82.43987708223084,6,5,1
2023-05-29,41.0,60.0,71.0,6996.0,207.0,42.0,63.0,69.0,7134.0,257.0,99.0,156.0,139.0,7848.0,240.0,205.0,294.0,177.0,8571.0,277.0,38.57142857142857,66.85714285714286,69.28571428571429,7407.428571428572,294.2857142857143,68.64285714285714,119.57142857142857,114.14285714285714,7817.214285714285,304.7857142857143,-136.0,-225.0,-190.64285714285714,74.71947537289054,0,5,0
2023-05-30,65.0,83.0,65.0,7046.0,168.0,41.0,60.0,71.0,6996.0,207.0,25.0,66.0,94.0,7788.0,246.0,161.0,304.0,211.0,8572.0,272.0,44.285714285714285,69.28571428571429,65.14285714285714,7301.428571428572,283.14285714285717,61.785714285714285,103.78571428571429,103.71428571428571,7708.214285714285,297.35714285714283,-103.0,-218.0,-193.64285714285714,84.37021591375317,1,5,0
2023-05-31,38.0,80.0,82.0,7053.0,210.0,65.0,83.0,65.0,7046.0,168.0,35.0,70.0,53.0,7709.0,276.0,57.0,162.0,193.0,8569.0,307.0,44.714285714285715,70.71428571428571,69.28571428571429,7207.714285714285,273.7142857142857,60.42857142857143,97.92857142857143,95.78571428571429,7599.928571428572,290.42857142857144,-128.0,-204.42857142857142,-194.64285714285714,90.82557852436564,2,5,0
2023-06-01,56.0,82.0,68.0,7002.0,287.0,38.0,80.0,82.0,7053.0,210.0,43.0,73.0,64.0,7546.0,408.0,80.0,122.0,152.0,8474.0,351.0,46.57142857142857,72.0,69.85714285714286,7130.0,256.42857142857144,58.714285714285715,95.07142857142857,89.78571428571429,7494.785714285715,285.85714285714283,-219.0,-186.57142857142858,-196.07142857142858,68.30777687022446,3,6,0
2023-06-02,62.0,89.0,72.0,6853.0,289.0,56.0,82.0,68.0,7002.0,287.0,42.0,70.0,66.0,7408.0,358.0,89.0,138.0,146.0,8258.0,348.0,49.42857142857143,74.71428571428571,70.71428571428571,7050.714285714285,246.57142857142858,56.785714285714285,91.57142857142857,84.5,7394.428571428572,281.64285714285717,-217.0,-175.85714285714286,-197.14285714285714,53.23353758496153,4,6,0
2023-06-03,68.0,96.0,76.0,6704.0,290.0,62.0,89.0,72.0,6853.0,289.0,42.0,66.0,68.0,7271.0,308.0,98.0,154.0,139.0,8042.0,346.0,53.142857142857146,79.0,71.85714285714286,6969.714285714285,244.0,54.642857142857146,87.42857142857143,80.0,7298.857142857143,277.64285714285717,-214.0,-172.14285714285714,-197.64285714285714,48.728597255371284,5,6,1
2023-06-04,74.0,103.0,80.0,6555.0,292.0,68.0,96.0,76.0,6704.0,290.0,42.0,63.0,69.0,7134.0,257.0,107.0,170.0,133.0,7826.0,343.0,57.714285714285715,84.71428571428571,73.42857142857143,6887.0,249.0,52.285714285714285,82.64285714285714,76.21428571428571,7208.071428571428,274.0,-212.0,-175.57142857142858,-197.78571428571428,50.82931287769918,6,6,1
2023-06-05,68.0,107.0,102.0,6523.0,189.0,74.0,103.0,80.0,6555.0,292.0,41.0,60.0,71.0,6996.0,207.0,99.0,156.0,139.0,7848.0,240.0,61.57142857142857,91.42857142857143,77.85714285714286,6819.428571428572,246.42857142857142,50.07142857142857,79.14285714285714,73.57142857142857,7113.428571428572,270.35714285714283,-87.0,-168.57142857142858,-196.78571428571428,59.77417821227129,0,6,0
2023-06-06,92.0,124.0,93.0,6508.0,187.0,68.0,107.0,102.0,6523.0,189.0,65.0,83.0,65.0,7046.0,168.0,25.0,66.0,94.0,7788.0,246.0,65.42857142857143,97.28571428571429,81.85714285714286,6742.571428571428,249.14285714285714,54.857142857142854,83.28571428571429,73.5,7022.0,266.14285714285717,-94.0,-167.28571428571428,-192.64285714285714,61.491772581688366,1,6,0
2023-06-07,113.0,162.0,107.0,6483.0,208.0,92.0,124.0,93.0,6508.0,187.0,38.0,80.0,82.0,7053.0,210.0,35.0,70.0,53.0,7709.0,276.0,76.14285714285714,109.0,85.42857142857143,6661.142857142857,248.85714285714286,60.42857142857143,89.85714285714286,77.35714285714286,6934.428571428572,261.2857142857143,-101.0,-163.42857142857142,-183.92857142857142,65.10723754662277,2,6,0
2023-06-08,106.0,196.0,131.0,6446.0,255.0,113.0,162.0,107.0,6483.0,208.0,56.0,82.0,68.0,7002.0,287.0,43.0,73.0,64.0,7546.0,408.0,83.28571428571429,125.28571428571429,94.42857142857143,6581.714285714285,244.28571428571428,64.92857142857143,98.64285714285714,82.14285714285714,6855.857142857143,250.35714285714286,-124.0,-149.85714285714286,-168.21428571428572,61.38791567137764,3,6,0
2023-06-09,99.0,181.0,143.0,6300.0,249.0,106.0,196.0,131.0,6446.0,255.0,62.0,89.0,72.0,6853.0,289.0,42.0,70.0,66.0,7408.0,358.0,88.57142857142857,138.42857142857142,104.57142857142857,6502.714285714285,238.57142857142858,69.0,106.57142857142857,87.64285714285714,6776.714285714285,242.57142857142858,-106.0,-134.0,-154.92857142857142,55.17547764481347,4,6,0
2023-06-10,93.0,167.0,156.0,6153.0,244.0,99.0,181.0,143.0,6300.0,249.0,68.0,96.0,76.0,6704.0,290.0,42.0,66.0,68.0,7271.0,308.0,92.14285714285714,148.57142857142858,116.0,6424.0,232.0,72.64285714285714,113.78571428571429,93.92857142857143,6696.857142857143,238.0,-88.0,-116.0,-144.07142857142858,44.18521623046905,5,6,1
2023-06-11,86.0,152.0,168.0,6007.0,238.0,93.0,167.0,156.0,6153.0,244.0,74.0,103.0,80.0,6555.0,292.0,42.0,63.0,69.0,7134.0,257.0,93.85714285714286,155.57142857142858,128.57142857142858,6345.714285714285,224.28571428571428,75.78571428571429,120.14285714285714,101.0,6616.357142857143,236.64285714285714,-70.0,-95.71428571428571,-135.64285714285714,16.997198648740014,6,6,1
2023-06-12,84.0,118.0,136.0,6021.0,177.0,86.0,152.0,168.0,6007.0,238.0,68.0,107.0,102.0,6523.0,189.0,41.0,60.0,71.0,6996.0,207.0,96.14285714285714,157.14285714285714,133.42857142857142,6274.0,222.57142857142858,78.85714285714286,124.28571428571429,105.64285714285714,6546.714285714285,234.5,-41.0,-89.14285714285714,-128.85714285714286,26.922286749262025,0,6,0
2023-06-13,59.0,64.0,117.0,6061.0,146.0,84.0,118.0,136.0,6021.0,177.0,92.0,124.0,93.0,6508.0,187.0,65.0,83.0,65.0,7046.0,168.0,91.42857142857143,148.57142857142858,136.85714285714286,6210.142857142857,216.71428571428572,78.42857142857143,122.92857142857143,109.35714285714286,6476.357142857143,232.92857142857142,-29.0,-79.85714285714286,-123.57142857142857,34.97345932479114,1,6,0
2023-06-14,62.0,97.0,52.0,6065.0,167.0,59.0,64.0,117.0,6061.0,146.0,113.0,162.0,107.0,6483.0,208.0,38.0,80.0,82.0,7053.0,210.0,84.14285714285714,139.28571428571428,129.0,6150.428571428572,210.85714285714286,80.14285714285714,124.14285714285714,107.21428571428571,6405.785714285715,229.85714285714286,-115.0,-81.85714285714286,-122.64285714285714,36.73975399767244,2,6,0
2023-06-15,91.0,75.0,97.0,6038.0,272.0,62.0,97.0,52.0,6065.0,167.0,106.0,196.0,131.0,6446.0,255.0,56.0,82.0,68.0,7002.0,287.0,82.0,122.0,124.14285714285714,6092.142857142857,213.28571428571428,82.64285714285714,123.64285714285714,109.28571428571429,6336.928571428572,228.78571428571428,-175.0,-89.14285714285714,-119.5,49.374178715290945,3,6,0
2023-06-16,76.0,69.0,76.0,5948.0,240.0,91.0,75.0,97.0,6038.0,272.0,99.0,181.0,143.0,6300.0,249.0,62.0,89.0,72.0,6853.0,289.0,78.71428571428571,106.0,114.57142857142857,6041.857142857143,212.0,83.64285714285714,122.21428571428571,109.57142857142857,6272.285714285715,225.28571428571428,-164.0,-97.42857142857143,-115.71428571428571,56.958631604750494,4,6,0
2023-06-17,60.0,63.0,54.0,5858.0,207.0,76.0,69.0,76.0,5948.0,240.0,93.0,167.0,156.0,6153.0,244.0,68.0,96.0,76.0,6704.0,290.0,74.0,91.14285714285714,100.0,5999.714285714285,206.71428571428572,83.07142857142857,119.85714285714286,108.0,6211.857142857143,219.35714285714286,-153.0,-106.71428571428571,-111.35714285714286,60.36200318554213,5,6,1
2023-06-18,44.0,57.0,32.0,5769.0,174.0,60.0,63.0,54.0,5858.0,207.0,86.0,152.0,168.0,6007.0,238.0,74.0,103.0,80.0,6555.0,292.0,68.0,77.57142857142857,80.57142857142857,5965.714285714285,197.57142857142858,80.92857142857143,116.57142857142857,104.57142857142857,6155.714285714285,210.92857142857142,-142.0,-117.0,-106.35714285714286,59.18614702783052,6,6,1
2023-06-19,29.0,51.0,11.0,5679.0,142.0,44.0,57.0,32.0,5769.0,174.0,84.0,118.0,136.0,6021.0,177.0,68.0,107.0,102.0,6523.0,189.0,60.142857142857146,68.0,62.714285714285715,5916.857142857143,192.57142857142858,78.14285714285714,112.57142857142857,98.07142857142857,6095.428571428572,207.57142857142858,-131.0,-129.85714285714286,-109.5,48.78670779159864,0,6,0
2023-06-20,33.0,53.0,34.0,5904.0,134.0,29.0,51.0,11.0,5679.0,142.0,59.0,64.0,117.0,6061.0,146.0,92.0,124.0,93.0,6508.0,187.0,56.42857142857143,66.42857142857143,50.857142857142854,5894.428571428572,190.85714285714286,73.92857142857143,107.5,93.85714285714286,6052.285714285715,203.78571428571428,-100.0,-140.0,-109.92857142857143,26.70830083201305,1,6,0
2023-06-21,93.0,196.0,169.0,5922.0,149.0,33.0,53.0,34.0,5904.0,134.0,62.0,97.0,52.0,6065.0,167.0,113.0,162.0,107.0,6483.0,208.0,60.857142857142854,80.57142857142857,67.57142857142857,5874.0,188.28571428571428,72.5,109.92857142857143,98.28571428571429,6012.214285714285,199.57142857142858,20.0,-120.71428571428571,-101.28571428571429,66.64761632575268,2,6,0
2023-06-22,124.0,234.0,161.0,5956.0,207.0,93.0,196.0,169.0,5922.0,149.0,91.0,75.0,97.0,6038.0,272.0,106.0,196.0,131.0,6446.0,255.0,65.57142857142857,103.28571428571429,76.71428571428571,5862.285714285715,179.0,73.78571428571429,112.64285714285714,100.42857142857143,5977.214285714285,196.14285714285714,-46.0,-102.28571428571429,-95.71428571428571,66.9694315483171,3,6,0
2023-06-23,113.0,224.0,165.0,5893.0,226.0,124.0,234.0,161.0,5956.0,207.0,76.0,69.0,76.0,5948.0,240.0,99.0,181.0,143.0,6300.0,249.0,70.85714285714286,125.42857142857143,89.42857142857143,5854.428571428572,177.0,74.78571428571429,115.71428571428571,102.0,5948.142857142857,194.5,-61.0,-87.57142857142857,-92.5,62.302640775644605,4,6,0
2023-06-24,103.0,213.0,169.0,5829.0,244.0,113.0,224.0,165.0,5893.0,226.0,60.0,63.0,54.0,5858.0,207.0,93.0,167.0,156.0,6153.0,244.0,77.0,146.85714285714286,105.85714285714286,5850.285714285715,182.28571428571428,75.5,119.0,102.92857142857143,5925.0,194.5,-75.0,-76.42857142857143,-91.57142857142857,55.22335599743112,5,6,1
2023-06-25,92.0,203.0,173.0,5766.0,263.0,103.0,213.0,169.0,5829.0,244.0,44.0,57.0,32.0,5769.0,174.0,86.0,152.0,168.0,6007.0,238.0,83.85714285714286,167.71428571428572,126.0,5849.857142857143,195.0,75.92857142857143,122.64285714285714,103.28571428571429,5907.785714285715,196.28571428571428,-90.0,-69.0,-93.0,47.95136424892722,6,6,1
2023-06-26,186.0,259.0,172.0,5819.0,174.0,92.0,203.0,173.0,5766.0,263.0,29.0,51.0,11.0,5679.0,142.0,84.0,118.0,136.0,6021.0,177.0,106.28571428571429,197.42857142857142,149.0,5869.857142857143,199.57142857142858,83.21428571428571,132.71428571428572,105.85714285714286,5893.357142857143,196.07142857142858,-2.0,-50.57142857142857,-90.21428571428571,44.83992693592405,0,6,0
2023-06-27,154.0,225.0,220.0,5917.0,155.0,186.0,259.0,172.0,5819.0,174.0,33.0,53.0,34.0,5904.0,134.0,59.0,64.0,117.0,6061.0,146.0,123.57142857142857,222.0,175.57142857142858,5871.714285714285,202.57142857142858,90.0,144.21428571428572,113.21428571428571,5883.071428571428,196.71428571428572,65.0,-27.0,-83.5,56.403309595566185,1,6,0
2023-06-28,91.0,199.0,172.0,5999.0,174.0,154.0,225.0,220.0,5917.0,155.0,93.0,196.0,169.0,5922.0,149.0,62.0,97.0,52.0,6065.0,167.0,123.28571428571429,222.42857142857142,176.0,5882.714285714285,206.14285714285714,92.07142857142857,151.5,121.78571428571429,5878.357142857143,197.21428571428572,-2.0,-30.142857142857142,-75.42857142857143,53.905561158469354,2,6,0
2023-06-29,81.0,213.0,153.0,6058.0,213.0,91.0,199.0,172.0,5999.0,174.0,124.0,234.0,161.0,5956.0,207.0,91.0,75.0,97.0,6038.0,272.0,117.14285714285714,219.42857142857142,174.85714285714286,5897.285714285715,207.0,91.35714285714286,161.35714285714286,125.78571428571429,5879.785714285715,193.0,-60.0,-32.142857142857146,-67.21428571428571,54.843500287723074,3,6,0
2023-06-30,124.0,237.0,163.0,6006.0,245.0,81.0,213.0,153.0,6058.0,213.0,113.0,224.0,165.0,5893.0,226.0,76.0,69.0,76.0,5948.0,240.0,118.71428571428571,221.28571428571428,174.57142857142858,5913.428571428572,209.71428571428572,94.78571428571429,173.35714285714286,132.0,5883.928571428572,193.35714285714286,-82.0,-35.142857142857146,-61.357142857142854,57.20847423074208,4,6,0
2023-07-01,166.0,261.0,174.0,5955.0,277.0,124.0,237.0,163.0,6006.0,245.0,103.0,213.0,169.0,5829.0,244.0,60.0,63.0,54.0,5858.0,207.0,127.71428571428571,228.14285714285714,175.28571428571428,5931.428571428572,214.42857142857142,102.35714285714286,187.5,140.57142857142858,5890.857142857143,198.35714285714286,-103.0,-39.142857142857146,-57.785714285714285,61.292817881130915,5,7,1
2023-07-02,209.0,285.0,184.0,5903.0,309.0,166.0,261.0,174.0,5955.0,277.0,92.0,203.0,173.0,5766.0,263.0,44.0,57.0,32.0,5769.0,174.0,144.42857142857142,239.85714285714286,176.85714285714286,5951.0,221.0,114.14285714285714,203.78571428571428,151.42857142857142,5900.428571428572,208.0,-125.0,-44.142857142857146,-56.57142857142857,67.26918207576792,6,7,1
2023-07-03,196.0,300.0,200.0,6015.0,216.0,209.0,285.0,184.0,5903.0,309.0,186.0,259.0,172.0,5819.0,174.0,29.0,51.0,11.0,5679.0,142.0,145.85714285714286,245.71428571428572,180.85714285714286,5979.0,227.0,126.07142857142857,221.57142857142858,164.92857142857142,5924.428571428572,213.28571428571428,-16.0,-46.142857142857146,-48.357142857142854,66.00360740502106,0,7,0
2023-07-04,184.0,314.0,217.0,6127.0,124.0,196.0,300.0,200.0,6015.0,216.0,154.0,225.0,220.0,5917.0,155.0,33.0,53.0,34.0,5904.0,134.0,150.14285714285714,258.42857142857144,180.42857142857142,6009.0,222.57142857142858,136.85714285714286,240.21428571428572,178.0,5940.357142857143,212.57142857142858,93.0,-42.142857142857146,-34.57142857142857,74.20114233493635,1,7,0
2023-07-05,107.0,215.0,230.0,6193.0,167.0,184.0,314.0,217.0,6127.0,124.0,91.0,199.0,172.0,5999.0,174.0,93.0,196.0,169.0,5922.0,149.0,152.42857142857142,260.7142857142857,188.71428571428572,6036.714285714285,221.57142857142858,137.85714285714286,241.57142857142858,182.35714285714286,5959.714285714285,213.85714285714286,63.0,-32.857142857142854,-31.5,83.54126439755873,2,7,0
2023-07-06,101.0,162.0,178.0,6239.0,205.0,107.0,215.0,230.0,6193.0,167.0,81.0,213.0,153.0,6058.0,213.0,124.0,234.0,161.0,5956.0,207.0,155.28571428571428,253.42857142857142,192.28571428571428,6062.571428571428,220.42857142857142,136.21428571428572,236.42857142857142,183.57142857142858,5979.928571428572,213.71428571428572,-27.0,-28.142857142857142,-30.142857142857142,82.68097034470999,3,7,0
2023-07-07,100.0,171.0,177.0,6231.0,202.0,101.0,162.0,178.0,6239.0,205.0,124.0,237.0,163.0,6006.0,245.0,113.0,224.0,165.0,5893.0,226.0,151.85714285714286,244.0,194.28571428571428,6094.714285714285,214.28571428571428,135.28571428571428,232.64285714285714,184.42857142857142,6004.071428571428,212.0,-25.0,-20.0,-27.571428571428573,79.22752047110873,4,7,0
2023-07-08,100.0,181.0,177.0,6222.0,199.0,100.0,171.0,177.0,6231.0,202.0,166.0,261.0,174.0,5955.0,277.0,103.0,213.0,169.0,5829.0,244.0,142.42857142857142,232.57142857142858,194.71428571428572,6132.857142857143,203.14285714285714,135.07142857142858,230.35714285714286,185.0,6032.142857142857,208.78571428571428,-22.0,-8.428571428571429,-23.785714285714285,70.52152660206433,5,7,1
2023-07-09,99.0,190.0,176.0,6214.0,196.0,100.0,181.0,177.0,6222.0,199.0,209.0,285.0,184.0,5903.0,309.0,92.0,203.0,173.0,5766.0,263.0,126.71428571428571,219.0,193.57142857142858,6177.285714285715,187.0,135.57142857142858,229.42857142857142,185.21428571428572,6064.142857142857,204.0,-20.0,6.571428571428571,-18.785714285714285,49.68184491628369,6,7,1
2023-07-10,167.0,239.0,166.0,6346.0,163.0,99.0,190.0,176.0,6214.0,196.0,196.0,300.0,200.0,6015.0,216.0,186.0,259.0,172.0,5819.0,174.0,122.57142857142857,210.28571428571428,188.71428571428572,6224.571428571428,179.42857142857142,134.21428571428572,228.0,184.78571428571428,6101.785714285715,203.21428571428572,3.0,9.285714285714286,-18.428571428571427,48.7535102521317,0,7,0
2023-07-11,115.0,216.0,169.0,6498.0,143.0,167.0,239.0,166.0,6346.0,163.0,184.0,314.0,217.0,6127.0,124.0,154.0,225.0,220.0,5917.0,155.0,112.71428571428571,196.28571428571428,181.85714285714286,6277.571428571428,182.14285714285714,131.42857142857142,227.35714285714286,181.14285714285714,6143.285714285715,202.35714285714286,26.0,-0.2857142857142857,-21.214285714285715,33.890580233619175,1,7,0
2023-07-12,84.0,158.0,193.0,6521.0,210.0,115.0,216.0,169.0,6498.0,143.0,107.0,215.0,230.0,6193.0,167.0,91.0,199.0,172.0,5999.0,174.0,109.42857142857143,188.14285714285714,176.57142857142858,6324.428571428572,188.28571428571428,130.92857142857142,224.42857142857142,182.64285714285714,6180.571428571428,204.92857142857142,-17.0,-11.714285714285714,-22.285714285714285,19.371063348150187,2,7,0
2023-07-13,130.0,227.0,192.0,6604.0,226.0,84.0,158.0,193.0,6521.0,210.0,101.0,162.0,178.0,6239.0,205.0,81.0,213.0,153.0,6058.0,213.0,113.57142857142857,197.42857142857142,178.57142857142858,6376.571428571428,191.28571428571428,134.42857142857142,225.42857142857142,185.42857142857142,6219.571428571428,205.85714285714286,-34.0,-12.714285714285714,-20.428571428571427,20.442719043823757,3,7,0
2023-07-14,116.0,223.0,181.0,6559.0,223.0,130.0,227.0,192.0,6604.0,226.0,100.0,171.0,177.0,6231.0,202.0,124.0,237.0,163.0,6006.0,245.0,115.85714285714286,204.85714285714286,179.14285714285714,6423.428571428572,194.28571428571428,133.85714285714286,224.42857142857142,186.71428571428572,6259.071428571428,204.28571428571428,-42.0,-15.142857142857142,-17.571428571428573,22.995858840440746,4,7,0
2023-07-15,102.0,218.0,171.0,6513.0,221.0,116.0,223.0,181.0,6559.0,223.0,100.0,181.0,177.0,6222.0,199.0,166.0,261.0,174.0,5955.0,277.0,116.14285714285714,210.14285714285714,178.28571428571428,6465.0,197.42857142857142,129.28571428571428,221.35714285714286,186.5,6298.928571428572,200.28571428571428,-50.0,-19.142857142857142,-13.785714285714286,26.54824897821846,5,7,1
2023-07-16,88.0,214.0,160.0,6468.0,218.0,102.0,218.0,171.0,6513.0,221.0,99.0,190.0,176.0,6214.0,196.0,209.0,285.0,184.0,5903.0,309.0,114.57142857142857,213.57142857142858,176.0,6501.285714285715,200.57142857142858,120.64285714285714,216.28571428571428,184.78571428571428,6339.285714285715,193.78571428571428,-58.0,-24.571428571428573,-9.0,30.363668766345345,6,7,1
2023-07-17,113.0,208.0,159.0,6632.0,160.0,88.0,214.0,160.0,6468.0,218.0,167.0,239.0,166.0,6346.0,163.0,196.0,300.0,200.0,6015.0,216.0,106.85714285714286,209.14285714285714,175.0,6542.142857142857,200.14285714285714,114.71428571428571,209.71428571428572,181.85714285714286,6383.357142857143,189.78571428571428,-1.0,-25.142857142857142,-7.928571428571429,29.790538606680904,0,7,0
2023-07-18,174.0,285.0,150.0,6874.0,181.0,113.0,208.0,159.0,6632.0,160.0,115.0,216.0,169.0,6498.0,143.0,184.0,314.0,217.0,6127.0,124.0,115.28571428571429,219.0,172.28571428571428,6595.857142857143,205.57142857142858,114.0,207.64285714285714,177.07142857142858,6436.714285714285,193.85714285714286,-31.0,-33.285714285714285,-16.785714285714285,19.491145730939433,1,7,0
2023-07-19,104.0,230.0,206.0,7001.0,226.0,174.0,285.0,150.0,6874.0,181.0,84.0,158.0,193.0,6521.0,210.0,107.0,215.0,230.0,6193.0,167.0,118.14285714285714,229.28571428571428,174.14285714285714,6664.428571428572,207.85714285714286,113.78571428571429,208.71428571428572,175.35714285714286,6494.428571428572,198.07142857142858,-20.0,-33.714285714285715,-22.714285714285715,19.102480517061615,2,7,0
2023-07-20,147.0,276.0,214.0,7116.0,281.0,104.0,230.0,206.0,7001.0,226.0,130.0,227.0,192.0,6604.0,226.0,101.0,162.0,178.0,6239.0,205.0,120.57142857142857,236.28571428571428,177.28571428571428,6737.571428571428,215.71428571428572,117.07142857142857,216.85714285714286,177.92857142857142,6557.071428571428,203.5,-67.0,-38.42857142857143,-25.571428571428573,22.882723780594937,3,7,0
2023-07-21,134.0,257.0,214.0,7095.0,279.0,147.0,276.0,214.0,7116.0,281.0,116.0,223.0,181.0,6559.0,223.0,100.0,171.0,177.0,6231.0,202.0,123.14285714285714,241.14285714285714,182.0,6814.142857142857,223.71428571428572,119.5,223.0,180.57142857142858,6618.785714285715,209.0,-65.0,-41.714285714285715,-28.428571428571427,25.03140884112172,4,7,0
2023-07-22,121.0,239.0,213.0,7073.0,278.0,134.0,257.0,214.0,7095.0,279.0,102.0,218.0,171.0,6513.0,221.0,100.0,181.0,177.0,6222.0,199.0,125.85714285714286,244.14285714285714,188.0,6894.142857142857,231.85714285714286,121.0,227.14285714285714,183.14285714285714,6679.571428571428,214.64285714285714,-65.0,-43.857142857142854,-31.5,26.4602127191528,5,7,1
2023-07-23,108.0,220.0,213.0,7052.0,276.0,121.0,239.0,213.0,7073.0,278.0,88.0,214.0,160.0,6468.0,218.0,99.0,190.0,176.0,6214.0,196.0,128.71428571428572,245.0,195.57142857142858,6977.571428571428,240.14285714285714,121.64285714285714,229.28571428571428,185.78571428571428,6739.428571428572,220.35714285714286,-63.0,-44.57142857142857,-34.57142857142857,26.968235283119153,6,7,1
2023-07-24,180.0,280.0,146.0,7220.0,187.0,108.0,220.0,213.0,7052.0,276.0,113.0,208.0,159.0,6632.0,160.0,167.0,239.0,166.0,6346.0,163.0,138.28571428571428,255.28571428571428,193.71428571428572,7061.571428571428,244.0,122.57142857142857,232.21428571428572,184.35714285714286,6801.857142857143,222.07142857142858,-41.0,-50.285714285714285,-37.714285714285715,19.362457537841664,0,7,0
2023-07-25,134.0,294.0,186.0,7510.0,136.0,180.0,280.0,146.0,7220.0,187.0,174.0,285.0,150.0,6874.0,181.0,115.0,216.0,169.0,6498.0,143.0,132.57142857142858,256.57142857142856,198.85714285714286,7152.428571428572,237.57142857142858,123.92857142857143,237.78571428571428,185.57142857142858,6874.142857142857,221.57142857142858,50.0,-38.714285714285715,-36.0,42.81243700030073,1,7,0
2023-07-26,202.0,313.0,158.0,7647.0,215.0,134.0,294.0,186.0,7510.0,136.0,104.0,230.0,206.0,7001.0,226.0,84.0,158.0,193.0,6521.0,210.0,146.57142857142858,268.42857142857144,192.0,7244.714285714285,236.0,132.35714285714286,248.85714285714286,183.07142857142858,6954.571428571428,221.92857142857142,-57.0,-44.0,-38.857142857142854,42.39889935678313,2,7,0
2023-07-27,110.0,272.0,193.0,7754.0,259.0,202.0,313.0,158.0,7647.0,215.0,147.0,276.0,214.0,7116.0,281.0,130.0,227.0,192.0,6604.0,226.0,141.28571428571428,267.85714285714283,189.0,7335.857142857143,232.85714285714286,130.92857142857142,252.07142857142858,183.14285714285714,7036.714285714285,224.28571428571428,-66.0,-43.857142857142854,-41.142857142857146,42.310079852711404,3,7,0
2023-07-28,129.0,274.0,205.0,7726.0,274.0,110.0,272.0,193.0,7754.0,259.0,134.0,257.0,214.0,7095.0,279.0,116.0,223.0,181.0,6559.0,223.0,140.57142857142858,270.2857142857143,187.71428571428572,7426.0,232.14285714285714,131.85714285714286,255.71428571428572,184.85714285714286,7120.071428571428,227.92857142857142,-69.0,-44.42857142857143,-43.07142857142857,42.66871274855859,4,7,0
2023-07-29,147.0,275.0,217.0,7699.0,290.0,129.0,274.0,205.0,7726.0,274.0,121.0,239.0,213.0,7073.0,278.0,102.0,218.0,171.0,6513.0,221.0,144.28571428571428,275.42857142857144,188.28571428571428,7515.428571428572,233.85714285714286,135.07142857142858,259.7857142857143,188.14285714285714,7204.785714285715,232.85714285714286,-73.0,-45.57142857142857,-44.714285714285715,43.41219929488722,5,7,1
2023-07-30,166.0,277.0,229.0,7671.0,305.0,147.0,275.0,217.0,7699.0,290.0,108.0,220.0,213.0,7052.0,276.0,88.0,214.0,160.0,6468.0,218.0,152.57142857142858,283.57142857142856,190.57142857142858,7603.857142857143,238.0,140.64285714285714,264.2857142857143,193.07142857142858,7290.714285714285,239.07142857142858,-76.0,-47.42857142857143,-46.0,44.545322024716285,6,7,1
2023-07-31,136.0,276.0,178.0,7800.0,220.0,166.0,277.0,229.0,7671.0,305.0,180.0,280.0,146.0,7220.0,187.0,113.0,208.0,159.0,6632.0,160.0,146.28571428571428,283.0,195.14285714285714,7686.714285714285,242.71428571428572,142.28571428571428,269.14285714285717,194.42857142857142,7374.142857142857,243.35714285714286,-42.0,-47.57142857142857,-48.92857142857143,44.52286731877984,0,7,0
2023-08-01,87.0,246.0,173.0,8103.0,168.0,136.0,276.0,178.0,7800.0,220.0,134.0,294.0,186.0,7510.0,136.0,174.0,285.0,150.0,6874.0,181.0,139.57142857142858,276.14285714285717,193.28571428571428,7771.428571428572,247.28571428571428,136.07142857142858,266.35714285714283,196.07142857142858,7461.928571428572,242.42857142857142,5.0,-54.0,-46.357142857142854,28.425340807103105,1,8,0
2023-08-02,84.0,171.0,157.0,8261.0,271.0,87.0,246.0,173.0,8103.0,168.0,202.0,313.0,158.0,7647.0,215.0,104.0,230.0,206.0,7001.0,226.0,122.71428571428571,255.85714285714286,193.14285714285714,7859.142857142857,255.28571428571428,134.64285714285714,262.14285714285717,192.57142857142858,7551.928571428572,245.64285714285714,-114.0,-62.142857142857146,-53.07142857142857,36.457411552972594,2,8,0
2023-08-03,167.0,209.0,157.0,8294.0,339.0,84.0,171.0,157.0,8261.0,271.0,110.0,272.0,193.0,7754.0,259.0,147.0,276.0,214.0,7116.0,281.0,130.85714285714286,246.85714285714286,188.0,7936.285714285715,266.7142857142857,136.07142857142858,257.35714285714283,188.5,7636.071428571428,249.78571428571428,-182.0,-78.71428571428571,-61.285714285714285,58.31441870216486,3,8,0
2023-08-04,148.0,221.0,158.0,8295.0,333.0,167.0,209.0,157.0,8294.0,339.0,129.0,274.0,205.0,7726.0,274.0,134.0,257.0,214.0,7095.0,279.0,133.57142857142858,239.28571428571428,181.28571428571428,8017.571428571428,275.14285714285717,137.07142857142858,254.78571428571428,184.5,7721.785714285715,253.64285714285714,-175.0,-93.85714285714286,-69.14285714285714,68.28232707279506,4,8,0
2023-08-05,128.0,233.0,158.0,8297.0,328.0,148.0,221.0,158.0,8295.0,333.0,147.0,275.0,217.0,7699.0,290.0,121.0,239.0,213.0,7073.0,278.0,130.85714285714286,233.28571428571428,172.85714285714286,8103.0,280.57142857142856,137.57142857142858,254.35714285714286,180.57142857142858,7809.214285714285,257.2142857142857,-170.0,-107.71428571428571,-76.64285714285714,73.02217536637804,5,8,1
2023-08-06,109.0,245.0,159.0,8298.0,322.0,128.0,233.0,158.0,8297.0,328.0,166.0,277.0,229.0,7671.0,305.0,108.0,220.0,213.0,7052.0,276.0,122.71428571428571,228.71428571428572,162.85714285714286,8192.57142857143,283.0,137.64285714285714,256.14285714285717,176.71428571428572,7898.214285714285,260.5,-163.0,-120.14285714285714,-83.78571428571429,74.12023693843334,6,8,1
2023-08-07,156.0,256.0,176.0,8493.0,202.0,109.0,245.0,159.0,8298.0,322.0,136.0,276.0,178.0,7800.0,220.0,180.0,280.0,146.0,7220.0,187.0,125.57142857142857,225.85714285714286,162.57142857142858,8291.57142857143,280.42857142857144,135.92857142857142,254.42857142857142,178.85714285714286,7989.142857142857,261.57142857142856,-26.0,-117.85714285714286,-82.71428571428571,77.11772077248413,0,8,0
2023-08-08,125.0,232.0,192.0,8725.0,207.0,156.0,256.0,176.0,8493.0,202.0,87.0,246.0,173.0,8103.0,168.0,134.0,294.0,186.0,7510.0,136.0,131.0,223.85714285714286,165.28571428571428,8380.42857142857,286.0,135.28571428571428,250.0,179.28571428571428,8075.928571428572,266.64285714285717,-15.0,-120.71428571428571,-87.35714285714286,72.00859737030065,1,8,0
2023-08-09,118.0,139.0,168.0,8888.0,251.0,125.0,232.0,192.0,8725.0,207.0,84.0,171.0,157.0,8261.0,271.0,202.0,313.0,158.0,7647.0,215.0,135.85714285714286,219.28571428571428,166.85714285714286,8470.0,283.14285714285717,129.28571428571428,237.57142857142858,180.0,8164.571428571428,269.2142857142857,-83.0,-116.28571428571429,-89.21428571428571,73.4295905061763,2,8,0
2023-08-10,142.0,235.0,139.0,8914.0,353.0,118.0,139.0,168.0,8888.0,251.0,167.0,209.0,157.0,8294.0,339.0,110.0,272.0,193.0,7754.0,259.0,132.28571428571428,223.0,164.28571428571428,8558.57142857143,285.14285714285717,131.57142857142858,234.92857142857142,176.14285714285714,8247.42857142857,275.92857142857144,-214.0,-120.85714285714286,-99.78571428571429,78.98824505673507,3,8,0
2023-08-11,143.0,237.0,145.0,9034.0,342.0,142.0,235.0,139.0,8914.0,353.0,148.0,221.0,158.0,8295.0,333.0,129.0,274.0,205.0,7726.0,274.0,131.57142857142858,225.28571428571428,162.42857142857142,8664.142857142857,286.42857142857144,132.57142857142858,232.28571428571428,171.85714285714286,8340.857142857143,280.7857142857143,-197.0,-124.0,-108.92857142857143,81.88609975651123,4,8,0
2023-08-12,144.0,238.0,151.0,9154.0,331.0,143.0,237.0,145.0,9034.0,342.0,128.0,233.0,158.0,8297.0,328.0,147.0,275.0,217.0,7699.0,290.0,133.85714285714286,226.0,161.42857142857142,8786.57142857143,286.85714285714283,132.35714285714286,229.64285714285714,167.14285714285714,8444.785714285714,283.7142857142857,-180.0,-125.42857142857143,-116.57142857142857,82.90327123191435,5,8,1
2023-08-13,145.0,240.0,157.0,9274.0,320.0,144.0,238.0,151.0,9154.0,331.0,109.0,245.0,159.0,8298.0,322.0,166.0,277.0,229.0,7671.0,305.0,139.0,225.28571428571428,161.14285714285714,8926.0,286.57142857142856,130.85714285714286,227.0,162.0,8559.285714285714,284.7857142857143,-163.0,-125.42857142857143,-122.78571428571429,82.90327123191435,6,8,1
2023-08-14,146.0,242.0,163.0,9394.0,310.0,145.0,240.0,157.0,9274.0,320.0,156.0,256.0,176.0,8493.0,202.0,136.0,276.0,178.0,7800.0,220.0,137.57142857142858,223.28571428571428,159.28571428571428,9054.714285714286,302.0,131.57142857142858,224.57142857142858,160.92857142857142,8673.142857142857,291.2142857142857,-147.0,-142.71428571428572,-130.28571428571428,70.38634878467612,0,8,0
2023-08-15,147.0,243.0,169.0,9514.0,299.0,146.0,242.0,163.0,9394.0,310.0,125.0,232.0,192.0,8725.0,207.0,87.0,246.0,173.0,8103.0,168.0,140.71428571428572,224.85714285714286,156.0,9167.42857142857,315.14285714285717,135.85714285714286,224.35714285714286,160.64285714285714,8773.92857142857,300.57142857142856,-130.0,-159.14285714285714,-139.92857142857142,44.13399510365576,1,8,0
2023-08-16,148.0,245.0,175.0,9634.0,288.0,147.0,243.0,169.0,9514.0,299.0,118.0,139.0,168.0,8888.0,251.0,84.0,171.0,157.0,8261.0,271.0,145.0,240.0,157.0,9274.0,320.42857142857144,140.42857142857142,229.64285714285714,161.92857142857142,8872.0,301.7857142857143,-113.0,-163.42857142857142,-139.85714285714286,36.26227214271561,2,8,0
2023-08-17,119.0,219.0,210.0,9694.0,407.0,148.0,245.0,175.0,9634.0,288.0,142.0,235.0,139.0,8914.0,353.0,167.0,209.0,157.0,8294.0,339.0,141.71428571428572,237.71428571428572,167.14285714285714,9385.42857142857,328.14285714285717,137.0,230.35714285714286,165.71428571428572,8972.0,306.64285714285717,-197.0,-161.0,-140.92857142857142,32.705758922040836,3,8,0
2023-08-18,114.0,216.0,190.0,9624.0,401.0,119.0,219.0,210.0,9694.0,407.0,143.0,237.0,145.0,9034.0,342.0,148.0,221.0,158.0,8295.0,333.0,137.57142857142858,234.71428571428572,173.57142857142858,9469.714285714286,336.57142857142856,134.57142857142858,230.0,168.0,9066.92857142857,311.5,-211.0,-163.0,-143.5,35.57620927904846,4,8,0
2023-08-19,110.0,213.0,169.0,9553.0,396.0,114.0,216.0,190.0,9624.0,401.0,144.0,238.0,151.0,9154.0,331.0,128.0,233.0,158.0,8297.0,328.0,132.71428571428572,231.14285714285714,176.14285714285714,9526.714285714286,345.85714285714283,133.28571428571428,228.57142857142858,168.78571428571428,9156.642857142857,316.35714285714283,-227.0,-169.71428571428572,-147.57142857142858,42.98338549453053,5,8,1
2023-08-20,105.0,210.0,149.0,9483.0,390.0,110.0,213.0,169.0,9553.0,396.0,145.0,240.0,157.0,9274.0,320.0,109.0,245.0,159.0,8298.0,322.0,127.0,226.85714285714286,175.0,9556.57142857143,355.85714285714283,133.0,226.07142857142858,168.07142857142858,9241.285714285714,321.2142857142857,-241.0,-180.85714285714286,-153.14285714285714,50.41966736446056,6,8,1
2023-08-21,143.0,203.0,163.0,9668.0,281.0,105.0,210.0,149.0,9483.0,390.0,146.0,242.0,163.0,9394.0,310.0,156.0,256.0,176.0,8493.0,202.0,126.57142857142857,221.28571428571428,175.0,9595.714285714286,351.7142857142857,132.07142857142858,222.28571428571428,167.14285714285714,9325.214285714286,326.85714285714283,-118.0,-176.71428571428572,-159.71428571428572,54.67697347669693,0,8,0
2023-08-22,119.0,209.0,152.0,9921.0,230.0,143.0,203.0,163.0,9668.0,281.0,147.0,243.0,169.0,9514.0,299.0,125.0,232.0,192.0,8725.0,207.0,122.57142857142857,216.42857142857142,172.57142857142858,9653.857142857143,341.85714285714283,131.64285714285714,220.64285714285714,164.28571428571428,9410.642857142857,328.5,-78.0,-169.28571428571428,-164.21428571428572,64.69599236870408,1,8,0
2023-08-23,155.0,212.0,181.0,10071.0,285.0,119.0,209.0,152.0,9921.0,230.0,148.0,245.0,175.0,9634.0,288.0,118.0,139.0,168.0,8888.0,251.0,123.57142857142857,211.71428571428572,173.42857142857142,9716.285714285714,341.42857142857144,134.28571428571428,225.85714285714286,165.21428571428572,9495.142857142857,330.92857142857144,-104.0,-168.0,-165.71428571428572,66.07571414672708,2,8,0
2023-08-24,109.0,214.0,173.0,10026.0,443.0,155.0,212.0,181.0,10071.0,285.0,119.0,219.0,210.0,9694.0,407.0,142.0,235.0,139.0,8914.0,353.0,122.14285714285714,211.0,168.14285714285714,9763.714285714286,346.57142857142856,131.92857142857142,224.35714285714286,167.64285714285714,9574.57142857143,337.35714285714283,-270.0,-178.42857142857142,-169.71428571428572,76.37376762313335,3,8,0
2023-08-25,136.0,237.0,179.0,9975.0,458.0,109.0,214.0,173.0,10026.0,443.0,114.0,216.0,190.0,9624.0,401.0,143.0,237.0,145.0,9034.0,342.0,125.28571428571429,214.0,166.57142857142858,9813.857142857143,354.7142857142857,131.42857142857142,224.35714285714286,170.07142857142858,9641.785714285714,345.64285714285717,-279.0,-188.14285714285714,-175.57142857142858,85.04004658870736,4,8,0
2023-08-26,164.0,260.0,186.0,9924.0,473.0,136.0,237.0,179.0,9975.0,458.0,110.0,213.0,169.0,9553.0,396.0,144.0,238.0,151.0,9154.0,331.0,133.0,220.71428571428572,169.0,9866.857142857143,365.7142857142857,132.85714285714286,225.92857142857142,172.57142857142858,9696.785714285714,355.7857142857143,-287.0,-196.71428571428572,-183.21428571428572,92.32138482084251,5,8,1
2023-08-27,191.0,283.0,192.0,9873.0,488.0,164.0,260.0,186.0,9924.0,473.0,105.0,210.0,149.0,9483.0,390.0,145.0,240.0,157.0,9274.0,320.0,145.28571428571428,231.14285714285714,175.14285714285714,9922.57142857143,379.7142857142857,136.14285714285714,229.0,175.07142857142858,9739.57142857143,367.7857142857143,-296.0,-204.57142857142858,-192.71428571428572,98.82957914655768,6,8,1
2023-08-28,170.0,297.0,196.0,10012.0,388.0,191.0,283.0,192.0,9873.0,488.0,143.0,203.0,163.0,9668.0,281.0,146.0,242.0,163.0,9394.0,310.0,149.14285714285714,244.57142857142858,179.85714285714286,9971.714285714286,395.0,137.85714285714286,232.92857142857142,177.42857142857142,9783.714285714286,373.35714285714283,-192.0,-215.14285714285714,-195.92857142857142,91.7286370614044,0,8,0
2023-08-29,152.0,272.0,214.0,10180.0,286.0,170.0,297.0,196.0,10012.0,388.0,119.0,209.0,152.0,9921.0,230.0,147.0,243.0,169.0,9514.0,299.0,153.85714285714286,253.57142857142858,188.71428571428572,10008.714285714286,403.0,138.21428571428572,235.0,180.64285714285714,9831.285714285714,372.42857142857144,-72.0,-214.28571428571428,-191.78571428571428,93.23932340258281,1,8,0
2023-08-30,239.0,367.0,224.0,10280.0,366.0,152.0,272.0,214.0,10180.0,286.0,155.0,212.0,181.0,10071.0,285.0,148.0,245.0,175.0,9634.0,288.0,165.85714285714286,275.7142857142857,194.85714285714286,10038.57142857143,414.57142857142856,144.71428571428572,243.71428571428572,184.14285714285714,9877.42857142857,378.0,-142.0,-219.71428571428572,-193.85714285714286,86.61930940560978,2,8,0
2023-08-31,113.0,280.0,237.0,10140.0,505.0,239.0,367.0,224.0,10280.0,366.0,109.0,214.0,173.0,10026.0,443.0,119.0,219.0,210.0,9694.0,407.0,166.42857142857142,285.14285714285717,204.0,10054.857142857143,423.42857142857144,144.28571428571428,248.07142857142858,186.07142857142858,9909.285714285714,385.0,-268.0,-219.42857142857142,-198.92857142857142,86.42888626467645,3,8,0
2023-09-01,134.0,286.0,224.0,10102.0,452.0,113.0,280.0,237.0,10140.0,505.0,136.0,237.0,179.0,9975.0,458.0,114.0,216.0,190.0,9624.0,401.0,166.14285714285714,292.14285714285717,210.42857142857142,10073.0,422.57142857142856,145.71428571428572,253.07142857142858,188.5,9943.42857142857,388.64285714285717,-228.0,-212.14285714285714,-200.14285714285714,82.63661127980455,4,9,0
2023-09-02,154.0,293.0,212.0,10064.0,399.0,134.0,286.0,224.0,10102.0,452.0,164.0,260.0,186.0,9924.0,473.0,110.0,213.0,169.0,9553.0,396.0,164.71428571428572,296.85714285714283,214.14285714285714,10093.0,412.0,148.85714285714286,258.7857142857143,191.57142857142858,9979.92857142857,388.85714285714283,-187.0,-197.85714285714286,-197.28571428571428,75.90877984227421,5,9,1
2023-09-03,175.0,300.0,200.0,10026.0,346.0,154.0,293.0,212.0,10064.0,399.0,191.0,283.0,192.0,9873.0,488.0,105.0,210.0,149.0,9483.0,390.0,162.42857142857142,299.2857142857143,215.28571428571428,10114.857142857143,391.7142857142857,153.85714285714286,265.2142857142857,195.21428571428572,10018.714285714286,385.7142857142857,-146.0,-176.42857142857142,-190.5,63.790953232301774,6,9,1
2023-09-04,196.0,306.0,187.0,9988.0,293.0,175.0,300.0,200.0,10026.0,346.0,170.0,297.0,196.0,10012.0,388.0,143.0,203.0,163.0,9668.0,281.0,166.14285714285714,300.57142857142856,214.0,10111.42857142857,378.14285714285717,157.64285714285714,272.57142857142856,196.92857142857142,10041.57142857143,386.57142857142856,-106.0,-164.14285714285714,-189.64285714285714,68.4066969709559,0,9,0
2023-09-05,236.0,330.0,222.0,10142.0,243.0,196.0,306.0,187.0,9988.0,293.0,152.0,272.0,214.0,10180.0,286.0,119.0,209.0,152.0,9921.0,230.0,178.14285714285714,308.85714285714283,215.14285714285714,10106.0,372.0,166.0,281.2142857142857,201.92857142857142,10057.357142857143,387.5,-21.0,-156.85714285714286,-185.57142857142858,81.34787145633368,1,9,0
2023-09-06,81.0,230.0,242.0,10356.0,291.0,236.0,330.0,222.0,10142.0,243.0,239.0,367.0,224.0,10280.0,366.0,155.0,212.0,181.0,10071.0,285.0,155.57142857142858,289.2857142857143,217.71428571428572,10116.857142857143,361.2857142857143,160.71428571428572,282.5,206.28571428571428,10077.714285714286,387.92857142857144,-49.0,-143.57142857142858,-181.64285714285714,91.17904938975316,2,9,0
2023-09-07,118.0,245.0,160.0,10419.0,398.0,81.0,230.0,242.0,10356.0,291.0,113.0,280.0,237.0,10140.0,505.0,109.0,214.0,173.0,10026.0,443.0,156.28571428571428,284.2857142857143,206.71428571428572,10156.714285714286,346.0,161.35714285714286,284.7142857142857,205.35714285714286,10105.785714285714,384.7142857142857,-238.0,-139.28571428571428,-179.35714285714286,84.84046653516681,3,9,0
2023-09-08,151.0,258.0,176.0,10373.0,393.0,118.0,245.0,160.0,10419.0,398.0,134.0,286.0,224.0,10102.0,452.0,136.0,237.0,179.0,9975.0,458.0,158.71428571428572,280.2857142857143,199.85714285714286,10195.42857142857,337.57142857142856,162.42857142857142,286.2142857142857,205.14285714285714,10134.214285714286,380.07142857142856,-217.0,-137.71428571428572,-174.92857142857142,83.00545019397678,4,9,0
2023-09-09,185.0,270.0,192.0,10328.0,387.0,151.0,258.0,176.0,10373.0,393.0,154.0,293.0,212.0,10064.0,399.0,164.0,260.0,186.0,9924.0,473.0,163.14285714285714,277.0,197.0,10233.142857142857,335.85714285714283,163.92857142857142,286.92857142857144,205.57142857142858,10163.07142857143,373.92857142857144,-195.0,-138.85714285714286,-168.35714285714286,83.84793492076109,5,9,1
2023-09-10,218.0,283.0,208.0,10282.0,382.0,185.0,270.0,192.0,10328.0,387.0,175.0,300.0,200.0,10026.0,346.0,191.0,283.0,192.0,9873.0,488.0,169.28571428571428,274.57142857142856,198.14285714285714,10269.714285714286,341.0,165.85714285714286,286.92857142857144,206.71428571428572,10192.285714285714,366.35714285714283,-174.0,-142.85714285714286,-159.64285714285714,84.90667145250045,6,9,1
2023-09-11,132.0,243.0,183.0,10492.0,277.0,218.0,283.0,208.0,10282.0,382.0,196.0,306.0,187.0,9988.0,293.0,170.0,297.0,196.0,10012.0,388.0,160.14285714285714,265.57142857142856,197.57142857142858,10341.714285714286,338.7142857142857,163.14285714285714,283.07142857142856,205.78571428571428,10226.57142857143,358.42857142857144,-94.0,-141.14285714285714,-152.64285714285714,85.89029547709599,0,9,0
2023-09-12,224.0,315.0,152.0,10649.0,316.0,132.0,243.0,183.0,10492.0,277.0,236.0,330.0,222.0,10142.0,243.0,152.0,272.0,214.0,10180.0,286.0,158.42857142857142,263.42857142857144,187.57142857142858,10414.142857142857,349.14285714285717,168.28571428571428,286.14285714285717,201.35714285714286,10260.07142857143,360.57142857142856,-164.0,-161.57142857142858,-159.21428571428572,67.61374895403333,1,9,0
2023-09-13,167.0,326.0,213.0,10678.0,343.0,224.0,315.0,152.0,10649.0,316.0,81.0,230.0,242.0,10356.0,291.0,239.0,367.0,224.0,10280.0,366.0,170.71428571428572,277.14285714285717,183.42857142857142,10460.142857142857,356.57142857142856,163.14285714285714,283.2142857142857,200.57142857142858,10288.5,358.92857142857144,-130.0,-173.14285714285714,-158.35714285714286,49.69382447021142,2,9,0
2023-09-14,209.0,353.0,232.0,10837.0,414.0,167.0,326.0,213.0,10678.0,343.0,118.0,245.0,160.0,10419.0,398.0,113.0,280.0,237.0,10140.0,505.0,183.71428571428572,292.57142857142856,193.71428571428572,10519.857142857143,358.85714285714283,170.0,288.42857142857144,200.21428571428572,10338.285714285714,352.42857142857144,-182.0,-165.14285714285714,-152.21428571428572,41.31355133378778,3,9,0
2023-09-15,190.0,320.0,250.0,10824.0,418.0,209.0,353.0,232.0,10837.0,414.0,151.0,258.0,176.0,10373.0,393.0,134.0,286.0,224.0,10102.0,452.0,189.28571428571428,301.42857142857144,204.28571428571428,10584.285714285714,362.42857142857144,174.0,290.85714285714283,202.07142857142858,10389.857142857143,350.0,-168.0,-158.14285714285714,-147.92857142857142,34.68154442653209,4,9,0
2023-09-16,172.0,286.0,268.0,10812.0,423.0,190.0,320.0,250.0,10824.0,418.0,185.0,270.0,192.0,10328.0,387.0,154.0,293.0,212.0,10064.0,399.0,187.42857142857142,303.7142857142857,215.14285714285714,10653.42857142857,367.57142857142856,175.28571428571428,290.35714285714283,206.07142857142858,10443.285714285714,351.7142857142857,-155.0,-152.42857142857142,-145.64285714285714,30.65864284263701,5,9,1
2023-09-17,153.0,253.0,286.0,10799.0,427.0,172.0,286.0,268.0,10812.0,423.0,218.0,283.0,208.0,10282.0,382.0,175.0,300.0,200.0,10026.0,346.0,178.14285714285714,299.42857142857144,226.28571428571428,10727.285714285714,374.0,173.71428571428572,287.0,212.21428571428572,10498.5,357.5,-141.0,-147.71428571428572,-145.28571428571428,29.29570096853961,6,9,1
2023-09-18,180.0,337.0,219.0,10892.0,313.0,153.0,253.0,286.0,10799.0,427.0,132.0,243.0,183.0,10492.0,277.0,196.0,306.0,187.0,9988.0,293.0,185.0,312.85714285714283,231.42857142857142,10784.42857142857,379.14285714285717,172.57142857142858,289.2142857142857,214.5,10563.07142857143,358.92857142857144,-94.0,-147.71428571428572,-144.42857142857142,29.29570096853961,0,9,0
2023-09-19,133.0,287.0,189.0,11095.0,260.0,180.0,337.0,219.0,10892.0,313.0,224.0,315.0,152.0,10649.0,316.0,236.0,330.0,222.0,10142.0,243.0,172.0,308.85714285714283,236.71428571428572,10848.142857142857,371.14285714285717,165.21428571428572,286.14285714285717,212.14285714285714,10631.142857142857,360.14285714285717,-71.0,-134.42857142857142,-148.0,39.86166555667715,1,9,0
2023-09-20,187.0,310.0,247.0,11064.0,364.0,133.0,287.0,189.0,11095.0,260.0,167.0,326.0,213.0,10678.0,343.0,81.0,230.0,242.0,10356.0,291.0,174.85714285714286,306.57142857142856,241.57142857142858,10903.285714285714,374.14285714285717,172.78571428571428,291.85714285714283,212.5,10681.714285714286,365.35714285714283,-117.0,-132.57142857142858,-152.85714285714286,40.40155583991432,2,9,0
2023-09-21,168.0,285.0,210.0,11067.0,428.0,187.0,310.0,247.0,11064.0,364.0,209.0,353.0,232.0,10837.0,414.0,118.0,245.0,160.0,10419.0,398.0,169.0,296.85714285714283,238.42857142857142,10936.142857142857,376.14285714285717,176.35714285714286,294.7142857142857,216.07142857142858,10728.0,367.5,-218.0,-137.71428571428572,-151.42857142857142,49.09757049561035,3,9,0
2023-09-22,202.0,327.0,208.0,10959.0,420.0,168.0,285.0,210.0,11067.0,428.0,190.0,320.0,250.0,10824.0,418.0,151.0,258.0,176.0,10373.0,393.0,170.71428571428572,297.85714285714283,232.42857142857142,10955.42857142857,376.42857142857144,180.0,299.64285714285717,218.35714285714286,10769.857142857143,369.42857142857144,-212.0,-144.0,-151.07142857142858,55.95831782079704,4,9,0
2023-09-23,235.0,370.0,206.0,10852.0,411.0,202.0,327.0,208.0,10959.0,420.0,172.0,286.0,268.0,10812.0,423.0,185.0,270.0,192.0,10328.0,387.0,179.71428571428572,309.85714285714283,223.57142857142858,10961.142857142857,374.7142857142857,183.57142857142858,306.7857142857143,219.35714285714286,10807.285714285714,371.14285714285717,-205.0,-151.14285714285714,-151.78571428571428,60.59545794702372,5,9,1
2023-09-24,269.0,412.0,204.0,10744.0,403.0,235.0,370.0,206.0,10852.0,411.0,153.0,253.0,286.0,10799.0,427.0,218.0,283.0,208.0,10282.0,382.0,196.28571428571428,332.57142857142856,211.85714285714286,10953.285714285714,371.2857142857143,187.21428571428572,316.0,219.07142857142858,10840.285714285714,372.64285714285717,-199.0,-159.42857142857142,-153.57142857142858,62.899012029488254,6,9,1
2023-09-25,100.0,255.0,236.0,10842.0,284.0,269.0,412.0,204.0,10744.0,403.0,180.0,337.0,219.0,10892.0,313.0,132.0,243.0,183.0,10492.0,277.0,184.85714285714286,320.85714285714283,214.28571428571428,10946.142857142857,367.14285714285717,184.92857142857142,316.85714285714283,222.85714285714286,10865.285714285714,373.14285714285717,-48.0,-152.85714285714286,-150.28571428571428,72.53833141043098,0,9,0
2023-09-26,205.0,294.0,177.0,10978.0,332.0,100.0,255.0,236.0,10842.0,284.0,133.0,287.0,189.0,11095.0,260.0,224.0,315.0,152.0,10649.0,316.0,195.14285714285714,321.85714285714283,212.57142857142858,10929.42857142857,377.42857142857144,183.57142857142858,315.35714285714283,224.64285714285714,10888.785714285714,374.2857142857143,-155.0,-164.85714285714286,-149.64285714285714,63.069878102066404,1,9,0
2023-09-27,161.0,304.0,211.0,11017.0,331.0,205.0,294.0,177.0,10978.0,332.0,187.0,310.0,247.0,11064.0,364.0,167.0,326.0,213.0,10678.0,343.0,191.42857142857142,321.0,207.42857142857142,10922.714285714286,372.7142857142857,183.14285714285714,313.7857142857143,224.5,10913.0,373.42857142857144,-120.0,-165.28571428571428,-148.92857142857142,62.69958608506189,2,9,0
2023-09-28,57.0,162.0,193.0,10984.0,447.0,161.0,304.0,211.0,11017.0,331.0,168.0,285.0,210.0,11067.0,428.0,209.0,353.0,232.0,10837.0,414.0,175.57142857142858,303.42857142857144,205.0,10910.857142857143,375.42857142857144,172.28571428571428,300.14285714285717,221.71428571428572,10923.5,375.7857142857143,-254.0,-170.42857142857142,-154.07142857142858,68.91264311396256,3,9,0
2023-09-29,65.0,149.0,179.0,10855.0,462.0,57.0,162.0,193.0,10984.0,447.0,202.0,327.0,208.0,10959.0,420.0,190.0,320.0,250.0,10824.0,418.0,156.0,278.0,200.85714285714286,10896.0,381.42857142857144,163.35714285714286,287.92857142857144,216.64285714285714,10925.714285714286,378.92857142857144,-283.0,-180.57142857142858,-162.28571428571428,80.33027063910819,4,9,0
2023-09-30,72.0,135.0,166.0,10727.0,478.0,65.0,149.0,179.0,10855.0,462.0,235.0,370.0,206.0,10852.0,411.0,172.0,286.0,268.0,10812.0,423.0,132.71428571428572,244.42857142857142,195.14285714285714,10878.142857142857,391.0,156.21428571428572,277.14285714285717,209.35714285714286,10919.642857142857,382.85714285714283,-312.0,-195.85714285714286,-173.5,94.65627038822893,5,9,1
2023-10-01,80.0,122.0,152.0,10598.0,493.0,72.0,135.0,166.0,10727.0,478.0,269.0,412.0,204.0,10744.0,403.0,153.0,253.0,286.0,10799.0,427.0,105.71428571428571,203.0,187.71428571428572,10857.285714285714,403.85714285714283,151.0,267.7857142857143,199.78571428571428,10905.285714285714,387.57142857142856,-341.0,-216.14285714285714,-187.78571428571428,109.49494443645712,6,10,1
2023-10-02,107.0,170.0,133.0,10724.0,284.0,80.0,122.0,152.0,10598.0,493.0,100.0,255.0,236.0,10842.0,284.0,180.0,337.0,219.0,10892.0,313.0,106.71428571428571,190.85714285714286,173.0,10840.42857142857,403.85714285714283,145.78571428571428,255.85714285714286,193.64285714285714,10893.285714285714,385.5,-151.0,-230.85714285714286,-191.85714285714286,87.93070865067273,0,10,0
2023-10-03,99.0,156.0,139.0,10818.0,287.0,107.0,170.0,133.0,10724.0,284.0,205.0,294.0,177.0,10978.0,332.0,133.0,287.0,189.0,11095.0,260.0,91.57142857142857,171.14285714285714,167.57142857142858,10817.57142857143,397.42857142857144,143.35714285714286,246.5,190.07142857142858,10873.5,387.42857142857144,-148.0,-229.85714285714286,-197.35714285714286,88.97083524284511,1,10,0
2023-10-04,25.0,66.0,94.0,10963.0,330.0,99.0,156.0,139.0,10818.0,287.0,161.0,304.0,211.0,11017.0,331.0,187.0,310.0,247.0,11064.0,364.0,72.14285714285714,137.14285714285714,150.85714285714286,10809.857142857143,397.2857142857143,131.78571428571428,229.07142857142858,179.14285714285714,10866.285714285714,385.0,-236.0,-246.42857142857142,-205.85714285714286,74.76821326128955,2,10,0
2023-10-05,35.0,70.0,53.0,11130.0,427.0,25.0,66.0,94.0,10963.0,330.0,57.0,162.0,193.0,10984.0,447.0,168.0,285.0,210.0,11067.0,428.0,69.0,124.0,130.85714285714286,10830.714285714286,394.42857142857144,122.28571428571429,213.71428571428572,167.92857142857142,10870.785714285714,384.92857142857144,-374.0,-263.57142857142856,-217.0,89.1643746923942,3,10,0
2023-10-06,37.0,71.0,56.0,11051.0,391.0,35.0,70.0,53.0,11130.0,427.0,65.0,149.0,179.0,10855.0,462.0,202.0,327.0,208.0,10959.0,420.0,65.0,112.85714285714286,113.28571428571429,10858.714285714286,384.2857142857143,110.5,195.42857142857142,157.07142857142858,10877.357142857143,382.85714285714283,-335.0,-271.0,-225.78571428571428,93.13073248575513,4,10,0
2023-10-07,39.0,72.0,58.0,10972.0,354.0,37.0,71.0,56.0,11051.0,391.0,72.0,135.0,166.0,10727.0,478.0,235.0,370.0,206.0,10852.0,411.0,60.285714285714285,103.85714285714286,97.85714285714286,10893.714285714286,366.57142857142856,96.5,174.14285714285714,146.5,10885.92857142857,378.7857142857143,-296.0,-268.7142857142857,-232.28571428571428,92.14791422076817,5,10,1
2023-10-08,41.0,72.0,61.0,10894.0,318.0,39.0,72.0,58.0,10972.0,354.0,80.0,122.0,152.0,10598.0,493.0,269.0,412.0,204.0,10744.0,403.0,54.714285714285715,96.71428571428571,84.85714285714286,10936.0,341.57142857142856,80.21428571428571,149.85714285714286,136.28571428571428,10896.642857142857,372.7142857142857,-257.0,-256.7142857142857,-236.42857142857142,86.45945925830239,6,10,1
2023-10-09,43.0,73.0,64.0,10815.0,282.0,41.0,72.0,61.0,10894.0,318.0,107.0,170.0,133.0,10724.0,284.0,100.0,255.0,236.0,10842.0,284.0,45.57142857142857,82.85714285714286,75.0,10949.0,341.2857142857143,76.14285714285714,136.85714285714286,124.0,10894.714285714286,372.57142857142856,-218.0,-266.2857142857143,-248.57142857142858,75.86548245790955,0,10,0
2023-10-10,41.0,60.0,71.0,10910.0,257.0,43.0,73.0,64.0,10815.0,282.0,99.0,156.0,139.0,10818.0,287.0,205.0,294.0,177.0,10978.0,332.0,37.285714285714285,69.14285714285714,65.28571428571429,10962.142857142857,337.0,64.42857142857143,120.14285714285714,116.42857142857143,10889.857142857143,367.2142857142857,-186.0,-271.7142857142857,-250.78571428571428,66.80996503944138,1,10,0
2023-10-11,65.0,83.0,65.0,10960.0,266.0,41.0,60.0,71.0,10910.0,257.0,25.0,66.0,94.0,10963.0,330.0,161.0,304.0,211.0,11017.0,331.0,43.0,71.57142857142857,61.142857142857146,10961.714285714286,327.85714285714283,57.57142857142857,104.35714285714286,106.0,10885.785714285714,362.57142857142856,-201.0,-266.7142857142857,-256.57142857142856,71.10019757523918,2,10,0
2023-10-12,38.0,80.0,82.0,10992.0,398.0,65.0,83.0,65.0,10960.0,266.0,35.0,70.0,53.0,11130.0,427.0,57.0,162.0,193.0,10984.0,447.0,43.42857142857143,73.0,65.28571428571429,10942.0,323.7142857142857,56.214285714285715,98.5,98.07142857142857,10886.357142857143,359.07142857142856,-316.0,-258.42857142857144,-261.0,58.83552538746469,3,10,0
2023-10-13,44.0,81.0,77.0,10852.0,410.0,38.0,80.0,82.0,10992.0,398.0,37.0,71.0,56.0,11051.0,391.0,65.0,149.0,179.0,10855.0,462.0,44.42857142857143,74.42857142857143,68.28571428571429,10913.57142857143,326.42857142857144,54.714285714285715,93.64285714285714,90.78571428571429,10886.142857142857,355.35714285714283,-333.0,-258.14285714285717,-264.57142857142856,58.404990002077845,4,10,0
2023-10-14,50.0,81.0,73.0,10711.0,422.0,44.0,81.0,77.0,10852.0,410.0,39.0,72.0,58.0,10972.0,354.0,72.0,135.0,166.0,10727.0,478.0,46.0,75.71428571428571,70.42857142857143,10876.285714285714,336.14285714285717,53.142857142857146,89.78571428571429,84.14285714285714,10885.0,351.35714285714283,-349.0,-265.7142857142857,-267.2142857142857,66.94205027662396,5,10,1
2023-10-15,56.0,82.0,68.0,10571.0,434.0,50.0,81.0,73.0,10711.0,422.0,41.0,72.0,61.0,10894.0,318.0,80.0,122.0,152.0,10598.0,493.0,48.142857142857146,77.14285714285714,71.42857142857143,10830.142857142857,352.7142857142857,51.42857142857143,86.92857142857143,78.14285714285714,10883.07142857143,347.14285714285717,-366.0,-281.2857142857143,-269.0,76.56307701434622,6,10,1
2023-10-16,74.0,103.0,80.0,10629.0,331.0,56.0,82.0,68.0,10571.0,434.0,43.0,73.0,64.0,10815.0,282.0,107.0,170.0,133.0,10724.0,284.0,52.57142857142857,81.42857142857143,73.71428571428571,10803.57142857143,359.7142857142857,49.07142857142857,82.14285714285714,74.35714285714286,10876.285714285714,350.5,-251.0,-286.0,-276.14285714285717,72.94746968424114,0,10,0
2023-10-17,68.0,107.0,102.0,10630.0,315.0,74.0,103.0,80.0,10629.0,331.0,41.0,60.0,71.0,10910.0,257.0,99.0,156.0,139.0,10818.0,287.0,56.42857142857143,88.14285714285714,78.14285714285714,10763.57142857143,368.0,46.857142857142854,78.64285714285714,71.71428571428571,10862.857142857143,352.5,-213.0,-289.85714285714283,-280.7857142857143,67.27165963818744,1,10,0
2023-10-18,92.0,124.0,93.0,10511.0,393.0,68.0,107.0,102.0,10630.0,315.0,65.0,83.0,65.0,10960.0,266.0,25.0,66.0,94.0,10963.0,330.0,60.285714285714285,94.0,82.14285714285714,10699.42857142857,386.14285714285717,51.642857142857146,82.78571428571429,71.64285714285714,10830.57142857143,357.0,-300.0,-304.0,-285.35714285714283,54.711363840917706,2,10,0
2023-10-19,113.0,162.0,107.0,10319.0,406.0,92.0,124.0,93.0,10511.0,393.0,38.0,80.0,82.0,10992.0,398.0,35.0,70.0,53.0,11130.0,427.0,71.0,105.71428571428571,85.71428571428571,10603.285714285714,387.2857142857143,57.214285714285715,89.35714285714286,75.5,10772.642857142857,355.5,-299.0,-301.57142857142856,-280.0,54.466678323714504,3,10,0
2023-10-20,111.0,173.0,115.0,10048.0,422.0,113.0,162.0,107.0,10319.0,406.0,44.0,81.0,77.0,10852.0,410.0,37.0,71.0,56.0,11051.0,391.0,80.57142857142857,118.85714285714286,91.14285714285714,10488.42857142857,389.0,62.5,96.64285714285714,79.71428571428571,10701.0,357.7142857142857,-307.0,-297.85714285714283,-278.0,52.828113006329005,4,10,0
2023-10-21,108.0,185.0,123.0,9777.0,438.0,111.0,173.0,115.0,10048.0,422.0,50.0,81.0,73.0,10711.0,422.0,39.0,72.0,58.0,10972.0,354.0,88.85714285714286,133.71428571428572,98.28571428571429,10355.0,391.2857142857143,67.42857142857143,104.71428571428571,84.35714285714286,10615.642857142857,363.7142857142857,-315.0,-293.0,-279.35714285714283,48.74764951598464,5,10,1
2023-10-22,106.0,196.0,131.0,9506.0,454.0,108.0,185.0,123.0,9777.0,438.0,56.0,82.0,68.0,10571.0,434.0,41.0,72.0,61.0,10894.0,318.0,96.0,150.0,107.28571428571429,10202.857142857143,394.14285714285717,72.07142857142857,113.57142857142857,89.35714285714286,10516.5,373.42857142857144,-323.0,-286.85714285714283,-284.07142857142856,39.92671858721678,6,10,1
2023-10-23,86.0,152.0,168.0,9436.0,327.0,106.0,196.0,131.0,9506.0,454.0,74.0,103.0,80.0,10629.0,331.0,43.0,73.0,64.0,10815.0,282.0,97.71428571428571,157.0,119.85714285714286,10032.42857142857,393.57142857142856,75.14285714285714,119.21428571428571,96.78571428571429,10418.0,376.64285714285717,-159.0,-273.7142857142857,-279.85714285714283,62.47323236318661,0,10,0
2023-10-24,84.0,118.0,136.0,9396.0,300.0,86.0,152.0,168.0,9436.0,327.0,68.0,107.0,102.0,10630.0,315.0,41.0,60.0,71.0,10910.0,257.0,100.0,158.57142857142858,124.71428571428571,9856.142857142857,391.42857142857144,78.21428571428571,123.35714285714286,101.42857142857143,10309.857142857143,379.7142857142857,-164.0,-266.7142857142857,-278.2857142857143,72.37106762077904,1,10,0
2023-10-25,59.0,64.0,117.0,9351.0,293.0,84.0,118.0,136.0,9396.0,300.0,92.0,124.0,93.0,10511.0,393.0,65.0,83.0,65.0,10960.0,266.0,95.28571428571429,150.0,128.14285714285714,9690.42857142857,377.14285714285717,77.78571428571429,122.0,105.14285714285714,10194.92857142857,381.64285714285717,-176.0,-249.0,-276.5,77.83529619223711,2,10,0
2023-10-26,62.0,97.0,52.0,9235.0,390.0,59.0,64.0,117.0,9351.0,293.0,113.0,162.0,107.0,10319.0,406.0,38.0,80.0,82.0,10992.0,398.0,88.0,140.71428571428572,120.28571428571429,9535.57142857143,374.85714285714283,79.5,123.21428571428571,103.0,10069.42857142857,381.07142857142856,-338.0,-254.57142857142858,-278.07142857142856,83.22030429900502,3,10,0
2023-10-27,72.0,90.0,67.0,9132.0,399.0,62.0,97.0,52.0,9235.0,390.0,111.0,173.0,115.0,10048.0,422.0,44.0,81.0,77.0,10852.0,410.0,82.42857142857143,128.85714285714286,113.42857142857143,9404.714285714286,371.57142857142856,81.5,123.85714285714286,102.28571428571429,9946.57142857143,380.2857142857143,-332.0,-258.14285714285717,-278.0,86.32386416171063,4,10,0
2023-10-28,81.0,82.0,82.0,9028.0,409.0,72.0,90.0,67.0,9132.0,399.0,108.0,185.0,123.0,9777.0,438.0,50.0,81.0,73.0,10711.0,422.0,78.57142857142857,114.14285714285714,107.57142857142857,9297.714285714286,367.42857142857144,83.71428571428571,123.92857142857143,102.92857142857143,9826.357142857143,379.35714285714283,-327.0,-259.85714285714283,-276.42857142857144,87.74855852838535,5,10,1
2023-10-29,91.0,75.0,97.0,8925.0,418.0,81.0,82.0,82.0,9028.0,409.0,106.0,196.0,131.0,9506.0,454.0,56.0,82.0,68.0,10571.0,434.0,76.42857142857143,96.85714285714286,102.71428571428571,9214.714285714286,362.2857142857143,86.21428571428571,123.42857142857143,105.0,9708.785714285714,378.2142857142857,-321.0,-259.57142857142856,-273.2142857142857,87.51163187991445,6,10,1
2023-10-30,29.0,51.0,11.0,9026.0,278.0,91.0,75.0,97.0,8925.0,418.0,86.0,152.0,168.0,9436.0,327.0,74.0,103.0,80.0,10629.0,331.0,68.28571428571429,82.42857142857143,80.28571428571429,9156.142857142857,355.2857142857143,83.0,119.71428571428571,100.07142857142857,9594.285714285714,374.42857142857144,-267.0,-275.0,-274.35714285714283,75.52483035399645,0,10,0
2023-10-31,33.0,53.0,34.0,9072.0,295.0,29.0,51.0,11.0,9026.0,278.0,84.0,118.0,136.0,9396.0,300.0,68.0,107.0,102.0,10630.0,315.0,61.0,73.14285714285714,65.71428571428571,9109.857142857143,354.57142857142856,80.5,115.85714285714286,95.21428571428571,9483.0,373.0,-261.0,-288.85714285714283,-277.7857142857143,58.8144782952531,1,10,0
2023-11-01,132.0,235.0,197.0,9250.0,279.0,33.0,53.0,34.0,9072.0,295.0,59.0,64.0,117.0,9351.0,293.0,92.0,124.0,93.0,10511.0,393.0,71.42857142857143,97.57142857142857,77.14285714285714,9095.42857142857,352.57142857142856,83.35714285714286,123.78571428571429,102.64285714285714,9392.92857142857,364.85714285714283,-82.0,-275.42857142857144,-262.2142857142857,90.87144242070217,2,11,0
2023-11-02,174.0,208.0,256.0,9442.0,330.0,132.0,235.0,197.0,9250.0,279.0,62.0,97.0,52.0,9235.0,390.0,113.0,162.0,107.0,10319.0,406.0,87.42857142857143,113.42857142857143,106.28571428571429,9125.0,344.0,87.71428571428571,127.07142857142857,113.28571428571429,9330.285714285714,359.42857142857144,-74.0,-237.71428571428572,-246.14285714285714,112.72934294984915,3,11,0
2023-11-03,157.0,215.0,226.0,9386.0,343.0,174.0,208.0,256.0,9442.0,330.0,72.0,90.0,67.0,9132.0,399.0,111.0,173.0,115.0,10048.0,422.0,99.57142857142857,131.28571428571428,129.0,9161.285714285714,336.0,91.0,130.07142857142858,121.21428571428571,9283.0,353.7857142857143,-117.0,-207.0,-232.57142857142858,112.04612145600257,4,11,0
2023-11-04,140.0,223.0,197.0,9329.0,357.0,157.0,215.0,226.0,9386.0,343.0,81.0,82.0,82.0,9028.0,409.0,108.0,185.0,123.0,9777.0,438.0,108.0,151.42857142857142,145.42857142857142,9204.285714285714,328.57142857142856,93.28571428571429,132.78571428571428,126.5,9251.0,348.0,-160.0,-183.14285714285714,-221.5,99.2898594544082,5,11,1
2023-11-05,123.0,230.0,167.0,9273.0,370.0,140.0,223.0,197.0,9329.0,357.0,91.0,75.0,97.0,8925.0,418.0,106.0,196.0,131.0,9506.0,454.0,112.57142857142857,173.57142857142858,155.42857142857142,9254.0,321.7142857142857,94.5,135.21428571428572,129.07142857142858,9234.357142857143,342.0,-203.0,-166.28571428571428,-212.92857142857142,80.15758289293683,6,11,1
2023-11-06,123.0,233.0,159.0,9286.0,316.0,123.0,230.0,167.0,9273.0,370.0,29.0,51.0,11.0,9026.0,278.0,86.0,152.0,168.0,9436.0,327.0,126.0,199.57142857142858,176.57142857142858,9291.142857142857,327.14285714285717,97.14285714285714,141.0,128.42857142857142,9223.642857142857,341.2142857142857,-157.0,-150.57142857142858,-212.78571428571428,66.79036143750328,0,11,0
2023-11-07,141.0,232.0,188.0,9483.0,231.0,123.0,233.0,159.0,9286.0,316.0,33.0,53.0,34.0,9072.0,295.0,84.0,118.0,136.0,9396.0,300.0,141.42857142857142,225.14285714285714,198.57142857142858,9349.857142857143,318.0,101.21428571428571,149.14285714285714,132.14285714285714,9229.857142857143,336.2857142857143,-43.0,-119.42857142857143,-204.14285714285714,56.794533606844524,1,11,0
2023-11-08,158.0,226.0,191.0,9634.0,310.0,141.0,232.0,188.0,9483.0,231.0,132.0,235.0,197.0,9250.0,279.0,59.0,64.0,117.0,9351.0,293.0,145.14285714285714,223.85714285714286,197.71428571428572,9404.714285714286,322.42857142857144,108.28571428571429,160.71428571428572,137.42857142857142,9250.07142857143,337.5,-119.0,-124.71428571428571,-200.07142857142858,54.40194324260276,2,11,0
2023-11-09,142.0,210.0,202.0,9595.0,311.0,158.0,226.0,191.0,9634.0,310.0,174.0,208.0,256.0,9442.0,330.0,62.0,97.0,52.0,9235.0,390.0,140.57142857142858,224.14285714285714,190.0,9426.57142857143,319.7142857142857,114.0,168.78571428571428,148.14285714285714,9275.785714285714,331.85714285714283,-109.0,-129.71428571428572,-183.71428571428572,50.42722242900857,3,11,0
2023-11-10,127.0,193.0,212.0,9556.0,312.0,142.0,210.0,202.0,9595.0,311.0,157.0,215.0,226.0,9386.0,343.0,72.0,90.0,67.0,9132.0,399.0,136.28571428571428,221.0,188.0,9450.857142857143,315.2857142857143,117.92857142857143,176.14285714285714,158.5,9306.07142857143,325.64285714285717,-100.0,-127.28571428571429,-167.14285714285714,51.538704826936026,4,11,0
2023-11-11,112.0,176.0,222.0,9516.0,312.0,127.0,193.0,212.0,9556.0,312.0,140.0,223.0,197.0,9329.0,357.0,81.0,82.0,82.0,9028.0,409.0,132.28571428571428,214.28571428571428,191.57142857142858,9477.57142857143,308.85714285714283,120.14285714285714,182.85714285714286,168.5,9340.92857142857,318.7142857142857,-90.0,-117.28571428571429,-150.21428571428572,50.920573071251916,5,11,1
2023-11-12,96.0,160.0,233.0,9477.0,313.0,112.0,176.0,222.0,9516.0,312.0,123.0,230.0,167.0,9273.0,370.0,91.0,75.0,97.0,8925.0,418.0,128.42857142857142,204.28571428571428,201.0,9506.714285714286,300.7142857142857,120.5,188.92857142857142,178.21428571428572,9380.357142857143,311.2142857142857,-80.0,-99.71428571428571,-133.0,35.212281407269046,6,11,1
2023-11-13,141.0,173.0,129.0,9510.0,287.0,96.0,160.0,233.0,9477.0,313.0,123.0,233.0,159.0,9286.0,316.0,29.0,51.0,11.0,9026.0,278.0,131.0,195.71428571428572,196.71428571428572,9538.714285714286,296.57142857142856,128.5,197.64285714285714,186.64285714285714,9414.92857142857,311.85714285714283,-158.0,-99.85714285714286,-125.21428571428571,35.48440301234897,0,11,0
2023-11-14,116.0,181.0,182.0,9665.0,247.0,141.0,173.0,129.0,9510.0,287.0,141.0,232.0,188.0,9483.0,231.0,33.0,53.0,34.0,9072.0,295.0,127.42857142857143,188.42857142857142,195.85714285714286,9564.714285714286,298.85714285714283,134.42857142857142,206.78571428571428,197.21428571428572,9457.285714285714,308.42857142857144,-65.0,-103.0,-111.21428571428571,30.188297953566,1,11,0
2023-11-15,150.0,157.0,201.0,9762.0,316.0,116.0,181.0,182.0,9665.0,247.0,158.0,226.0,191.0,9634.0,310.0,132.0,235.0,197.0,9250.0,279.0,126.28571428571429,178.57142857142858,197.28571428571428,9583.0,299.7142857142857,135.71428571428572,201.21428571428572,197.5,9493.857142857143,311.07142857142856,-115.0,-102.42857142857143,-113.57142857142857,29.871151874101844,2,11,0
2023-11-16,80.0,176.0,125.0,9762.0,374.0,150.0,157.0,201.0,9762.0,316.0,142.0,210.0,202.0,9595.0,311.0,174.0,208.0,256.0,9442.0,330.0,117.42857142857143,173.71428571428572,186.28571428571428,9606.857142857143,308.7142857142857,129.0,198.92857142857142,188.14285714285714,9516.714285714286,314.2142857142857,-249.0,-122.42857142857143,-126.07142857142857,63.237270505235486,3,11,0
2023-11-17,92.0,180.0,138.0,9699.0,394.0,80.0,176.0,125.0,9762.0,374.0,127.0,193.0,212.0,9556.0,312.0,157.0,215.0,226.0,9386.0,343.0,112.42857142857143,171.85714285714286,175.71428571428572,9627.285714285714,320.42857142857144,124.35714285714286,196.42857142857142,181.85714285714286,9539.07142857143,317.85714285714283,-256.0,-144.71428571428572,-136.0,79.43071254394009,4,11,0
2023-11-18,104.0,184.0,151.0,9636.0,415.0,92.0,180.0,138.0,9699.0,394.0,112.0,176.0,222.0,9516.0,312.0,140.0,223.0,197.0,9329.0,357.0,111.28571428571429,173.0,165.57142857142858,9644.42857142857,335.14285714285717,121.78571428571429,193.64285714285714,178.57142857142858,9561.0,322.0,-264.0,-169.57142857142858,-143.42857142857142,86.37680464657353,5,11,1
2023-11-19,116.0,188.0,164.0,9573.0,435.0,104.0,184.0,151.0,9636.0,415.0,96.0,160.0,233.0,9477.0,313.0,123.0,230.0,167.0,9273.0,370.0,114.14285714285714,177.0,155.71428571428572,9658.142857142857,352.57142857142856,121.28571428571429,190.64285714285714,178.35714285714286,9582.42857142857,326.64285714285717,-271.0,-196.85714285714286,-148.28571428571428,83.48538509110125,6,11,1
2023-11-20,105.0,185.0,158.0,9638.0,298.0,116.0,188.0,164.0,9573.0,435.0,141.0,173.0,129.0,9510.0,287.0,123.0,233.0,159.0,9286.0,316.0,109.0,178.71428571428572,159.85714285714286,9676.42857142857,354.14285714285717,120.0,187.21428571428572,178.28571428571428,9607.57142857143,325.35714285714283,-140.0,-194.28571428571428,-147.07142857142858,85.14245765326511,0,11,0
2023-11-21,136.0,246.0,123.0,9804.0,250.0,105.0,185.0,158.0,9638.0,298.0,116.0,181.0,182.0,9665.0,247.0,141.0,232.0,188.0,9483.0,231.0,111.85714285714286,188.0,151.42857142857142,9696.285714285714,354.57142857142856,119.64285714285714,188.21428571428572,173.64285714285714,9630.5,326.7142857142857,-127.0,-203.14285714285714,-153.07142857142858,71.59941473556985,1,11,0
2023-11-22,132.0,237.0,150.0,9821.0,266.0,136.0,246.0,123.0,9804.0,250.0,150.0,157.0,201.0,9762.0,316.0,158.0,226.0,191.0,9634.0,310.0,109.28571428571429,199.42857142857142,144.14285714285714,9704.714285714286,347.42857142857144,117.78571428571429,189.0,170.71428571428572,9643.857142857143,323.57142857142856,-116.0,-203.28571428571428,-152.85714285714286,71.3949444655435,2,11,0
2023-11-23,128.0,228.0,177.0,9838.0,283.0,132.0,237.0,150.0,9821.0,266.0,80.0,176.0,125.0,9762.0,374.0,142.0,210.0,202.0,9595.0,311.0,116.14285714285714,206.85714285714286,151.57142857142858,9715.57142857143,334.42857142857144,116.78571428571429,190.28571428571428,168.92857142857142,9661.214285714286,321.57142857142856,-106.0,-182.85714285714286,-152.64285714285714,76.416465440873,3,11,0
2023-11-24,115.0,217.0,186.0,9840.0,293.0,128.0,228.0,177.0,9838.0,283.0,92.0,180.0,138.0,9699.0,394.0,127.0,193.0,212.0,9556.0,312.0,119.42857142857143,212.14285714285714,158.42857142857142,9735.714285714286,320.0,115.92857142857143,192.0,167.07142857142858,9681.5,320.2142857142857,-107.0,-161.57142857142858,-153.14285714285714,73.33679645502428,4,11,0
2023-11-25,103.0,207.0,196.0,9843.0,302.0,115.0,217.0,186.0,9840.0,293.0,104.0,184.0,151.0,9636.0,415.0,112.0,176.0,222.0,9516.0,312.0,119.28571428571429,215.42857142857142,164.85714285714286,9765.285714285714,303.85714285714283,115.28571428571429,194.21428571428572,165.21428571428572,9704.857142857143,319.5,-106.0,-139.0,-154.28571428571428,59.58187643906449,5,11,1
2023-11-26,90.0,196.0,205.0,9845.0,312.0,103.0,207.0,196.0,9843.0,302.0,116.0,188.0,164.0,9573.0,435.0,96.0,160.0,233.0,9477.0,313.0,115.57142857142857,216.57142857142858,170.71428571428572,9804.142857142857,286.2857142857143,114.85714285714286,196.78571428571428,163.21428571428572,9731.142857142857,319.42857142857144,-107.0,-115.57142857142857,-156.21428571428572,13.277263057033334,6,11,1
2023-11-27,56.0,82.0,68.0,10123.0,214.0,90.0,196.0,205.0,9845.0,312.0,105.0,185.0,158.0,9638.0,298.0,141.0,173.0,129.0,9510.0,287.0,108.57142857142857,201.85714285714286,157.85714285714286,9873.42857142857,274.2857142857143,108.78571428571429,190.28571428571428,158.85714285714286,9774.92857142857,314.2142857142857,-146.0,-116.42857142857143,-155.35714285714286,15.175167685586283,0,11,0
2023-11-28,74.0,103.0,80.0,10223.0,223.0,56.0,82.0,68.0,10123.0,214.0,136.0,246.0,123.0,9804.0,250.0,116.0,181.0,182.0,9665.0,247.0,99.71428571428571,181.42857142857142,151.71428571428572,9933.285714285714,270.42857142857144,105.78571428571429,184.71428571428572,151.57142857142858,9814.785714285714,312.5,-143.0,-118.71428571428571,-160.92857142857142,17.978823522078496,1,11,0
2023-11-29,68.0,107.0,102.0,10398.0,284.0,74.0,103.0,80.0,10223.0,223.0,132.0,237.0,150.0,9821.0,266.0,150.0,157.0,201.0,9762.0,316.0,90.57142857142857,162.85714285714286,144.85714285714286,10015.714285714286,273.0,99.92857142857143,181.14285714285714,144.5,9860.214285714286,310.2142857142857,-182.0,-128.14285714285714,-165.71428571428572,29.762552373905564,2,11,0
2023-11-30,92.0,124.0,93.0,10536.0,320.0,68.0,107.0,102.0,10398.0,284.0,128.0,228.0,177.0,9838.0,283.0,80.0,176.0,125.0,9762.0,374.0,85.42857142857143,148.0,132.85714285714286,10115.42857142857,278.2857142857143,100.78571428571429,177.42857142857142,142.21428571428572,9915.5,306.35714285714283,-227.0,-145.42857142857142,-164.14285714285714,45.65397807733366,3,11,0
2023-12-01,105.0,161.0,128.0,10550.0,352.0,92.0,124.0,93.0,10536.0,320.0,115.0,217.0,186.0,9840.0,293.0,92.0,180.0,138.0,9699.0,394.0,84.0,140.0,124.57142857142857,10216.857142857143,286.7142857142857,101.71428571428571,176.07142857142858,141.5,9976.285714285714,303.35714285714283,-224.0,-162.14285714285714,-161.85714285714286,50.409749623885325,4,12,0
2023-12-02,119.0,198.0,162.0,10565.0,385.0,105.0,161.0,128.0,10550.0,352.0,103.0,207.0,196.0,9843.0,302.0,104.0,184.0,151.0,9636.0,415.0,86.28571428571429,138.71428571428572,119.71428571428571,10320.0,298.57142857142856,102.78571428571429,177.07142857142858,142.28571428571428,10042.642857142857,301.2142857142857,-223.0,-178.85714285714286,-158.92857142857142,48.032726938440696,5,12,1
2023-12-03,132.0,235.0,197.0,10579.0,417.0,119.0,198.0,162.0,10565.0,385.0,90.0,196.0,205.0,9845.0,312.0,116.0,188.0,164.0,9573.0,435.0,92.28571428571429,144.28571428571428,118.57142857142857,10424.857142857143,313.57142857142856,103.92857142857143,180.42857142857142,144.64285714285714,10114.5,299.92857142857144,-220.0,-195.0,-155.28571428571428,37.74475681027254,6,12,1
2023-12-04,174.0,208.0,256.0,10635.0,273.0,132.0,235.0,197.0,10579.0,417.0,56.0,82.0,68.0,10123.0,214.0,105.0,185.0,158.0,9638.0,298.0,109.14285714285714,162.28571428571428,145.42857142857142,10498.0,322.0,108.85714285714286,182.07142857142858,151.64285714285714,10185.714285714286,298.14285714285717,-17.0,-176.57142857142858,-146.5,76.86971042583892,0,12,0
2023-12-05,123.0,230.0,167.0,10761.0,261.0,174.0,208.0,256.0,10635.0,273.0,74.0,103.0,80.0,10223.0,223.0,136.0,246.0,123.0,9804.0,250.0,116.14285714285714,180.42857142857142,157.85714285714286,10574.857142857143,327.42857142857144,107.92857142857143,180.92857142857142,154.78571428571428,10254.07142857143,298.92857142857144,-94.0,-169.57142857142858,-144.14285714285714,82.4638448914775,1,12,0
2023-12-06,123.0,233.0,159.0,10832.0,376.0,123.0,230.0,167.0,10761.0,261.0,68.0,107.0,102.0,10398.0,284.0,132.0,237.0,150.0,9821.0,266.0,124.0,198.42857142857142,166.0,10636.857142857143,340.57142857142856,107.28571428571429,180.64285714285714,155.42857142857142,10326.285714285714,306.7857142857143,-217.0,-174.57142857142858,-151.35714285714286,84.38178544144264,2,12,0
2023-12-07,141.0,232.0,188.0,10897.0,466.0,123.0,233.0,159.0,10832.0,376.0,92.0,124.0,93.0,10536.0,320.0,128.0,228.0,177.0,9838.0,283.0,131.0,213.85714285714286,179.57142857142858,10688.42857142857,361.42857142857144,108.21428571428571,180.92857142857142,156.21428571428572,10401.92857142857,319.85714285714283,-278.0,-181.85714285714286,-163.64285714285714,91.55950446099413,3,12,0
2023-12-08,147.0,230.0,189.0,10888.0,448.0,141.0,232.0,188.0,10897.0,466.0,105.0,161.0,128.0,10550.0,352.0,115.0,217.0,186.0,9840.0,293.0,137.0,223.71428571428572,188.28571428571428,10736.714285714286,375.14285714285717,110.5,181.85714285714286,156.42857142857142,10476.785714285714,330.92857142857144,-259.0,-186.85714285714286,-174.5,95.13048682630334,4,12,0
2023-12-09,152.0,228.0,190.0,10880.0,429.0,147.0,230.0,189.0,10888.0,448.0,119.0,198.0,162.0,10565.0,385.0,103.0,207.0,196.0,9843.0,302.0,141.71428571428572,228.0,192.28571428571428,10781.714285714286,381.42857142857144,114.0,183.35714285714286,156.0,10550.857142857143,340.0,-239.0,-189.14285714285714,-184.0,96.32830766261185,5,12,1
2023-12-10,158.0,226.0,191.0,10871.0,411.0,152.0,228.0,190.0,10880.0,429.0,132.0,235.0,197.0,10579.0,417.0,90.0,196.0,205.0,9845.0,312.0,145.42857142857142,226.71428571428572,191.42857142857142,10823.42857142857,380.57142857142856,118.85714285714286,185.5,155.0,10624.142857142857,347.07142857142856,-220.0,-189.14285714285714,-192.07142857142858,96.32830766261185,6,12,1
2023-12-11,96.0,160.0,233.0,10998.0,304.0,158.0,226.0,191.0,10871.0,411.0,174.0,208.0,256.0,10635.0,273.0,56.0,82.0,68.0,10123.0,214.0,134.28571428571428,219.85714285714286,188.14285714285714,10875.285714285714,385.0,121.71428571428571,191.07142857142858,166.78571428571428,10686.642857142857,353.5,-71.0,-196.85714285714286,-186.71428571428572,81.22279764415165,0,12,0
2023-12-12,141.0,173.0,129.0,11077.0,259.0,96.0,160.0,233.0,10998.0,304.0,123.0,230.0,167.0,10761.0,261.0,74.0,103.0,80.0,10223.0,223.0,136.85714285714286,211.71428571428572,182.71428571428572,10920.42857142857,384.7142857142857,126.5,196.07142857142858,170.28571428571428,10747.642857142857,356.07142857142856,-130.0,-202.0,-185.78571428571428,74.48489779814395,1,12,0
2023-12-13,116.0,181.0,182.0,11192.0,335.0,141.0,173.0,129.0,11077.0,259.0,123.0,233.0,159.0,10832.0,376.0,68.0,107.0,102.0,10398.0,284.0,135.85714285714286,204.28571428571428,186.0,10971.857142857143,378.85714285714283,129.92857142857142,201.35714285714286,176.0,10804.357142857143,359.7142857142857,-153.0,-192.85714285714286,-183.71428571428572,76.2439693165486,2,12,0
2023-12-14,150.0,157.0,201.0,11242.0,396.0,116.0,181.0,182.0,11192.0,335.0,141.0,232.0,188.0,10897.0,466.0,92.0,124.0,93.0,10536.0,320.0,137.14285714285714,193.57142857142858,187.85714285714286,11021.142857142857,368.85714285714283,134.07142857142858,203.71428571428572,183.71428571428572,10854.785714285714,365.14285714285717,-195.0,-181.0,-181.42857142857142,66.64583007710695,3,12,0
2023-12-15,127.0,163.0,176.0,11192.0,416.0,150.0,157.0,201.0,11242.0,396.0,147.0,230.0,189.0,10888.0,448.0,105.0,161.0,128.0,10550.0,352.0,134.28571428571428,184.0,186.0,11064.57142857143,364.2857142857143,135.64285714285714,203.85714285714286,187.14285714285714,10900.642857142857,369.7142857142857,-240.0,-178.28571428571428,-182.57142857142858,63.239529530492575,4,12,0
2023-12-16,103.0,170.0,150.0,11142.0,436.0,127.0,163.0,176.0,11192.0,416.0,152.0,228.0,190.0,10880.0,429.0,119.0,198.0,162.0,10565.0,385.0,127.28571428571429,175.71428571428572,180.28571428571428,11102.0,365.2857142857143,134.5,201.85714285714286,186.28571428571428,10941.857142857143,373.35714285714283,-286.0,-185.0,-187.07142857142858,72.56721022610658,5,12,1
2023-12-17,80.0,176.0,125.0,11092.0,456.0,103.0,170.0,150.0,11142.0,436.0,158.0,226.0,191.0,10871.0,411.0,132.0,235.0,197.0,10579.0,417.0,116.14285714285714,168.57142857142858,170.85714285714286,11133.57142857143,371.7142857142857,130.78571428571428,197.64285714285714,181.14285714285714,10978.5,376.14285714285717,-331.0,-200.85714285714286,-195.0,91.22029849294951,6,12,1
2023-12-18,116.0,188.0,164.0,11149.0,364.0,80.0,176.0,125.0,11092.0,456.0,96.0,160.0,233.0,10998.0,304.0,174.0,208.0,256.0,10635.0,273.0,119.0,172.57142857142858,161.0,11155.142857142857,380.2857142857143,126.64285714285714,196.21428571428572,174.57142857142858,11015.214285714286,382.64285714285717,-200.0,-219.28571428571428,-208.07142857142858,71.51623192374846,0,12,0
2023-12-19,105.0,185.0,158.0,11291.0,272.0,116.0,188.0,164.0,11149.0,364.0,141.0,173.0,129.0,11077.0,259.0,123.0,230.0,167.0,10761.0,261.0,113.85714285714286,174.28571428571428,165.14285714285714,11185.714285714286,382.14285714285717,125.35714285714286,193.0,173.92857142857142,11053.07142857143,383.42857142857144,-114.0,-217.0,-209.5,75.015553942721,1,12,0
2023-12-20,136.0,246.0,123.0,11516.0,390.0,105.0,185.0,158.0,11291.0,272.0,116.0,181.0,182.0,11192.0,335.0,123.0,233.0,159.0,10832.0,376.0,116.71428571428571,183.57142857142858,156.71428571428572,11232.0,390.0,126.28571428571429,193.92857142857142,171.35714285714286,11101.92857142857,384.42857142857144,-267.0,-233.28571428571428,-213.07142857142858,71.07675261226214,2,12,0
2023-12-21,128.0,228.0,177.0,11375.0,497.0,136.0,246.0,123.0,11516.0,390.0,150.0,157.0,201.0,11242.0,396.0,141.0,232.0,188.0,10897.0,466.0,113.57142857142857,193.71428571428572,153.28571428571428,11251.0,404.42857142857144,125.35714285714286,193.64285714285714,170.57142857142858,11136.07142857143,386.64285714285717,-320.0,-251.14285714285714,-216.07142857142858,75.42419720361282,3,12,0
2023-12-22,118.0,220.0,184.0,11317.0,460.0,128.0,228.0,177.0,11375.0,497.0,127.0,163.0,176.0,11192.0,416.0,147.0,230.0,189.0,10888.0,448.0,112.28571428571429,201.85714285714286,154.42857142857142,11268.857142857143,410.7142857142857,123.28571428571429,192.92857142857142,170.21428571428572,11166.714285714286,387.5,-276.0,-256.2857142857143,-217.28571428571428,75.76435900367697,4,12,0
2023-12-23,109.0,212.0,191.0,11260.0,422.0,118.0,220.0,184.0,11317.0,460.0,103.0,170.0,150.0,11142.0,436.0,152.0,228.0,190.0,10880.0,429.0,113.14285714285714,207.85714285714286,160.28571428571428,11285.714285714286,408.7142857142857,120.21428571428571,191.78571428571428,170.28571428571428,11193.857142857143,387.0,-231.0,-248.42857142857142,-216.71428571428572,75.0174582855151,5,12,1
2023-12-24,100.0,204.0,198.0,11202.0,384.0,109.0,212.0,191.0,11260.0,422.0,80.0,176.0,125.0,11092.0,456.0,158.0,226.0,191.0,10871.0,411.0,116.0,211.85714285714286,170.71428571428572,11301.42857142857,398.42857142857144,116.07142857142857,190.21428571428572,170.78571428571428,11217.5,385.07142857142856,-186.0,-227.71428571428572,-214.28571428571428,68.11929312051063,6,12,1
2023-12-25,90.0,196.0,205.0,11144.0,347.0,100.0,204.0,198.0,11202.0,384.0,116.0,188.0,164.0,11149.0,364.0,96.0,160.0,233.0,10998.0,304.0,112.28571428571429,213.0,176.57142857142858,11300.714285714286,396.0,115.64285714285714,192.78571428571428,168.78571428571428,11227.92857142857,388.14285714285717,-142.0,-219.42857142857142,-219.35714285714286,75.210498254027,0,12,0
2023-12-26,56.0,82.0,68.0,11217.0,288.0,90.0,196.0,205.0,11144.0,347.0,105.0,185.0,158.0,11291.0,272.0,141.0,173.0,129.0,11077.0,259.0,105.28571428571429,198.28571428571428,163.71428571428572,11290.142857142857,398.2857142857143,109.57142857142857,186.28571428571428,164.42857142857142,11237.92857142857,390.2142857142857,-220.0,-234.57142857142858,-225.78571428571428,59.469479967618675,1,12,0
2023-12-27,74.0,103.0,80.0,11206.0,335.0,56.0,82.0,68.0,11217.0,288.0,136.0,246.0,123.0,11516.0,390.0,116.0,181.0,182.0,11192.0,335.0,96.42857142857143,177.85714285714286,157.57142857142858,11245.857142857143,390.42857142857144,106.57142857142857,180.71428571428572,157.14285714285714,11238.92857142857,390.2142857142857,-255.0,-232.85714285714286,-233.07142857142858,58.54465125420205,2,12,0
2023-12-28,68.0,107.0,102.0,11230.0,357.0,74.0,103.0,80.0,11206.0,335.0,128.0,228.0,177.0,11375.0,497.0,150.0,157.0,201.0,11242.0,396.0,87.85714285714286,160.57142857142858,146.85714285714286,11225.142857142857,370.42857142857144,100.71428571428571,177.14285714285714,150.07142857142858,11238.07142857143,387.42857142857144,-255.0,-223.57142857142858,-237.35714285714286,46.29203366619718,3,12,0
2023-12-29,74.0,111.0,100.0,11140.0,340.0,68.0,107.0,102.0,11230.0,357.0,118.0,220.0,184.0,11317.0,460.0,127.0,163.0,176.0,11192.0,416.0,81.57142857142857,145.0,134.85714285714286,11199.857142857143,353.2857142857143,96.92857142857143,173.42857142857142,144.64285714285714,11234.357142857143,382.0,-240.0,-218.42857142857142,-237.35714285714286,41.218350051310075,4,12,0
2023-12-30,80.0,116.0,98.0,11050.0,324.0,74.0,111.0,100.0,11140.0,340.0,109.0,212.0,191.0,11260.0,422.0,103.0,170.0,150.0,11142.0,436.0,77.42857142857143,131.28571428571428,121.57142857142857,11169.857142857143,339.2857142857143,95.28571428571429,169.57142857142858,140.92857142857142,11227.785714285714,374.0,-226.0,-217.71428571428572,-233.07142857142858,41.00696804899603,5,12,1
2023-12-31,86.0,120.0,95.0,10960.0,307.0,80.0,116.0,98.0,11050.0,324.0,100.0,204.0,198.0,11202.0,384.0,80.0,176.0,125.0,11092.0,456.0,75.42857142857143,119.28571428571429,106.85714285714286,11135.285714285714,328.2857142857143,95.71428571428571,165.57142857142858,138.78571428571428,11218.357142857143,363.35714285714283,-212.0,-221.42857142857142,-224.57142857142858,38.772228647392275,6,12,1
2024-01-01,92.0,124.0,93.0,10870.0,290.0,86.0,120.0,95.0,10960.0,307.0,90.0,196.0,205.0,11144.0,347.0,116.0,188.0,164.0,11149.0,364.0,75.71428571428571,109.0,90.85714285714286,11096.142857142857,320.14285714285717,94.0,161.0,133.71428571428572,11198.42857142857,358.07142857142856,-197.0,-229.28571428571428,-224.35714285714286,21.891507377018325,0,1,0
2024-01-02,113.0,162.0,107.0,10770.0,316.0,92.0,124.0,93.0,10870.0,290.0,56.0,82.0,68.0,11217.0,288.0,105.0,185.0,158.0,11291.0,272.0,83.85714285714286,120.42857142857143,96.42857142857143,11032.285714285714,324.14285714285717,94.57142857142857,159.35714285714286,130.07142857142858,11161.214285714286,361.2142857142857,-209.0,-227.71428571428572,-231.14285714285714,23.034136158566504,1,1,0
2024-01-03,106.0,196.0,131.0,10718.0,263.0,113.0,162.0,107.0,10770.0,316.0,74.0,103.0,80.0,11206.0,335.0,136.0,246.0,123.0,11516.0,390.0,88.42857142857143,133.71428571428572,103.71428571428571,10962.57142857143,313.85714285714283,92.42857142857143,155.78571428571428,130.64285714285714,11104.214285714286,352.14285714285717,-132.0,-210.14285714285714,-221.5,39.662864963877844,2,1,0
2024-01-04,86.0,152.0,168.0,10558.0,362.0,106.0,196.0,131.0,10718.0,263.0,68.0,107.0,102.0,11230.0,357.0,128.0,228.0,177.0,11375.0,497.0,91.0,140.14285714285714,113.14285714285714,10866.57142857143,314.57142857142856,89.42857142857143,150.35714285714286,130.0,11045.857142857143,342.5,-194.0,-201.42857142857142,-212.5,34.53431695602214,3,1,0
2024-01-05,85.0,141.0,157.0,10262.0,364.0,86.0,152.0,168.0,10558.0,362.0,74.0,111.0,100.0,11140.0,340.0,118.0,220.0,184.0,11317.0,460.0,92.57142857142857,144.42857142857142,121.28571428571429,10741.142857142857,318.0,87.07142857142857,144.71428571428572,128.07142857142858,10970.5,335.64285714285717,-207.0,-196.71428571428572,-207.57142857142858,30.395801715117038,4,1,0
2024-01-06,85.0,129.0,147.0,9966.0,365.0,85.0,141.0,157.0,10262.0,364.0,80.0,116.0,98.0,11050.0,324.0,109.0,212.0,191.0,11260.0,422.0,93.28571428571429,146.28571428571428,128.28571428571428,10586.285714285714,323.85714285714283,85.35714285714286,138.78571428571428,124.92857142857143,10878.07142857143,331.57142857142856,-218.0,-195.57142857142858,-206.64285714285714,29.239568754554686,5,1,1
2024-01-07,84.0,118.0,136.0,9670.0,367.0,85.0,129.0,147.0,9966.0,365.0,86.0,120.0,95.0,10960.0,307.0,100.0,204.0,198.0,11202.0,384.0,93.0,146.0,134.14285714285714,10402.0,332.42857142857144,84.21428571428571,132.64285714285714,120.5,10768.642857142857,330.35714285714283,-231.0,-198.28571428571428,-209.85714285714286,31.789486132546692,6,1,1
2024-01-08,59.0,64.0,117.0,9670.0,367.0,84.0,118.0,136.0,9670.0,367.0,92.0,124.0,93.0,10870.0,290.0,90.0,196.0,205.0,11144.0,347.0,88.28571428571429,137.42857142857142,137.57142857142858,10230.57142857143,343.42857142857144,82.0,123.21428571428571,114.21428571428571,10663.357142857143,331.7857142857143,-250.0,-205.85714285714286,-217.57142857142858,37.27120681092588,0,1,0
2024-01-09,62.0,97.0,52.0,9311.0,286.0,59.0,64.0,117.0,9670.0,367.0,113.0,162.0,107.0,10770.0,316.0,56.0,82.0,68.0,11217.0,288.0,81.0,128.14285714285714,129.71428571428572,10022.142857142857,339.14285714285717,82.42857142857143,124.28571428571429,113.07142857142857,10527.214285714286,331.64285714285717,-234.0,-209.42857142857142,-218.57142857142858,38.78941927406235,1,1,0
2024-01-10,91.0,75.0,97.0,9144.0,349.0,62.0,97.0,52.0,9311.0,286.0,106.0,196.0,131.0,10718.0,263.0,74.0,103.0,80.0,11206.0,335.0,78.85714285714286,110.85714285714286,124.85714285714286,9797.285714285714,351.42857142857144,83.64285714285714,122.28571428571429,114.28571428571429,10379.92857142857,332.64285714285717,-252.0,-226.57142857142858,-218.35714285714286,21.555023721142174,2,1,0
2024-01-11,29.0,51.0,11.0,8829.0,476.0,91.0,75.0,97.0,9144.0,349.0,86.0,152.0,168.0,10558.0,362.0,68.0,107.0,102.0,11230.0,357.0,70.71428571428571,96.42857142857143,102.42857142857143,9550.285714285714,367.7142857142857,80.85714285714286,118.28571428571429,107.78571428571429,10208.42857142857,341.14285714285717,-465.0,-265.2857142857143,-233.35714285714286,89.52041533585913,3,1,0
2024-01-12,30.0,52.0,17.0,8630.0,416.0,29.0,51.0,11.0,8829.0,476.0,85.0,141.0,157.0,10262.0,364.0,74.0,111.0,100.0,11140.0,340.0,62.857142857142854,83.71428571428571,82.42857142857143,9317.142857142857,375.14285714285717,77.71428571428571,114.07142857142857,101.85714285714286,10029.142857142857,346.57142857142856,-399.0,-292.7142857142857,-244.71428571428572,97.72361414675946,4,1,0
2024-01-13,31.0,52.0,22.0,8431.0,355.0,30.0,52.0,17.0,8630.0,416.0,85.0,129.0,147.0,9966.0,365.0,80.0,116.0,98.0,11050.0,324.0,55.142857142857146,72.71428571428571,64.57142857142857,9097.857142857143,373.7142857142857,74.21428571428571,109.5,96.42857142857143,9842.07142857143,348.7857142857143,-333.0,-309.14285714285717,-252.35714285714286,92.60206724011522,5,1,1
2024-01-14,32.0,52.0,28.0,8232.0,294.0,31.0,52.0,22.0,8431.0,355.0,84.0,118.0,136.0,9670.0,367.0,86.0,120.0,95.0,10960.0,307.0,47.714285714285715,63.285714285714285,49.142857142857146,8892.42857142857,363.2857142857143,70.35714285714286,104.64285714285714,91.64285714285714,9647.214285714286,347.85714285714283,-266.0,-314.14285714285717,-256.2142857142857,88.53516922938678,6,1,1
2024-01-15,33.0,53.0,34.0,8033.0,234.0,32.0,52.0,28.0,8232.0,294.0,59.0,64.0,117.0,9670.0,367.0,92.0,124.0,93.0,10870.0,290.0,44.0,61.714285714285715,37.285714285714285,8658.57142857143,344.2857142857143,66.14285714285714,99.57142857142857,87.42857142857143,9444.57142857143,343.85714285714283,-200.0,-307.0,-256.42857142857144,96.25313847696931,0,1,0
2024-01-16,32.0,49.0,39.0,8133.0,188.0,33.0,53.0,34.0,8033.0,234.0,62.0,97.0,52.0,9311.0,286.0,113.0,162.0,107.0,10770.0,316.0,39.714285714285715,54.857142857142854,35.42857142857143,8490.285714285714,330.2857142857143,60.357142857142854,91.5,82.57142857142857,9256.214285714286,334.7142857142857,-149.0,-294.85714285714283,-252.14285714285714,111.19866391797531,1,1,0
2024-01-17,80.0,176.0,125.0,8072.0,353.0,32.0,49.0,39.0,8133.0,188.0,91.0,75.0,97.0,9144.0,349.0,106.0,196.0,131.0,10718.0,263.0,38.142857142857146,69.28571428571429,39.42857142857143,8337.142857142857,330.85714285714283,58.5,90.07142857142857,82.14285714285714,9067.214285714286,341.14285714285717,-228.0,-291.42857142857144,-259.0,113.09414535812931,2,1,0
2024-01-18,116.0,188.0,164.0,8042.0,359.0,80.0,176.0,125.0,8072.0,353.0,29.0,51.0,11.0,8829.0,476.0,86.0,152.0,168.0,10558.0,362.0,50.57142857142857,88.85714285714286,61.285714285714285,8224.714285714286,314.14285714285717,60.642857142857146,92.64285714285714,81.85714285714286,8887.5,340.92857142857144,-195.0,-252.85714285714286,-259.07142857142856,87.08124285483545,3,1,0
2024-01-19,112.0,187.0,162.0,8019.0,363.0,116.0,188.0,164.0,8042.0,359.0,30.0,52.0,17.0,8630.0,416.0,85.0,141.0,157.0,10262.0,364.0,62.285714285714285,108.14285714285714,82.0,8137.428571428572,306.57142857142856,62.57142857142857,95.92857142857143,82.21428571428571,8727.285714285714,340.85714285714283,-201.0,-224.57142857142858,-258.64285714285717,59.48349110707687,4,1,0
2024-01-20,109.0,186.0,160.0,7997.0,367.0,112.0,187.0,162.0,8019.0,363.0,31.0,52.0,22.0,8431.0,355.0,85.0,129.0,147.0,9966.0,365.0,73.42857142857143,127.28571428571429,101.71428571428571,8075.428571428572,308.2857142857143,64.28571428571429,100.0,83.14285714285714,8586.642857142857,341.0,-207.0,-206.57142857142858,-257.85714285714283,35.387649177159226,5,1,1
2024-01-21,105.0,185.0,158.0,7974.0,371.0,109.0,186.0,160.0,7997.0,367.0,32.0,52.0,28.0,8232.0,294.0,84.0,118.0,136.0,9670.0,367.0,83.85714285714286,146.28571428571428,120.28571428571429,8038.571428571428,319.2857142857143,65.78571428571429,104.78571428571429,84.71428571428571,8465.5,341.2857142857143,-213.0,-199.0,-256.57142857142856,24.56962894849354,6,1,1
2024-01-22,136.0,246.0,123.0,8008.0,222.0,105.0,185.0,158.0,7974.0,371.0,33.0,53.0,34.0,8033.0,234.0,59.0,64.0,117.0,9670.0,367.0,98.57142857142857,173.85714285714286,133.0,8035.0,317.57142857142856,71.28571428571429,117.78571428571429,85.14285714285714,8346.785714285714,330.92857142857144,-99.0,-184.57142857142858,-245.78571428571428,45.02538966278584,0,1,0
2024-01-23,128.0,228.0,177.0,8133.0,202.0,136.0,246.0,123.0,8008.0,222.0,32.0,49.0,39.0,8133.0,188.0,62.0,97.0,52.0,9311.0,286.0,112.28571428571429,199.42857142857142,152.71428571428572,8035.0,319.57142857142856,76.0,127.14285714285714,94.07142857142857,8262.642857142857,324.92857142857144,-25.0,-166.85714285714286,-230.85714285714286,75.45954450659538,1,1,0
2024-01-24,90.0,196.0,205.0,8212.0,243.0,128.0,228.0,177.0,8133.0,202.0,80.0,176.0,125.0,8072.0,353.0,91.0,75.0,97.0,9144.0,349.0,113.71428571428571,202.28571428571428,164.14285714285714,8055.0,303.85714285714283,75.92857142857143,135.78571428571428,101.78571428571429,8196.07142857143,317.35714285714283,-38.0,-139.71428571428572,-215.57142857142858,83.53983936963702,2,1,0
2024-01-25,102.0,189.0,155.0,8180.0,293.0,90.0,196.0,205.0,8212.0,243.0,116.0,188.0,164.0,8042.0,359.0,29.0,51.0,11.0,8829.0,476.0,111.71428571428571,202.42857142857142,162.85714285714286,8074.714285714285,294.42857142857144,81.14285714285714,145.64285714285714,112.07142857142857,8149.714285714285,304.2857142857143,-138.0,-131.57142857142858,-192.21428571428572,79.95385573953918,3,1,0
2024-01-26,108.0,212.0,145.0,8121.0,298.0,102.0,189.0,155.0,8180.0,293.0,112.0,187.0,162.0,8019.0,363.0,30.0,52.0,17.0,8630.0,416.0,111.14285714285714,206.0,160.42857142857142,8089.285714285715,285.14285714285717,86.71428571428571,157.07142857142858,121.21428571428571,8113.357142857143,295.85714285714283,-153.0,-124.71428571428571,-174.64285714285714,74.90597280527606,4,1,0
2024-01-27,114.0,234.0,136.0,8063.0,302.0,108.0,212.0,145.0,8121.0,298.0,109.0,186.0,160.0,7997.0,367.0,31.0,52.0,22.0,8431.0,355.0,111.85714285714286,212.85714285714286,157.0,8098.714285714285,275.85714285714283,92.64285714285714,170.07142857142858,129.35714285714286,8087.071428571428,292.07142857142856,-166.0,-118.85714285714286,-162.71428571428572,68.74937229150667,5,1,1
2024-01-28,120.0,257.0,126.0,8004.0,307.0,114.0,234.0,136.0,8063.0,302.0,105.0,185.0,158.0,7974.0,371.0,32.0,52.0,28.0,8232.0,294.0,114.0,223.14285714285714,152.42857142857142,8103.0,266.7142857142857,98.92857142857143,184.71428571428572,136.35714285714286,8070.785714285715,293.0,-181.0,-114.28571428571429,-156.64285714285714,62.197841028217574,6,1,1
2024-01-29,137.0,272.0,166.0,8057.0,195.0,120.0,257.0,126.0,8004.0,307.0,136.0,246.0,123.0,8008.0,222.0,33.0,53.0,34.0,8033.0,234.0,114.14285714285714,226.85714285714286,158.57142857142858,8110.0,262.85714285714283,106.35714285714286,200.35714285714286,145.78571428571428,8072.5,290.2142857142857,-29.0,-104.28571428571429,-144.42857142857142,70.18004057592226,0,1,0
2024-01-30,93.0,198.0,208.0,8182.0,187.0,137.0,272.0,166.0,8057.0,195.0,128.0,228.0,177.0,8133.0,202.0,32.0,49.0,39.0,8133.0,188.0,109.14285714285714,222.57142857142858,163.0,8117.0,260.7142857142857,110.71428571428571,211.0,157.85714285714286,8076.0,290.14285714285717,21.0,-97.71428571428571,-132.28571428571428,80.2697832016388,1,1,0
2024-01-31,203.0,477.0,258.0,8153.0,266.0,93.0,198.0,208.0,8182.0,187.0,90.0,196.0,205.0,8212.0,243.0,80.0,176.0,125.0,8072.0,353.0,125.28571428571429,262.7142857142857,170.57142857142858,8108.571428571428,264.0,119.5,232.5,167.35714285714286,8081.785714285715,283.92857142857144,-8.0,-93.42857142857143,-116.57142857142857,84.6696662385791,2,1,0
2024-02-01,222.0,459.0,289.0,8026.0,337.0,203.0,477.0,258.0,8153.0,266.0,102.0,189.0,155.0,8180.0,293.0,116.0,188.0,164.0,8042.0,359.0,142.42857142857142,301.2857142857143,189.71428571428572,8086.571428571428,270.2857142857143,127.07142857142857,251.85714285714286,176.28571428571428,8080.642857142857,282.35714285714283,-48.0,-80.57142857142857,-106.07142857142857,83.59995443152097,3,2,0
2024-02-02,232.0,483.0,275.0,7955.0,339.0,222.0,459.0,289.0,8026.0,337.0,108.0,212.0,145.0,8121.0,298.0,112.0,187.0,162.0,8019.0,363.0,160.14285714285714,340.0,208.28571428571428,8062.857142857143,276.14285714285717,135.64285714285714,273.0,184.35714285714286,8076.071428571428,280.64285714285717,-64.0,-67.85714285714286,-96.28571428571429,77.27748393814026,4,2,0
2024-02-03,243.0,507.0,262.0,7884.0,340.0,232.0,483.0,275.0,7955.0,339.0,114.0,234.0,136.0,8063.0,302.0,109.0,186.0,160.0,7997.0,367.0,178.57142857142858,379.0,226.28571428571428,8037.285714285715,281.57142857142856,145.21428571428572,295.92857142857144,191.64285714285714,8068.0,278.7142857142857,-78.0,-55.285714285714285,-87.07142857142857,64.8015284946127,5,2,1
2024-02-04,253.0,531.0,248.0,7813.0,342.0,243.0,507.0,262.0,7884.0,340.0,120.0,257.0,126.0,8004.0,307.0,105.0,185.0,158.0,7974.0,371.0,197.57142857142858,418.14285714285717,243.71428571428572,8010.0,286.57142857142856,155.78571428571428,320.64285714285717,198.07142857142858,8056.5,276.64285714285717,-94.0,-42.857142857142854,-78.57142857142857,40.43277783939078,6,2,1
2024-02-05,157.0,466.0,345.0,7872.0,242.0,253.0,531.0,248.0,7813.0,342.0,137.0,272.0,166.0,8057.0,195.0,136.0,246.0,123.0,8008.0,222.0,200.42857142857142,445.85714285714283,269.2857142857143,7983.571428571428,293.2857142857143,157.28571428571428,336.35714285714283,213.92857142857142,8046.785714285715,278.07142857142856,103.0,-24.0,-64.14285714285714,68.80164726710164,0,2,0
2024-02-06,291.0,455.0,323.0,8045.0,178.0,157.0,466.0,345.0,7872.0,242.0,93.0,198.0,208.0,8182.0,187.0,128.0,228.0,177.0,8133.0,202.0,228.71428571428572,482.57142857142856,285.7142857142857,7964.0,292.0,168.92857142857142,352.57142857142856,224.35714285714286,8040.5,276.35714285714283,145.0,-6.285714285714286,-52.0,93.75626963162574,1,2,0
2024-02-07,227.0,453.0,330.0,8160.0,222.0,291.0,455.0,323.0,8045.0,178.0,203.0,477.0,258.0,8153.0,266.0,90.0,196.0,205.0,8212.0,243.0,232.14285714285714,479.14285714285717,296.0,7965.0,285.7142857142857,178.71428571428572,370.92857142857144,233.28571428571428,8036.785714285715,274.85714285714283,108.0,10.285714285714286,-41.57142857142857,103.18060910480277,2,2,0
2024-02-08,298.0,499.0,358.0,8188.0,315.0,227.0,453.0,330.0,8160.0,222.0,222.0,459.0,289.0,8026.0,337.0,102.0,189.0,155.0,8180.0,293.0,243.0,484.85714285714283,305.85714285714283,7988.142857142857,282.57142857142856,192.71428571428572,393.07142857142856,247.78571428571428,8037.357142857143,276.42857142857144,43.0,23.285714285714285,-28.642857142857142,100.30572314298975,3,2,0
2024-02-09,267.0,504.0,314.0,8144.0,326.0,298.0,499.0,358.0,8188.0,315.0,232.0,483.0,275.0,7955.0,339.0,108.0,212.0,145.0,8121.0,298.0,248.0,487.85714285714283,311.42857142857144,8015.142857142857,280.7142857142857,204.07142857142858,413.92857142857144,259.85714285714283,8039.0,278.42857142857144,-12.0,30.714285714285715,-18.571428571428573,94.52286193599643,4,2,0
2024-02-10,236.0,510.0,270.0,8100.0,336.0,267.0,504.0,314.0,8144.0,326.0,243.0,507.0,262.0,7884.0,340.0,114.0,234.0,136.0,8063.0,302.0,247.0,488.2857142857143,312.57142857142856,8046.0,280.14285714285717,212.78571428571428,433.64285714285717,269.42857142857144,8041.642857142857,280.85714285714283,-66.0,32.42857142857143,-11.428571428571429,92.30539374427548,5,2,1
2024-02-11,205.0,515.0,226.0,8056.0,347.0,236.0,510.0,270.0,8100.0,336.0,253.0,531.0,248.0,7813.0,342.0,120.0,257.0,126.0,8004.0,307.0,240.14285714285714,486.0,309.42857142857144,8080.714285714285,280.85714285714283,218.85714285714286,452.07142857142856,276.57142857142856,8045.357142857143,283.7142857142857,-121.0,28.571428571428573,-7.142857142857143,98.80427983789836,6,2,1
2024-02-12,213.0,430.0,440.0,8092.0,234.0,205.0,515.0,226.0,8056.0,347.0,157.0,466.0,345.0,7872.0,242.0,137.0,272.0,166.0,8057.0,195.0,248.14285714285714,480.85714285714283,323.0,8112.142857142857,279.7142857142857,224.28571428571428,463.35714285714283,296.14285714285717,8047.857142857143,286.5,206.0,43.285714285714285,9.642857142857142,117.61478689024655,0,2,0
2024-02-13,227.0,369.0,349.0,8348.0,160.0,213.0,430.0,440.0,8092.0,234.0,291.0,455.0,323.0,8045.0,178.0,93.0,198.0,208.0,8182.0,187.0,239.0,468.57142857142856,326.7142857142857,8155.428571428572,277.14285714285717,233.85714285714286,475.57142857142856,306.2142857142857,8059.714285714285,284.57142857142856,189.0,49.57142857142857,21.642857142857142,124.90644117746315,1,2,0
2024-02-14,185.0,322.0,272.0,8512.0,230.0,227.0,369.0,349.0,8348.0,160.0,227.0,453.0,330.0,8160.0,222.0,203.0,477.0,258.0,8153.0,266.0,233.0,449.85714285714283,318.42857142857144,8205.714285714286,278.2857142857143,232.57142857142858,464.5,307.2142857142857,8085.357142857143,282.0,42.0,40.142857142857146,25.214285714285715,122.22305916019369,2,2,0
2024-02-15,333.0,508.0,272.0,8463.0,312.0,185.0,322.0,272.0,8512.0,230.0,298.0,499.0,358.0,8188.0,315.0,222.0,459.0,289.0,8026.0,337.0,238.0,451.14285714285717,306.14285714285717,8245.0,277.85714285714283,240.5,468.0,306.0,8116.571428571428,280.2142857142857,-40.0,28.285714285714285,25.785714285714285,125.8712494121332,3,2,0
2024-02-16,312.0,486.0,297.0,8442.0,288.0,333.0,508.0,272.0,8463.0,312.0,267.0,504.0,314.0,8144.0,326.0,232.0,483.0,275.0,7955.0,339.0,244.42857142857142,448.57142857142856,303.7142857142857,8287.57142857143,272.42857142857144,246.21428571428572,468.2142857142857,307.57142857142856,8151.357142857143,276.57142857142856,9.0,31.285714285714285,31.0,124.99828570253051,4,2,0
2024-02-17,291.0,464.0,322.0,8422.0,265.0,312.0,486.0,297.0,8442.0,288.0,236.0,510.0,270.0,8100.0,336.0,243.0,507.0,262.0,7884.0,340.0,252.28571428571428,442.0,311.14285714285717,8333.57142857143,262.2857142857143,249.64285714285714,465.14285714285717,311.85714285714283,8189.785714285715,271.2142857142857,57.0,48.857142857142854,40.642857142857146,117.46123980761854,5,2,1
2024-02-18,270.0,442.0,346.0,8401.0,242.0,291.0,464.0,322.0,8422.0,265.0,205.0,515.0,226.0,8056.0,347.0,253.0,531.0,248.0,7813.0,342.0,261.57142857142856,431.57142857142856,328.2857142857143,8382.857142857143,247.28571428571428,250.85714285714286,458.7857142857143,318.85714285714283,8231.785714285714,264.07142857142856,104.0,81.0,54.785714285714285,91.0494371207204,6,2,1
2024-02-19,249.0,420.0,371.0,8380.0,218.0,270.0,442.0,346.0,8401.0,242.0,213.0,430.0,440.0,8092.0,234.0,157.0,466.0,345.0,7872.0,242.0,266.7142857142857,430.14285714285717,318.42857142857144,8424.0,245.0,257.42857142857144,455.5,320.7142857142857,8268.07142857143,262.35714285714283,153.0,73.42857142857143,58.357142857142854,80.5167832253152,0,2,0
2024-02-20,149.0,395.0,273.0,8488.0,192.0,249.0,420.0,371.0,8380.0,218.0,227.0,369.0,349.0,8348.0,160.0,291.0,455.0,323.0,8045.0,178.0,255.57142857142858,433.85714285714283,307.57142857142856,8444.0,249.57142857142858,247.28571428571428,451.2142857142857,317.14285714285717,8299.714285714286,263.35714285714283,81.0,58.0,53.785714285714285,63.15589178110529,1,2,0
2024-02-21,232.0,430.0,318.0,8573.0,231.0,149.0,395.0,273.0,8488.0,192.0,185.0,322.0,272.0,8512.0,230.0,227.0,453.0,330.0,8160.0,222.0,262.2857142857143,449.2857142857143,314.14285714285717,8452.714285714286,249.71428571428572,247.64285714285714,449.57142857142856,316.2857142857143,8329.214285714286,264.0,87.0,64.42857142857143,52.285714285714285,63.54488477409018,2,2,0
2024-02-22,165.0,400.0,292.0,8607.0,293.0,232.0,430.0,318.0,8573.0,231.0,333.0,508.0,272.0,8463.0,312.0,298.0,499.0,358.0,8188.0,315.0,238.28571428571428,433.85714285714283,317.0,8473.285714285714,247.0,238.14285714285714,442.5,311.57142857142856,8359.142857142857,262.42857142857144,-1.0,70.0,49.142857142857146,53.829979255677635,3,2,0
2024-02-23,191.0,427.0,317.0,8539.0,305.0,165.0,400.0,292.0,8607.0,293.0,312.0,486.0,297.0,8442.0,288.0,267.0,504.0,314.0,8144.0,326.0,221.0,425.42857142857144,319.85714285714283,8487.142857142857,249.42857142857142,232.71428571428572,437.0,311.7857142857143,8387.357142857143,260.92857142857144,12.0,70.42857142857143,50.857142857142854,53.27243547044192,4,2,0
2024-02-24,218.0,455.0,341.0,8472.0,317.0,191.0,427.0,317.0,8539.0,305.0,291.0,464.0,322.0,8422.0,265.0,236.0,510.0,270.0,8100.0,336.0,210.57142857142858,424.14285714285717,322.57142857142856,8494.285714285714,256.85714285714283,231.42857142857142,433.07142857142856,316.85714285714283,8413.92857142857,259.57142857142856,24.0,65.71428571428571,57.285714285714285,56.04674919420494,5,2,1
2024-02-25,244.0,482.0,366.0,8404.0,329.0,218.0,455.0,341.0,8472.0,317.0,270.0,442.0,346.0,8401.0,242.0,205.0,515.0,226.0,8056.0,347.0,206.85714285714286,429.85714285714283,325.42857142857144,8494.714285714286,269.2857142857143,234.21428571428572,430.7142857142857,326.85714285714283,8438.785714285714,258.2857142857143,37.0,56.142857142857146,68.57142857142857,54.10615667811018,6,2,1
2024-02-26,199.0,438.0,326.0,8404.0,329.0,244.0,482.0,366.0,8404.0,329.0,249.0,420.0,371.0,8380.0,218.0,213.0,430.0,440.0,8092.0,234.0,199.71428571428572,432.42857142857144,319.0,8498.142857142857,285.14285714285717,233.21428571428572,431.2857142857143,318.7142857142857,8461.07142857143,265.07142857142856,-3.0,33.857142857142854,53.642857142857146,36.979402246064026,0,2,0
2024-02-27,197.0,369.0,306.0,8650.0,206.0,199.0,438.0,326.0,8404.0,329.0,149.0,395.0,273.0,8488.0,192.0,227.0,369.0,349.0,8348.0,160.0,206.57142857142858,428.7142857142857,323.7142857142857,8521.285714285714,287.14285714285717,231.07142857142858,431.2857142857143,315.64285714285717,8482.642857142857,268.35714285714283,100.0,36.57142857142857,47.285714285714285,41.44416783600634,1,2,0
2024-02-28,209.0,447.0,274.0,8699.0,257.0,197.0,369.0,306.0,8650.0,206.0,232.0,430.0,318.0,8573.0,231.0,185.0,322.0,272.0,8512.0,230.0,203.28571428571428,431.14285714285717,317.42857142857144,8539.285714285714,290.85714285714283,232.78571428571428,440.2142857142857,315.7857142857143,8496.0,270.2857142857143,17.0,26.571428571428573,45.5,35.227154028567156,2,2,0
2024-02-29,262.0,444.0,354.0,8724.0,299.0,209.0,447.0,274.0,8699.0,257.0,165.0,400.0,292.0,8607.0,293.0,333.0,508.0,272.0,8463.0,312.0,217.14285714285714,437.42857142857144,326.2857142857143,8556.0,291.7142857142857,227.71428571428572,435.64285714285717,321.64285714285717,8514.642857142857,269.35714285714283,55.0,34.57142857142857,52.285714285714285,34.267852490136136,3,2,0
2024-03-01,253.0,452.0,352.0,8681.0,317.0,262.0,444.0,354.0,8724.0,299.0,191.0,427.0,317.0,8539.0,305.0,312.0,486.0,297.0,8442.0,288.0,226.0,441.0,331.2857142857143,8576.285714285714,293.42857142857144,223.5,433.2142857142857,325.57142857142856,8531.714285714286,271.42857142857144,35.0,37.857142857142854,54.142857142857146,32.81477599816185,4,3,0
2024-03-02,245.0,460.0,349.0,8637.0,336.0,253.0,452.0,352.0,8681.0,317.0,218.0,455.0,341.0,8472.0,317.0,291.0,464.0,322.0,8422.0,265.0,229.85714285714286,441.7142857142857,332.42857142857144,8599.857142857143,296.14285714285717,220.21428571428572,432.92857142857144,327.5,8547.07142857143,276.5,13.0,36.285714285714285,51.0,33.83644133038782,5,3,1
2024-03-03,236.0,468.0,347.0,8594.0,354.0,245.0,460.0,349.0,8637.0,336.0,244.0,482.0,366.0,8404.0,329.0,270.0,442.0,346.0,8401.0,242.0,228.71428571428572,439.7142857142857,329.7142857142857,8627.0,299.7142857142857,217.78571428571428,434.7857142857143,327.57142857142856,8560.857142857143,284.5,-7.0,30.0,43.07142857142857,37.56327994198609,6,3,1
2024-03-04,225.0,509.0,340.0,8660.0,229.0,236.0,468.0,347.0,8594.0,354.0,199.0,438.0,326.0,8404.0,329.0,249.0,420.0,371.0,8380.0,218.0,232.42857142857142,449.85714285714283,331.7142857142857,8663.57142857143,285.42857142857144,216.07142857142858,441.14285714285717,325.35714285714283,8580.857142857143,285.2857142857143,111.0,46.285714285714285,40.07142857142857,44.872836199324915,0,3,0
2024-03-05,246.0,472.0,345.0,8800.0,214.0,225.0,509.0,340.0,8660.0,229.0,197.0,369.0,306.0,8650.0,206.0,149.0,395.0,273.0,8488.0,192.0,239.42857142857142,464.57142857142856,337.2857142857143,8685.0,286.57142857142856,223.0,446.64285714285717,330.5,8603.142857142857,286.85714285714283,131.0,50.714285714285715,43.642857142857146,52.01831179406708,1,3,0
2024-03-06,230.0,457.0,277.0,8870.0,232.0,246.0,472.0,345.0,8800.0,214.0,209.0,447.0,274.0,8699.0,257.0,232.0,430.0,318.0,8573.0,231.0,242.42857142857142,466.0,337.7142857142857,8709.42857142857,283.0,222.85714285714286,448.57142857142856,327.57142857142856,8624.357142857143,286.92857142857144,45.0,54.714285714285715,40.642857142857146,50.03237047390532,2,3,0
2024-03-07,181.0,424.0,328.0,8902.0,305.0,230.0,457.0,277.0,8870.0,232.0,262.0,444.0,354.0,8724.0,299.0,165.0,400.0,292.0,8607.0,293.0,230.85714285714286,463.14285714285717,334.0,8734.857142857143,283.85714285714283,224.0,450.2857142857143,330.14285714285717,8645.42857142857,287.7857142857143,23.0,50.142857142857146,42.357142857142854,51.443913055639605,3,3,0
2024-03-08,184.0,405.0,327.0,8839.0,328.0,181.0,424.0,328.0,8902.0,305.0,253.0,452.0,352.0,8681.0,317.0,191.0,427.0,317.0,8539.0,305.0,221.0,456.42857142857144,330.42857142857144,8757.42857142857,285.42857142857144,223.5,448.7142857142857,330.85714285714283,8666.857142857143,289.42857142857144,-1.0,45.0,41.42857142857143,54.89383693397055,4,3,0
2024-03-09,187.0,387.0,327.0,8777.0,350.0,184.0,405.0,327.0,8839.0,328.0,245.0,460.0,349.0,8637.0,336.0,218.0,455.0,341.0,8472.0,317.0,212.71428571428572,446.0,327.2857142857143,8777.42857142857,287.42857142857144,221.28571428571428,443.85714285714283,329.85714285714283,8688.642857142857,291.7857142857143,-23.0,39.857142857142854,38.07142857142857,59.853790109534465,5,3,1
2024-03-10,190.0,368.0,326.0,8714.0,373.0,187.0,387.0,327.0,8777.0,350.0,236.0,468.0,347.0,8594.0,354.0,244.0,482.0,366.0,8404.0,329.0,206.14285714285714,431.7142857142857,324.2857142857143,8794.57142857143,290.14285714285717,217.42857142857142,435.7142857142857,327.0,8710.785714285714,294.92857142857144,-47.0,34.142857142857146,32.07142857142857,66.60187327552836,6,3,1
2024-03-11,178.0,336.0,290.0,8757.0,253.0,190.0,368.0,326.0,8714.0,373.0,225.0,509.0,340.0,8660.0,229.0,199.0,438.0,326.0,8404.0,329.0,199.42857142857142,407.0,317.14285714285717,8808.42857142857,293.57142857142856,215.92857142857142,428.42857142857144,324.42857142857144,8736.0,289.5,37.0,23.571428571428573,34.92857142857143,57.63927232612959,0,3,0
2024-03-12,154.0,294.0,290.0,8843.0,213.0,178.0,336.0,290.0,8757.0,253.0,246.0,472.0,345.0,8800.0,214.0,197.0,369.0,306.0,8650.0,206.0,186.28571428571428,381.57142857142856,309.2857142857143,8814.57142857143,293.42857142857144,212.85714285714286,423.07142857142856,323.2857142857143,8749.785714285714,290.0,77.0,15.857142857142858,33.285714285714285,42.48697279335009,1,3,0
2024-03-13,165.0,358.0,167.0,8819.0,239.0,154.0,294.0,290.0,8843.0,213.0,230.0,457.0,277.0,8870.0,232.0,209.0,447.0,274.0,8699.0,257.0,177.0,367.42857142857144,293.57142857142856,8807.285714285714,294.42857142857144,209.71428571428572,416.7142857142857,315.64285714285717,8758.357142857143,288.7142857142857,-72.0,-0.8571428571428571,26.928571428571427,51.22638828907294,2,3,0
2024-03-14,166.0,301.0,252.0,8695.0,310.0,165.0,358.0,167.0,8819.0,239.0,181.0,424.0,328.0,8902.0,305.0,262.0,444.0,354.0,8724.0,299.0,174.85714285714286,349.85714285714283,282.7142857142857,8777.714285714286,295.14285714285717,202.85714285714286,406.5,308.35714285714283,8756.285714285714,289.5,-58.0,-12.428571428571429,18.857142857142858,54.01190344994079,3,3,0
2024-03-15,153.0,287.0,254.0,8588.0,321.0,166.0,301.0,252.0,8695.0,310.0,184.0,405.0,327.0,8839.0,328.0,253.0,452.0,352.0,8681.0,317.0,170.42857142857142,333.0,272.2857142857143,8741.857142857143,294.14285714285717,195.71428571428572,394.7142857142857,301.35714285714283,8749.642857142857,289.7857142857143,-67.0,-21.857142857142858,11.571428571428571,57.342330412557075,4,3,0
2024-03-16,140.0,274.0,257.0,8480.0,331.0,153.0,287.0,254.0,8588.0,321.0,187.0,387.0,327.0,8777.0,350.0,245.0,460.0,349.0,8637.0,336.0,163.71428571428572,316.85714285714283,262.2857142857143,8699.42857142857,291.42857142857144,188.21428571428572,381.42857142857144,294.7857142857143,8738.42857142857,289.42857142857144,-74.0,-29.142857142857142,5.357142857142857,60.655938350196735,5,3,1
2024-03-17,127.0,260.0,259.0,8373.0,342.0,140.0,274.0,257.0,8480.0,331.0,190.0,368.0,326.0,8714.0,373.0,236.0,468.0,347.0,8594.0,354.0,154.71428571428572,301.42857142857144,252.71428571428572,8650.714285714286,287.0,180.42857142857142,366.57142857142856,288.5,8722.642857142857,288.57142857142856,-83.0,-34.285714285714285,-0.07142857142857142,63.86369413502039,6,3,1
2024-03-18,123.0,243.0,188.0,8333.0,283.0,127.0,260.0,259.0,8373.0,342.0,178.0,336.0,290.0,8757.0,253.0,225.0,509.0,340.0,8660.0,229.0,146.85714285714286,288.14285714285717,238.14285714285714,8590.142857142857,291.2857142857143,173.14285714285714,347.57142857142856,277.64285714285717,8699.285714285714,292.42857142857144,-95.0,-53.142857142857146,-14.785714285714286,58.575958013018145,0,3,0
2024-03-19,99.0,202.0,256.0,8390.0,197.0,123.0,243.0,188.0,8333.0,283.0,154.0,294.0,290.0,8843.0,213.0,246.0,472.0,345.0,8800.0,214.0,139.0,275.0,233.28571428571428,8525.42857142857,289.0,162.64285714285714,328.2857142857143,271.2857142857143,8670.0,291.2142857142857,59.0,-55.714285714285715,-19.928571428571427,51.928522302983325,1,3,0
2024-03-20,91.0,181.0,174.0,8365.0,227.0,99.0,202.0,256.0,8390.0,197.0,165.0,358.0,167.0,8819.0,239.0,230.0,457.0,277.0,8870.0,232.0,128.42857142857142,249.71428571428572,234.28571428571428,8460.57142857143,287.2857142857143,152.71428571428572,308.57142857142856,263.92857142857144,8633.92857142857,290.85714285714283,-53.0,-53.0,-26.928571428571427,51.42956348249524,2,3,0
2024-03-21,132.0,261.0,141.0,8292.0,235.0,91.0,181.0,174.0,8365.0,227.0,166.0,301.0,252.0,8695.0,310.0,181.0,424.0,328.0,8902.0,305.0,123.57142857142857,244.0,218.42857142857142,8403.0,276.57142857142856,149.21428571428572,296.92857142857144,250.57142857142858,8590.357142857143,285.85714285714283,-94.0,-58.142857142857146,-35.285714285714285,53.76004889453566,3,3,0
2024-03-22,129.0,262.0,168.0,8161.0,281.0,132.0,261.0,141.0,8292.0,235.0,153.0,287.0,254.0,8588.0,321.0,184.0,405.0,327.0,8839.0,328.0,120.14285714285714,240.42857142857142,206.14285714285714,8342.0,270.85714285714283,145.28571428571428,286.7142857142857,239.21428571428572,8541.92857142857,282.5,-113.0,-64.71428571428571,-43.285714285714285,57.69088398731729,4,3,0
2024-03-23,127.0,263.0,194.0,8030.0,327.0,129.0,262.0,168.0,8161.0,281.0,140.0,274.0,257.0,8480.0,331.0,187.0,387.0,327.0,8777.0,350.0,118.28571428571429,238.85714285714286,197.14285714285714,8277.714285714286,270.2857142857143,141.0,277.85714285714283,229.71428571428572,8488.57142857143,280.85714285714283,-133.0,-73.14285714285714,-51.142857142857146,63.309895412509285,5,3,1
2024-03-24,124.0,264.0,221.0,7899.0,373.0,127.0,263.0,194.0,8030.0,327.0,127.0,260.0,259.0,8373.0,342.0,190.0,368.0,326.0,8714.0,373.0,117.85714285714286,239.42857142857142,191.71428571428572,8210.0,274.7142857142857,136.28571428571428,270.42857142857144,222.21428571428572,8430.357142857143,280.85714285714283,-152.0,-83.0,-58.642857142857146,70.10706098532448,6,3,1
2024-03-25,128.0,242.0,224.0,7899.0,229.0,124.0,264.0,221.0,7899.0,373.0,123.0,243.0,188.0,8333.0,283.0,178.0,336.0,290.0,8757.0,253.0,118.57142857142857,239.28571428571428,196.85714285714286,8148.0,267.0,132.71428571428572,263.7142857142857,217.5,8369.07142857143,279.14285714285717,-5.0,-70.14285714285714,-61.642857142857146,75.5787196050771,0,3,0
2024-03-26,187.0,276.0,200.0,7919.0,208.0,128.0,242.0,224.0,7899.0,229.0,99.0,202.0,256.0,8390.0,197.0,154.0,294.0,290.0,8843.0,213.0,131.14285714285714,249.85714285714286,188.85714285714286,8080.714285714285,268.57142857142856,135.07142857142858,262.42857142857144,211.07142857142858,8303.07142857143,278.7857142857143,-8.0,-79.71428571428571,-67.71428571428571,58.90023849899169,1,3,0
2024-03-27,129.0,287.0,185.0,7893.0,215.0,187.0,276.0,200.0,7919.0,208.0,91.0,181.0,174.0,8365.0,227.0,165.0,358.0,167.0,8819.0,239.0,136.57142857142858,265.0,190.42857142857142,8013.285714285715,266.85714285714283,132.5,257.35714285714283,212.35714285714286,8236.92857142857,277.07142857142856,-30.0,-76.42857142857143,-64.71428571428571,61.234133027414174,2,3,0
2024-03-28,161.0,288.0,248.0,7762.0,360.0,129.0,287.0,185.0,7893.0,215.0,132.0,261.0,141.0,8292.0,235.0,166.0,301.0,252.0,8695.0,310.0,140.71428571428572,268.85714285714283,205.71428571428572,7937.571428571428,284.7142857142857,132.14285714285714,256.42857142857144,212.07142857142858,8170.285714285715,280.64285714285717,-112.0,-79.0,-68.57142857142857,62.460654281982514,3,3,0
2024-03-29,142.0,277.0,216.0,7594.0,336.0,161.0,288.0,248.0,7762.0,360.0,129.0,262.0,168.0,8161.0,281.0,153.0,287.0,254.0,8588.0,321.0,142.57142857142858,271.0,212.57142857142858,7856.571428571428,292.57142857142856,131.35714285714286,255.71428571428572,209.35714285714286,8099.285714285715,281.7142857142857,-120.0,-80.0,-72.35714285714286,63.14797436709014,4,3,0
2024-03-30,124.0,265.0,183.0,7425.0,311.0,142.0,277.0,216.0,7594.0,336.0,127.0,263.0,194.0,8030.0,327.0,140.0,274.0,257.0,8480.0,331.0,142.14285714285714,271.2857142857143,211.0,7770.142857142857,290.2857142857143,130.21428571428572,255.07142857142858,204.07142857142858,8023.928571428572,280.2857142857143,-128.0,-79.28571428571429,-76.21428571428571,62.47323236318711,5,3,1
2024-03-31,105.0,254.0,151.0,7257.0,287.0,124.0,265.0,183.0,7425.0,311.0,124.0,264.0,221.0,7899.0,373.0,127.0,260.0,259.0,8373.0,342.0,139.42857142857142,269.85714285714283,201.0,7678.428571428572,278.0,128.64285714285714,254.64285714285714,196.35714285714286,7944.214285714285,276.35714285714283,-136.0,-77.0,-80.0,59.595861153830754,6,3,1
2024-04-01,109.0,235.0,171.0,7271.0,172.0,105.0,254.0,151.0,7257.0,287.0,128.0,242.0,224.0,7899.0,229.0,123.0,243.0,188.0,8333.0,283.0,136.71428571428572,268.85714285714283,193.42857142857142,7588.714285714285,269.85714285714283,127.64285714285714,254.07142857142858,195.14285714285714,7868.357142857143,268.42857142857144,-1.0,-76.42857142857143,-73.28571428571429,60.41483576864534,0,4,0
2024-04-02,101.0,230.0,175.0,7340.0,132.0,109.0,235.0,171.0,7271.0,172.0,187.0,276.0,200.0,7919.0,208.0,99.0,202.0,256.0,8390.0,197.0,124.42857142857143,262.2857142857143,189.85714285714286,7506.0,259.0,127.78571428571429,256.07142857142856,189.35714285714286,7793.357142857143,263.7857142857143,43.0,-69.14285714285714,-74.42857142857143,72.0056214736706,1,4,0
2024-04-03,124.0,230.0,190.0,7346.0,163.0,101.0,230.0,175.0,7340.0,132.0,129.0,287.0,185.0,7893.0,215.0,91.0,181.0,174.0,8365.0,227.0,123.71428571428571,254.14285714285714,190.57142857142858,7427.857142857143,251.57142857142858,130.14285714285714,259.57142857142856,190.5,7720.571428571428,259.2142857142857,27.0,-61.0,-68.71428571428571,79.95415352979903,2,4,0
2024-04-04,95.0,226.0,152.0,7317.0,225.0,124.0,230.0,190.0,7346.0,163.0,161.0,288.0,248.0,7762.0,360.0,132.0,261.0,141.0,8292.0,235.0,114.28571428571429,245.28571428571428,176.85714285714286,7364.285714285715,232.28571428571428,127.5,257.07142857142856,191.28571428571428,7650.928571428572,258.5,-73.0,-55.42857142857143,-67.21428571428571,77.11648579228951,3,4,0
2024-04-05,99.0,230.0,179.0,7205.0,243.0,95.0,226.0,152.0,7317.0,225.0,142.0,277.0,216.0,7594.0,336.0,129.0,262.0,168.0,8161.0,281.0,108.14285714285714,238.57142857142858,171.57142857142858,7308.714285714285,219.0,125.35714285714286,254.78571428571428,192.07142857142858,7582.642857142857,255.78571428571428,-64.0,-47.42857142857143,-63.714285714285715,72.03901059578108,4,4,0
2024-04-06,102.0,235.0,206.0,7094.0,261.0,99.0,230.0,179.0,7205.0,243.0,124.0,265.0,183.0,7425.0,311.0,127.0,263.0,194.0,8030.0,327.0,105.0,234.28571428571428,174.85714285714286,7261.428571428572,211.85714285714286,123.57142857142857,252.78571428571428,192.92857142857142,7515.785714285715,251.07142857142858,-55.0,-37.0,-58.142857142857146,63.16908526592216,5,4,1
2024-04-07,106.0,239.0,233.0,6982.0,279.0,102.0,235.0,206.0,7094.0,261.0,105.0,254.0,151.0,7257.0,287.0,124.0,264.0,221.0,7899.0,373.0,105.14285714285714,232.14285714285714,186.57142857142858,7222.142857142857,210.71428571428572,122.28571428571429,251.0,193.78571428571428,7450.285714285715,244.35714285714286,-46.0,-24.142857142857142,-50.57142857142857,46.66343526227149,6,4,1
2024-04-08,102.0,230.0,167.0,6988.0,199.0,106.0,239.0,233.0,6982.0,279.0,109.0,235.0,171.0,7271.0,172.0,128.0,242.0,224.0,7899.0,229.0,104.14285714285714,231.42857142857142,186.0,7181.714285714285,214.57142857142858,120.42857142857143,250.14285714285714,189.71428571428572,7385.214285714285,242.21428571428572,-32.0,-28.571428571428573,-52.5,45.55896231938409,0,4,0
2024-04-09,118.0,231.0,217.0,7043.0,130.0,102.0,230.0,167.0,6988.0,199.0,101.0,230.0,175.0,7340.0,132.0,187.0,276.0,200.0,7919.0,208.0,106.57142857142857,231.57142857142858,192.0,7139.285714285715,214.28571428571428,115.5,246.92857142857142,190.92857142857142,7322.642857142857,236.64285714285714,87.0,-22.285714285714285,-45.714285714285715,58.32584986011583,1,4,0
2024-04-10,117.0,244.0,142.0,6999.0,227.0,118.0,231.0,217.0,7043.0,130.0,124.0,230.0,190.0,7346.0,163.0,129.0,287.0,185.0,7893.0,215.0,105.57142857142857,233.57142857142858,185.14285714285714,7089.714285714285,223.42857142857142,114.64285714285714,243.85714285714286,187.85714285714286,7258.785714285715,237.5,-85.0,-38.285714285714285,-49.642857142857146,57.91290669535395,2,4,0
2024-04-11,183.0,221.0,220.0,6912.0,285.0,117.0,244.0,142.0,6999.0,227.0,95.0,226.0,152.0,7317.0,225.0,161.0,288.0,248.0,7762.0,360.0,118.14285714285714,232.85714285714286,194.85714285714286,7031.857142857143,232.0,116.21428571428571,239.07142857142858,185.85714285714286,7198.071428571428,232.14285714285714,-65.0,-37.142857142857146,-46.285714285714285,57.188077345511466,3,4,0
2024-04-12,165.0,229.0,228.0,6818.0,287.0,183.0,221.0,220.0,6912.0,285.0,99.0,230.0,179.0,7205.0,243.0,142.0,277.0,216.0,7594.0,336.0,127.57142857142857,232.71428571428572,201.85714285714286,6976.571428571428,238.28571428571428,117.85714285714286,235.64285714285714,186.71428571428572,7142.642857142857,228.64285714285714,-59.0,-36.42857142857143,-41.92857142857143,56.82680454051349,4,4,0
2024-04-13,146.0,237.0,235.0,6724.0,288.0,165.0,229.0,228.0,6818.0,287.0,102.0,235.0,206.0,7094.0,261.0,124.0,265.0,183.0,7425.0,311.0,133.85714285714286,233.0,206.0,6923.714285714285,242.14285714285714,119.42857142857143,233.64285714285714,190.42857142857142,7092.571428571428,227.0,-53.0,-36.142857142857146,-36.57142857142857,56.72280132782761,5,4,1
2024-04-14,128.0,245.0,243.0,6630.0,290.0,146.0,237.0,235.0,6724.0,288.0,106.0,239.0,233.0,6982.0,279.0,105.0,254.0,151.0,7257.0,287.0,137.0,233.85714285714286,207.42857142857142,6873.428571428572,243.71428571428572,121.07142857142857,233.0,197.0,7047.785714285715,227.21428571428572,-47.0,-36.285714285714285,-30.214285714285715,56.75301544327644,6,4,1
2024-04-15,144.0,303.0,176.0,6681.0,191.0,128.0,245.0,243.0,6630.0,290.0,102.0,230.0,167.0,6988.0,199.0,109.0,235.0,171.0,7271.0,172.0,143.0,244.28571428571428,208.71428571428572,6829.571428571428,242.57142857142858,123.57142857142857,237.85714285714286,197.35714285714286,7005.642857142857,228.57142857142858,-15.0,-33.857142857142854,-31.214285714285715,57.32779596736824,0,4,0
2024-04-16,219.0,392.0,205.0,6685.0,163.0,144.0,303.0,176.0,6681.0,191.0,118.0,231.0,217.0,7043.0,130.0,101.0,230.0,175.0,7340.0,132.0,157.42857142857142,267.2857142857143,207.0,6778.428571428572,247.28571428571428,132.0,249.42857142857142,199.5,6958.857142857143,230.78571428571428,42.0,-40.285714285714285,-31.285714285714285,41.986959426764564,1,4,0
2024-04-17,182.0,371.0,274.0,6725.0,227.0,219.0,392.0,205.0,6685.0,163.0,117.0,244.0,142.0,6999.0,227.0,124.0,230.0,190.0,7346.0,163.0,166.71428571428572,285.42857142857144,225.85714285714286,6739.285714285715,247.28571428571428,136.14285714285714,259.5,205.5,6914.5,235.35714285714286,47.0,-21.428571428571427,-29.857142857142858,47.79768872674766,2,4,0
2024-04-18,144.0,322.0,258.0,6728.0,260.0,182.0,371.0,274.0,6725.0,227.0,183.0,221.0,220.0,6912.0,285.0,95.0,226.0,152.0,7317.0,225.0,161.14285714285714,299.85714285714283,231.28571428571428,6713.0,243.71428571428572,139.64285714285714,266.35714285714283,213.07142857142858,6872.428571428572,237.85714285714286,-2.0,-12.428571428571429,-24.785714285714285,44.00703406978321,3,4,0
2024-04-19,165.0,341.0,286.0,6734.0,253.0,144.0,322.0,258.0,6728.0,260.0,165.0,229.0,228.0,6818.0,287.0,99.0,230.0,179.0,7205.0,243.0,161.14285714285714,315.85714285714283,239.57142857142858,6701.0,238.85714285714286,144.35714285714286,274.2857142857143,220.71428571428572,6838.785714285715,238.57142857142858,33.0,0.7142857142857143,-17.857142857142858,41.443593335658555,4,4,0
2024-04-20,187.0,361.0,315.0,6739.0,247.0,165.0,341.0,286.0,6734.0,253.0,146.0,237.0,235.0,6724.0,288.0,102.0,235.0,206.0,7094.0,261.0,167.0,333.57142857142856,251.0,6703.142857142857,233.0,150.42857142857142,283.2857142857143,228.5,6813.428571428572,237.57142857142858,68.0,18.0,-9.071428571428571,40.52982440952195,5,4,1
2024-04-21,208.0,380.0,343.0,6745.0,240.0,187.0,361.0,315.0,6739.0,247.0,128.0,245.0,243.0,6630.0,290.0,106.0,239.0,233.0,6982.0,279.0,178.42857142857142,352.85714285714283,265.2857142857143,6719.571428571428,225.85714285714286,157.71428571428572,293.35714285714283,236.35714285714286,6796.5,234.78571428571428,103.0,39.42857142857143,1.5714285714285714,40.08681056098623,6,4,1
2024-04-22,176.0,424.0,251.0,6799.0,214.0,208.0,380.0,343.0,6745.0,240.0,144.0,303.0,176.0,6681.0,191.0,102.0,230.0,167.0,6988.0,199.0,183.0,370.14285714285717,276.0,6736.428571428572,229.14285714285714,163.0,307.2142857142857,242.35714285714286,6783.0,235.85714285714286,37.0,46.857142857142854,6.5,32.400764247306576,0,4,0
2024-04-23,252.0,427.0,307.0,6967.0,134.0,176.0,424.0,251.0,6799.0,214.0,219.0,392.0,205.0,6685.0,163.0,118.0,231.0,217.0,7043.0,130.0,187.71428571428572,375.14285714285717,290.57142857142856,6776.714285714285,225.0,172.57142857142858,321.2142857142857,248.78571428571428,6777.571428571428,236.14285714285714,173.0,65.57142857142857,12.642857142857142,57.3522947604168,1,4,0
2024-04-24,253.0,411.0,307.0,7128.0,154.0,252.0,427.0,307.0,6967.0,134.0,182.0,371.0,274.0,6725.0,227.0,117.0,244.0,142.0,6999.0,227.0,197.85714285714286,380.85714285714283,295.2857142857143,6834.285714285715,214.57142857142858,182.28571428571428,333.14285714285717,260.57142857142856,6786.785714285715,230.92857142857142,153.0,80.71428571428571,29.642857142857142,65.10175185997774,2,4,0
2024-04-25,145.0,357.0,333.0,7209.0,217.0,253.0,411.0,307.0,7128.0,154.0,144.0,322.0,258.0,6728.0,260.0,183.0,221.0,220.0,6912.0,285.0,198.0,385.85714285714283,306.0,6903.0,208.42857142857142,179.57142857142858,342.85714285714283,268.64285714285717,6808.0,226.07142857142858,116.0,97.57142857142857,42.57142857142857,54.53395621951887,3,4,0
2024-04-26,149.0,354.0,344.0,7239.0,228.0,145.0,357.0,333.0,7209.0,217.0,165.0,341.0,286.0,6734.0,253.0,165.0,229.0,228.0,6818.0,287.0,195.71428571428572,387.7142857142857,314.2857142857143,6975.142857142857,204.85714285714286,178.42857142857142,351.7857142857143,276.92857142857144,6838.071428571428,221.85714285714286,116.0,109.42857142857143,55.07142857142857,46.600633553837746,4,4,0
2024-04-27,154.0,352.0,354.0,7268.0,239.0,149.0,354.0,344.0,7239.0,228.0,187.0,361.0,315.0,6739.0,247.0,146.0,237.0,235.0,6724.0,288.0,191.0,386.42857142857144,319.85714285714283,7050.714285714285,203.71428571428572,179.0,360.0,285.42857142857144,6876.928571428572,218.35714285714286,115.0,116.14285714285714,67.07142857142857,42.87356828096862,5,4,1
2024-04-28,158.0,349.0,365.0,7298.0,250.0,154.0,352.0,354.0,7268.0,239.0,208.0,380.0,343.0,6745.0,240.0,128.0,245.0,243.0,6630.0,290.0,183.85714285714286,382.0,323.0,7129.714285714285,205.14285714285714,181.14285714285714,367.42857142857144,294.14285714285717,6924.642857142857,215.5,115.0,117.85714285714286,78.64285714285714,42.49873947710542,6,4,1
2024-04-29,140.0,292.0,255.0,7373.0,187.0,158.0,349.0,365.0,7298.0,250.0,176.0,424.0,251.0,6799.0,214.0,144.0,303.0,176.0,6681.0,191.0,178.71428571428572,363.14285714285717,323.57142857142856,7211.714285714285,201.28571428571428,180.85714285714286,366.64285714285717,299.7857142857143,6974.071428571428,215.21428571428572,68.0,122.28571428571429,84.57142857142857,33.28520334780582,0,4,0
2024-04-30,220.0,443.0,194.0,7431.0,135.0,140.0,292.0,255.0,7373.0,187.0,252.0,427.0,307.0,6967.0,134.0,219.0,392.0,205.0,6685.0,163.0,174.14285714285714,365.42857142857144,307.42857142857144,7278.0,201.42857142857142,180.92857142857142,370.2857142857143,299.0,7027.357142857143,213.21428571428572,59.0,106.0,85.78571428571429,32.20765954448343,1,4,0
2024-05-01,197.0,437.0,295.0,7508.0,190.0,220.0,443.0,194.0,7431.0,135.0,253.0,411.0,307.0,7128.0,154.0,182.0,371.0,274.0,6725.0,227.0,166.14285714285714,369.14285714285717,305.7142857142857,7332.285714285715,206.57142857142858,182.0,375.0,300.5,7083.285714285715,210.57142857142858,105.0,99.14285714285714,89.92857142857143,24.788630266237206,2,5,0
2024-05-02,206.0,411.0,293.0,7577.0,194.0,197.0,437.0,295.0,7508.0,190.0,145.0,357.0,333.0,7209.0,217.0,144.0,322.0,258.0,6728.0,260.0,174.85714285714286,376.85714285714283,300.0,7384.857142857143,203.28571428571428,186.42857142857142,381.35714285714283,303.0,7143.928571428572,205.85714285714286,99.0,96.71428571428571,97.14285714285714,23.669349277876567,3,5,0
2024-05-03,187.0,379.0,271.0,7534.0,240.0,206.0,411.0,293.0,7577.0,194.0,149.0,354.0,344.0,7239.0,228.0,165.0,341.0,286.0,6734.0,253.0,180.28571428571428,380.42857142857144,289.57142857142856,7427.0,205.0,188.0,384.07142857142856,301.92857142857144,7201.071428571428,204.92857142857142,31.0,84.57142857142857,97.0,32.34118706776858,4,5,0
2024-05-04,169.0,347.0,250.0,7490.0,286.0,187.0,379.0,271.0,7534.0,240.0,154.0,352.0,354.0,7268.0,239.0,187.0,361.0,315.0,6739.0,247.0,182.42857142857142,379.7142857142857,274.7142857142857,7458.714285714285,211.71428571428572,186.71428571428572,383.07142857142856,297.2857142857143,7254.714285714285,207.71428571428572,-36.0,63.0,89.57142857142857,52.646620657613795,5,5,1
2024-05-05,150.0,315.0,228.0,7447.0,332.0,169.0,347.0,250.0,7490.0,286.0,158.0,349.0,365.0,7298.0,250.0,208.0,380.0,343.0,6745.0,240.0,181.28571428571428,374.85714285714283,255.14285714285714,7480.0,223.42857142857142,182.57142857142858,378.42857142857144,289.07142857142856,7304.857142857143,214.28571428571428,-104.0,31.714285714285715,74.78571428571429,76.33634845365684,6,5,1
2024-05-06,173.0,337.0,211.0,7449.0,205.0,150.0,315.0,228.0,7447.0,332.0,140.0,292.0,255.0,7373.0,187.0,176.0,424.0,251.0,6799.0,214.0,186.0,381.2857142857143,248.85714285714286,7490.857142857143,226.0,182.35714285714286,372.2142857142857,286.2142857142857,7351.285714285715,213.64285714285714,6.0,22.857142857142858,72.57142857142857,75.0098406242555,0,5,0
2024-05-07,176.0,334.0,246.0,7566.0,163.0,173.0,337.0,211.0,7449.0,205.0,220.0,443.0,194.0,7431.0,135.0,252.0,427.0,307.0,6967.0,134.0,179.71428571428572,365.7142857142857,256.2857142857143,7510.142857142857,230.0,176.92857142857142,365.57142857142856,281.85714285714283,7394.071428571428,215.71428571428572,83.0,26.285714285714285,66.14285714285714,77.4461410394655,1,5,0
2024-05-08,167.0,374.0,205.0,7583.0,202.0,176.0,334.0,246.0,7566.0,163.0,197.0,437.0,295.0,7508.0,190.0,253.0,411.0,307.0,7128.0,154.0,175.42857142857142,356.7142857142857,243.42857142857142,7520.857142857143,231.71428571428572,170.78571428571428,362.92857142857144,274.57142857142856,7426.571428571428,219.14285714285714,3.0,11.714285714285714,55.42857142857143,69.33905654034227,2,5,0
2024-05-09,138.0,285.0,268.0,7570.0,244.0,167.0,374.0,205.0,7583.0,202.0,206.0,411.0,293.0,7577.0,194.0,145.0,357.0,333.0,7209.0,217.0,165.71428571428572,338.7142857142857,239.85714285714286,7519.857142857143,238.85714285714286,170.28571428571428,357.7857142857143,269.92857142857144,7452.357142857143,221.07142857142858,24.0,1.0,48.857142857142854,58.56051001599417,3,5,0
2024-05-10,138.0,290.0,266.0,7535.0,244.0,138.0,285.0,268.0,7570.0,244.0,187.0,379.0,271.0,7534.0,240.0,149.0,354.0,344.0,7239.0,228.0,158.71428571428572,326.0,239.14285714285714,7520.0,239.42857142857142,169.5,353.2142857142857,264.35714285714283,7473.5,222.21428571428572,22.0,-0.2857142857142857,42.142857142857146,57.88699993871493,4,5,0
2024-05-11,138.0,296.0,265.0,7499.0,245.0,138.0,290.0,266.0,7535.0,244.0,169.0,347.0,250.0,7490.0,286.0,154.0,352.0,354.0,7268.0,239.0,154.28571428571428,318.7142857142857,241.28571428571428,7521.285714285715,233.57142857142858,168.35714285714286,349.2142857142857,258.0,7490.0,222.64285714285714,20.0,7.714285714285714,35.357142857142854,55.96640148551732,5,5,1
2024-05-12,138.0,301.0,263.0,7464.0,245.0,138.0,296.0,265.0,7499.0,245.0,150.0,315.0,228.0,7447.0,332.0,158.0,349.0,365.0,7298.0,250.0,152.57142857142858,316.7142857142857,246.28571428571428,7523.714285714285,221.14285714285714,166.92857142857142,345.7857142857143,250.71428571428572,7501.857142857143,222.28571428571428,18.0,25.142857142857142,28.428571428571427,26.748386689223167,6,5,1
2024-05-13,112.0,331.0,167.0,7499.0,157.0,138.0,301.0,263.0,7464.0,245.0,173.0,337.0,211.0,7449.0,205.0,140.0,292.0,255.0,7373.0,187.0,143.85714285714286,315.85714285714283,240.0,7530.857142857143,214.28571428571428,164.92857142857142,348.57142857142856,244.42857142857142,7510.857142857143,220.14285714285714,10.0,25.714285714285715,24.285714285714285,26.31041799816407,0,5,0
2024-05-14,246.0,419.0,218.0,7546.0,186.0,112.0,331.0,167.0,7499.0,157.0,176.0,334.0,246.0,7566.0,163.0,220.0,443.0,194.0,7431.0,135.0,153.85714285714286,328.0,236.0,7528.0,217.57142857142858,166.78571428571428,346.85714285714283,246.14285714285714,7519.071428571428,223.78571428571428,32.0,18.428571428571427,22.357142857142858,9.484322904266884,1,5,0
2024-05-15,115.0,285.0,341.0,7589.0,265.0,246.0,419.0,218.0,7546.0,186.0,167.0,374.0,205.0,7583.0,202.0,197.0,437.0,295.0,7508.0,190.0,146.42857142857142,315.2857142857143,255.42857142857142,7528.857142857143,226.57142857142858,160.92857142857142,336.0,249.42857142857142,7524.857142857143,229.14285714285714,76.0,28.857142857142858,20.285714285714285,21.8130585615485,2,5,0
2024-05-16,206.0,340.0,214.0,7565.0,234.0,115.0,285.0,341.0,7589.0,265.0,138.0,285.0,268.0,7570.0,244.0,206.0,411.0,293.0,7577.0,194.0,156.14285714285714,323.14285714285717,247.71428571428572,7528.142857142857,225.14285714285714,160.92857142857142,330.92857142857144,243.78571428571428,7524.0,232.0,-20.0,22.571428571428573,11.785714285714286,28.69876386918203,3,5,0
2024-05-17,185.0,325.0,235.0,7495.0,255.0,206.0,340.0,214.0,7565.0,234.0,138.0,290.0,266.0,7535.0,244.0,187.0,379.0,271.0,7534.0,240.0,162.85714285714286,328.14285714285717,243.28571428571428,7522.428571428572,226.71428571428572,160.78571428571428,327.07142857142856,241.21428571428572,7521.214285714285,233.07142857142858,-20.0,16.571428571428573,8.142857142857142,32.918369455656034,4,5,0
2024-05-18,164.0,310.0,257.0,7426.0,277.0,185.0,325.0,235.0,7495.0,255.0,138.0,296.0,265.0,7499.0,245.0,169.0,347.0,250.0,7490.0,286.0,166.57142857142858,330.14285714285717,242.14285714285714,7512.0,231.28571428571428,160.42857142857142,324.42857142857144,241.71428571428572,7516.642857142857,232.42857142857142,-20.0,10.857142857142858,9.285714285714286,35.587584780035456,5,5,1
2024-05-19,143.0,295.0,278.0,7356.0,298.0,164.0,310.0,257.0,7426.0,277.0,138.0,301.0,263.0,7464.0,245.0,150.0,315.0,228.0,7447.0,332.0,167.28571428571428,329.2857142857143,244.28571428571428,7496.571428571428,238.85714285714286,159.92857142857142,323.0,245.28571428571428,7510.142857142857,230.0,-20.0,5.428571428571429,15.285714285714286,37.17910319367231,6,5,1
2024-05-20,111.0,268.0,217.0,7368.0,192.0,143.0,295.0,278.0,7356.0,298.0,112.0,331.0,167.0,7499.0,157.0,173.0,337.0,211.0,7449.0,205.0,167.14285714285714,320.2857142857143,251.42857142857142,7477.857142857143,243.85714285714286,155.5,318.07142857142856,245.71428571428572,7504.357142857143,229.07142857142858,25.0,7.571428571428571,16.642857142857142,37.91155119862197,0,5,0
2024-05-21,196.0,348.0,176.0,7404.0,145.0,111.0,268.0,217.0,7368.0,192.0,246.0,419.0,218.0,7546.0,186.0,176.0,334.0,246.0,7566.0,163.0,160.0,310.14285714285717,245.42857142857142,7457.571428571428,238.0,156.92857142857142,319.07142857142856,240.71428571428572,7492.785714285715,227.78571428571428,31.0,7.428571428571429,12.928571428571429,37.805895231904444,1,5,0
2024-05-22,168.0,349.0,272.0,7474.0,208.0,196.0,348.0,176.0,7404.0,145.0,115.0,285.0,341.0,7589.0,265.0,167.0,374.0,205.0,7583.0,202.0,167.57142857142858,319.2857142857143,235.57142857142858,7441.142857142857,229.85714285714286,157.0,317.2857142857143,245.5,7485.0,228.21428571428572,64.0,5.714285714285714,17.285714285714285,34.286607131232,2,5,0
2024-05-23,193.0,272.0,314.0,7494.0,227.0,168.0,349.0,272.0,7474.0,208.0,206.0,340.0,214.0,7565.0,234.0,138.0,285.0,268.0,7570.0,244.0,165.71428571428572,309.57142857142856,249.85714285714286,7431.0,228.85714285714286,160.92857142857142,316.35714285714283,248.78571428571428,7479.571428571428,227.0,87.0,21.0,21.785714285714285,43.52011029397812,3,5,0
2024-05-24,184.0,290.0,298.0,7462.0,212.0,193.0,272.0,314.0,7494.0,227.0,185.0,325.0,235.0,7495.0,255.0,138.0,290.0,266.0,7535.0,244.0,165.57142857142858,304.57142857142856,258.85714285714283,7426.285714285715,222.71428571428572,164.21428571428572,316.35714285714283,251.07142857142858,7474.357142857143,224.71428571428572,86.0,36.142857142857146,26.357142857142858,45.28218402944155,4,5,0
2024-05-25,174.0,308.0,283.0,7430.0,197.0,184.0,290.0,298.0,7462.0,212.0,164.0,310.0,257.0,7426.0,277.0,138.0,296.0,265.0,7499.0,245.0,167.0,304.2857142857143,262.57142857142856,7426.857142857143,211.28571428571428,166.78571428571428,317.2142857142857,252.35714285714286,7469.428571428572,221.28571428571428,86.0,51.285714285714285,31.071428571428573,40.8889320220617,5,5,1
2024-05-26,165.0,326.0,268.0,7397.0,182.0,174.0,308.0,283.0,7430.0,197.0,143.0,295.0,278.0,7356.0,298.0,138.0,301.0,263.0,7464.0,245.0,170.14285714285714,308.7142857142857,261.14285714285717,7432.714285714285,194.71428571428572,168.71428571428572,319.0,252.71428571428572,7464.642857142857,216.78571428571428,86.0,66.42857142857143,35.92857142857143,27.53698811209635,6,5,1
2024-05-27,156.0,344.0,252.0,7365.0,167.0,165.0,326.0,268.0,7397.0,182.0,111.0,268.0,217.0,7368.0,192.0,112.0,331.0,167.0,7499.0,157.0,176.57142857142858,319.57142857142856,266.14285714285717,7432.285714285715,191.14285714285714,171.85714285714286,319.92857142857144,258.7857142857143,7455.071428571428,217.5,85.0,75.0,41.285714285714285,21.071307505705995,0,5,0
2024-05-28,153.0,348.0,239.0,7418.0,151.0,156.0,344.0,252.0,7365.0,167.0,196.0,348.0,176.0,7404.0,145.0,246.0,419.0,218.0,7546.0,186.0,170.42857142857142,319.57142857142856,275.14285714285717,7434.285714285715,192.0,165.21428571428572,314.85714285714283,260.2857142857143,7445.928571428572,215.0,88.0,83.14285714285714,45.285714285714285,8.49369514068401,1,5,0
2024-05-29,182.0,462.0,158.0,7491.0,141.0,153.0,348.0,239.0,7418.0,151.0,168.0,349.0,272.0,7474.0,208.0,115.0,285.0,341.0,7589.0,265.0,172.42857142857142,335.7142857142857,258.85714285714283,7436.714285714285,182.42857142857142,170.0,327.5,247.21428571428572,7438.928571428572,206.14285714285714,17.0,76.42857142857143,41.07142857142857,26.222491255009878,2,5,0
2024-05-30,167.0,406.0,339.0,7563.0,190.0,182.0,462.0,158.0,7491.0,141.0,193.0,272.0,314.0,7494.0,227.0,206.0,340.0,214.0,7565.0,234.0,168.71428571428572,354.85714285714283,262.42857142857144,7446.571428571428,177.14285714285714,167.21428571428572,332.2142857142857,256.14285714285717,7438.785714285715,203.0,149.0,85.28571428571429,53.142857142857146,38.147583085146,3,5,0
2024-05-31,164.0,381.0,333.0,7557.0,229.0,167.0,406.0,339.0,7563.0,190.0,184.0,290.0,298.0,7462.0,212.0,185.0,325.0,235.0,7495.0,255.0,165.85714285714286,367.85714285714283,267.42857142857144,7460.142857142857,179.57142857142858,165.71428571428572,336.2142857142857,263.14285714285717,7443.214285714285,201.14285714285714,104.0,87.85714285714286,62.0,38.80476161258494,4,5,0
2024-06-01,162.0,355.0,328.0,7552.0,267.0,164.0,381.0,333.0,7557.0,229.0,174.0,308.0,283.0,7430.0,197.0,164.0,310.0,257.0,7426.0,277.0,164.14285714285714,374.57142857142856,273.85714285714283,7477.571428571428,189.57142857142858,165.57142857142858,339.42857142857144,268.2142857142857,7452.214285714285,200.42857142857142,61.0,84.28571428571429,67.78571428571429,40.1319253035716,5,6,1
2024-06-02,159.0,330.0,322.0,7546.0,306.0,162.0,355.0,328.0,7552.0,267.0,165.0,326.0,268.0,7397.0,182.0,143.0,295.0,278.0,7356.0,298.0,163.28571428571428,375.14285714285717,281.57142857142856,7498.857142857143,207.28571428571428,166.71428571428572,341.92857142857144,271.35714285714283,7465.785714285715,201.0,16.0,74.28571428571429,70.35714285714286,47.650513413513714,6,6,1
2024-06-03,109.0,244.0,257.0,7596.0,224.0,159.0,330.0,322.0,7546.0,306.0,156.0,344.0,252.0,7365.0,167.0,111.0,268.0,217.0,7368.0,192.0,156.57142857142858,360.85714285714283,282.2857142857143,7531.857142857143,215.42857142857142,166.57142857142858,340.2142857142857,274.2142857142857,7482.071428571428,203.28571428571428,33.0,66.85714285714286,70.92857142857143,49.71059099571115,0,6,0
2024-06-04,260.0,356.0,176.0,7565.0,203.0,109.0,244.0,257.0,7596.0,224.0,153.0,348.0,239.0,7418.0,151.0,196.0,348.0,176.0,7404.0,145.0,171.85714285714286,362.0,273.2857142857143,7552.857142857143,222.85714285714286,171.14285714285714,340.7857142857143,274.2142857142857,7493.571428571428,207.42857142857142,-27.0,50.42857142857143,66.78571428571429,59.581476827554404,1,6,0
2024-06-05,173.0,345.0,291.0,7691.0,198.0,260.0,356.0,176.0,7565.0,203.0,182.0,462.0,158.0,7491.0,141.0,168.0,349.0,272.0,7474.0,208.0,170.57142857142858,345.2857142857143,292.2857142857143,7581.428571428572,231.0,171.5,340.5,275.57142857142856,7509.071428571428,206.71428571428572,93.0,61.285714285714285,68.85714285714286,59.39897385677733,2,6,0
2024-06-06,179.0,326.0,282.0,7741.0,238.0,173.0,345.0,291.0,7691.0,198.0,167.0,406.0,339.0,7563.0,190.0,193.0,272.0,314.0,7494.0,227.0,172.28571428571428,333.85714285714283,284.14285714285717,7606.857142857143,237.85714285714286,170.5,344.35714285714283,273.2857142857143,7526.714285714285,207.5,44.0,46.285714285714285,65.78571428571429,45.09144148547611,3,6,0
2024-06-07,158.0,314.0,243.0,7644.0,263.0,179.0,326.0,282.0,7741.0,238.0,164.0,381.0,333.0,7557.0,229.0,184.0,290.0,298.0,7462.0,212.0,171.42857142857142,324.2857142857143,271.2857142857143,7619.285714285715,242.71428571428572,168.64285714285714,346.07142857142856,269.35714285714283,7539.714285714285,211.14285714285714,-20.0,28.571428571428573,58.214285714285715,42.945147738548236,4,6,0
2024-06-08,137.0,301.0,205.0,7548.0,287.0,158.0,314.0,243.0,7644.0,263.0,162.0,355.0,328.0,7552.0,267.0,174.0,308.0,283.0,7430.0,197.0,167.85714285714286,316.57142857142856,253.71428571428572,7618.714285714285,245.57142857142858,166.0,345.57142857142856,263.7857142857143,7548.142857142857,217.57142857142858,-82.0,8.142857142857142,46.214285714285715,56.743365460726274,5,6,1
2024-06-09,116.0,289.0,166.0,7451.0,312.0,137.0,301.0,205.0,7548.0,287.0,159.0,330.0,322.0,7546.0,306.0,165.0,326.0,268.0,7397.0,182.0,161.71428571428572,310.7142857142857,231.42857142857142,7605.142857142857,246.42857142857142,162.5,342.92857142857144,256.5,7552.0,226.85714285714286,-146.0,-15.0,29.642857142857142,80.89911412782396,6,6,1
2024-06-10,184.0,334.0,229.0,7439.0,212.0,116.0,289.0,166.0,7451.0,312.0,109.0,244.0,257.0,7596.0,224.0,156.0,344.0,252.0,7365.0,167.0,172.42857142857142,323.57142857142856,227.42857142857142,7582.714285714285,244.71428571428572,164.5,342.2142857142857,254.85714285714286,7557.285714285715,230.07142857142858,17.0,-17.285714285714285,24.785714285714285,79.53136548078446,0,6,0
2024-06-11,186.0,352.0,224.0,7493.0,156.0,184.0,334.0,229.0,7439.0,212.0,260.0,356.0,176.0,7565.0,203.0,153.0,348.0,239.0,7418.0,151.0,161.85714285714286,323.0,234.28571428571428,7572.428571428572,238.0,166.85714285714286,342.5,253.78571428571428,7562.642857142857,230.42857142857142,68.0,-3.7142857142857144,23.357142857142858,85.48043496558017,1,6,0
2024-06-12,152.0,266.0,274.0,7548.0,212.0,186.0,352.0,224.0,7493.0,156.0,173.0,345.0,291.0,7691.0,198.0,182.0,462.0,158.0,7491.0,141.0,158.85714285714286,311.7142857142857,231.85714285714286,7552.0,240.0,164.71428571428572,328.5,262.07142857142856,7566.714285714285,235.5,62.0,-8.142857142857142,26.571428571428573,80.27957102407525,2,6,0
2024-06-13,167.0,293.0,230.0,7544.0,259.0,152.0,266.0,274.0,7548.0,212.0,179.0,326.0,282.0,7741.0,238.0,167.0,406.0,339.0,7563.0,190.0,157.14285714285714,307.0,224.42857142857142,7523.857142857143,243.0,164.71428571428572,320.42857142857144,254.28571428571428,7565.357142857143,240.42857142857142,-29.0,-18.571428571428573,13.857142857142858,77.05378455524253,3,6,0
2024-06-14,179.0,300.0,231.0,7465.0,271.0,167.0,293.0,230.0,7544.0,259.0,158.0,314.0,243.0,7644.0,263.0,164.0,381.0,333.0,7557.0,229.0,160.14285714285714,305.0,222.71428571428572,7498.285714285715,244.14285714285714,165.78571428571428,314.64285714285717,247.0,7558.785714285715,243.42857142857142,-40.0,-21.428571428571427,3.5714285714285716,77.48517523341094,4,6,0
2024-06-15,192.0,308.0,232.0,7386.0,282.0,179.0,300.0,231.0,7465.0,271.0,137.0,301.0,205.0,7548.0,287.0,162.0,355.0,328.0,7552.0,267.0,168.0,306.0,226.57142857142858,7475.142857142857,243.42857142857142,167.92857142857142,311.2857142857143,240.14285714285714,7546.928571428572,244.5,-50.0,-16.857142857142858,-4.357142857142857,74.18991075033638,5,6,1
2024-06-16,204.0,315.0,233.0,7307.0,294.0,192.0,308.0,232.0,7386.0,282.0,116.0,289.0,166.0,7451.0,312.0,159.0,330.0,322.0,7546.0,306.0,180.57142857142858,309.7142857142857,236.14285714285714,7454.571428571428,240.85714285714286,171.14285714285714,310.2142857142857,233.78571428571428,7529.857142857143,243.64285714285714,-61.0,-4.714285714285714,-9.857142857142858,53.639892759383066,6,6,1
2024-06-17,159.0,310.0,272.0,7318.0,224.0,204.0,315.0,233.0,7307.0,294.0,184.0,334.0,229.0,7439.0,212.0,109.0,244.0,257.0,7596.0,224.0,177.0,306.2857142857143,242.28571428571428,7437.285714285715,242.57142857142858,174.71428571428572,314.92857142857144,234.85714285714286,7510.0,243.64285714285714,48.0,-0.2857142857142857,-8.785714285714286,56.91137638385477,0,6,0
2024-06-18,160.0,297.0,253.0,7340.0,214.0,159.0,310.0,272.0,7318.0,224.0,186.0,352.0,224.0,7493.0,156.0,260.0,356.0,176.0,7565.0,203.0,173.28571428571428,298.42857142857144,246.42857142857142,7415.428571428572,250.85714285714286,167.57142857142858,310.7142857142857,240.35714285714286,7493.928571428572,244.42857142857142,39.0,-4.428571428571429,-4.071428571428571,51.95144253004339,1,6,0
2024-06-19,204.0,321.0,246.0,7433.0,198.0,160.0,297.0,253.0,7340.0,214.0,152.0,266.0,274.0,7548.0,212.0,173.0,345.0,291.0,7691.0,198.0,180.71428571428572,306.2857142857143,242.42857142857142,7399.0,248.85714285714286,169.78571428571428,309.0,237.14285714285714,7475.5,244.42857142857142,48.0,-6.428571428571429,-7.285714285714286,49.1625099130669,2,6,0
2024-06-20,145.0,247.0,243.0,7431.0,235.0,204.0,321.0,246.0,7433.0,198.0,167.0,293.0,230.0,7544.0,259.0,179.0,326.0,282.0,7741.0,238.0,177.57142857142858,299.7142857142857,244.28571428571428,7382.857142857143,245.42857142857142,167.35714285714286,303.35714285714283,234.35714285714286,7453.357142857143,244.21428571428572,8.0,-1.1428571428571428,-9.857142857142858,48.312967794815485,3,6,0
2024-06-21,131.0,240.0,229.0,7370.0,255.0,145.0,247.0,243.0,7431.0,235.0,179.0,300.0,231.0,7465.0,271.0,158.0,314.0,243.0,7644.0,263.0,170.71428571428572,291.14285714285717,244.0,7369.285714285715,243.14285714285714,165.42857142857142,298.07142857142856,233.35714285714286,7433.785714285715,243.64285714285714,-26.0,0.8571428571428571,-10.285714285714286,46.69913836260306,4,6,0
2024-06-22,116.0,234.0,215.0,7308.0,274.0,131.0,240.0,229.0,7370.0,255.0,192.0,308.0,232.0,7386.0,282.0,137.0,301.0,205.0,7548.0,287.0,159.85714285714286,280.57142857142856,241.57142857142858,7358.142857142857,242.0,163.92857142857142,293.2857142857143,234.07142857142858,7416.642857142857,242.71428571428572,-59.0,-0.42857142857142855,-8.642857142857142,48.42470837240429,5,6,1
2024-06-23,102.0,227.0,201.0,7247.0,294.0,116.0,234.0,215.0,7308.0,274.0,204.0,315.0,233.0,7307.0,294.0,116.0,289.0,166.0,7451.0,312.0,145.28571428571428,268.0,237.0,7349.571428571428,242.0,162.92857142857142,288.85714285714283,236.57142857142858,7402.071428571428,241.42857142857142,-93.0,-5.0,-4.857142857142857,56.01190349678677,6,6,1
2024-06-24,116.0,175.0,172.0,7239.0,202.0,102.0,227.0,201.0,7247.0,294.0,159.0,310.0,272.0,7318.0,224.0,184.0,334.0,229.0,7439.0,212.0,139.14285714285714,248.71428571428572,222.71428571428572,7338.285714285715,238.85714285714286,158.07142857142858,277.5,232.5,7387.785714285715,240.71428571428572,-30.0,-16.142857142857142,-8.214285714285714,51.26866675149853,0,6,0
2024-06-25,172.0,263.0,191.0,7239.0,202.0,116.0,175.0,172.0,7239.0,202.0,160.0,297.0,253.0,7340.0,214.0,186.0,352.0,224.0,7493.0,156.0,140.85714285714286,243.85714285714286,213.85714285714286,7323.857142857143,237.14285714285714,157.07142857142858,271.14285714285717,230.14285714285714,7369.642857142857,244.0,-11.0,-23.285714285714285,-13.857142857142858,45.45955816515871,1,6,0
2024-06-26,132.0,235.0,197.0,7268.0,187.0,172.0,263.0,191.0,7239.0,202.0,204.0,321.0,246.0,7433.0,198.0,152.0,266.0,274.0,7548.0,212.0,130.57142857142858,231.57142857142858,206.85714285714286,7300.285714285715,235.57142857142858,155.64285714285714,268.92857142857144,224.64285714285714,7349.642857142857,242.21428571428572,10.0,-28.714285714285715,-17.571428571428573,37.01222449279131,2,6,0
2024-06-27,174.0,208.0,256.0,7248.0,268.0,132.0,235.0,197.0,7268.0,187.0,145.0,247.0,243.0,7431.0,235.0,167.0,293.0,230.0,7544.0,259.0,134.71428571428572,226.0,208.71428571428572,7274.142857142857,240.28571428571428,156.14285714285714,262.85714285714283,226.5,7328.5,242.85714285714286,-12.0,-31.571428571428573,-16.357142857142858,34.38438183660909,3,6,0
2024-06-28,157.0,215.0,226.0,7123.0,270.0,174.0,208.0,256.0,7248.0,268.0,131.0,240.0,229.0,7370.0,255.0,179.0,300.0,231.0,7465.0,271.0,138.42857142857142,222.42857142857142,208.28571428571428,7238.857142857143,242.42857142857142,154.57142857142858,256.7857142857143,226.14285714285714,7304.071428571428,242.78571428571428,-44.0,-34.142857142857146,-16.642857142857142,34.57083824761667,4,6,0
2024-06-29,140.0,223.0,197.0,6999.0,271.0,157.0,215.0,226.0,7123.0,270.0,116.0,234.0,215.0,7308.0,274.0,192.0,308.0,232.0,7386.0,282.0,141.85714285714286,220.85714285714286,205.71428571428572,7194.714285714285,242.0,150.85714285714286,250.71428571428572,223.64285714285714,7276.428571428572,242.0,-74.0,-36.285714285714285,-18.357142857142858,36.76372435664601,5,6,1
2024-06-30,123.0,230.0,167.0,6874.0,273.0,140.0,223.0,197.0,6999.0,271.0,102.0,227.0,201.0,7247.0,294.0,204.0,315.0,233.0,7307.0,294.0,144.85714285714286,221.28571428571428,200.85714285714286,7141.428571428572,239.0,145.07142857142858,244.64285714285714,218.92857142857142,7245.5,240.5,-106.0,-38.142857142857146,-21.571428571428573,40.26755754296763,6,6,1
2024-07-01,123.0,233.0,159.0,6825.0,229.0,123.0,230.0,167.0,6874.0,273.0,116.0,175.0,172.0,7239.0,202.0,159.0,310.0,272.0,7318.0,224.0,145.85714285714286,229.57142857142858,199.0,7082.285714285715,242.85714285714286,142.5,239.14285714285714,210.85714285714286,7210.285714285715,240.85714285714286,-70.0,-43.857142857142854,-30.0,41.73099795686905,0,7,0
2024-07-02,141.0,232.0,188.0,6823.0,184.0,123.0,233.0,159.0,6825.0,229.0,172.0,263.0,191.0,7239.0,202.0,160.0,297.0,253.0,7340.0,214.0,141.42857142857142,225.14285714285714,198.57142857142858,7022.857142857143,240.28571428571428,141.14285714285714,234.5,206.21428571428572,7173.357142857143,238.71428571428572,4.0,-41.714285714285715,-32.5,44.02163970031989,1,7,0
2024-07-03,150.0,229.0,190.0,6806.0,204.0,141.0,232.0,188.0,6823.0,184.0,132.0,235.0,197.0,7268.0,187.0,204.0,321.0,246.0,7433.0,198.0,144.0,224.28571428571428,197.57142857142858,6956.857142857143,242.71428571428572,137.28571428571428,227.92857142857142,202.21428571428572,7128.571428571428,239.14285714285714,-14.0,-45.142857142857146,-36.92857142857143,40.08087063021721,2,7,0
2024-07-04,158.0,226.0,191.0,6790.0,225.0,150.0,229.0,190.0,6806.0,204.0,174.0,208.0,256.0,7248.0,268.0,145.0,247.0,243.0,7431.0,235.0,141.71428571428572,226.85714285714286,188.28571428571428,6891.428571428572,236.57142857142858,138.21428571428572,226.42857142857142,198.5,7082.785714285715,238.42857142857142,-34.0,-48.285714285714285,-39.92857142857143,37.84932533839205,3,7,0
2024-07-05,137.0,204.0,205.0,6726.0,221.0,158.0,226.0,191.0,6790.0,225.0,157.0,215.0,226.0,7123.0,270.0,131.0,240.0,229.0,7370.0,255.0,138.85714285714286,225.28571428571428,185.28571428571428,6834.714285714285,229.57142857142858,138.64285714285714,223.85714285714286,196.78571428571428,7036.785714285715,236.0,-16.0,-44.285714285714285,-39.214285714285715,39.80667567847693,4,7,0
2024-07-06,117.0,182.0,219.0,6663.0,217.0,137.0,204.0,205.0,6726.0,221.0,140.0,223.0,197.0,6999.0,271.0,116.0,234.0,215.0,7308.0,274.0,135.57142857142858,219.42857142857142,188.42857142857142,6786.714285714285,221.85714285714286,138.71428571428572,220.14285714285714,197.07142857142858,6990.714285714285,231.92857142857142,2.0,-33.42857142857143,-34.857142857142854,40.70567995934229,5,7,1
2024-07-07,96.0,160.0,233.0,6599.0,213.0,117.0,182.0,219.0,6663.0,217.0,123.0,230.0,167.0,6874.0,273.0,102.0,227.0,201.0,7247.0,294.0,131.71428571428572,209.42857142857142,197.85714285714286,6747.428571428572,213.28571428571428,138.28571428571428,215.35714285714286,199.35714285714286,6944.428571428572,226.14285714285714,20.0,-15.428571428571429,-26.785714285714285,29.61338178851585,6,7,1
2024-07-08,141.0,173.0,129.0,6617.0,123.0,96.0,160.0,233.0,6599.0,213.0,123.0,233.0,159.0,6825.0,229.0,116.0,175.0,172.0,7239.0,202.0,134.28571428571428,200.85714285714286,193.57142857142858,6717.714285714285,198.14285714285714,140.07142857142858,215.21428571428572,196.28571428571428,6900.0,220.5,6.0,-4.571428571428571,-24.214285714285715,17.877892706330634,0,7,0
2024-07-09,116.0,181.0,182.0,6651.0,130.0,141.0,173.0,129.0,6617.0,123.0,141.0,232.0,188.0,6823.0,184.0,172.0,263.0,191.0,7239.0,202.0,130.71428571428572,193.57142857142858,192.71428571428572,6693.142857142857,190.42857142857142,136.07142857142858,209.35714285714286,195.64285714285714,6858.0,215.35714285714286,52.0,2.2857142857142856,-19.714285714285715,28.033992971119634,1,7,0
2024-07-10,150.0,157.0,201.0,6649.0,177.0,116.0,181.0,182.0,6651.0,130.0,150.0,229.0,190.0,6806.0,204.0,132.0,235.0,197.0,7268.0,187.0,130.71428571428572,183.28571428571428,194.28571428571428,6670.714285714285,186.57142857142858,137.35714285714286,203.78571428571428,195.92857142857142,6813.785714285715,214.64285714285714,24.0,7.714285714285714,-18.714285714285715,28.033992971119645,2,7,0
2024-07-11,80.0,176.0,125.0,6640.0,197.0,150.0,157.0,201.0,6649.0,177.0,158.0,226.0,191.0,6790.0,225.0,174.0,208.0,256.0,7248.0,268.0,119.57142857142857,176.14285714285714,184.85714285714286,6649.285714285715,182.57142857142858,130.64285714285714,201.5,186.57142857142858,6770.357142857143,209.57142857142858,-72.0,2.2857142857142856,-23.0,38.99450510740522,3,7,0
2024-07-12,92.0,180.0,138.0,6529.0,210.0,80.0,176.0,125.0,6640.0,197.0,137.0,204.0,205.0,6726.0,221.0,157.0,215.0,226.0,7123.0,270.0,113.14285714285714,172.71428571428572,175.28571428571428,6621.142857142857,181.0,126.0,199.0,180.28571428571428,6727.928571428572,205.28571428571428,-72.0,-5.714285714285714,-25.0,48.061468578319406,4,7,0
2024-07-13,104.0,184.0,151.0,6419.0,224.0,92.0,180.0,138.0,6529.0,210.0,117.0,182.0,219.0,6663.0,217.0,140.0,223.0,197.0,6999.0,271.0,111.28571428571429,173.0,165.57142857142858,6586.285714285715,182.0,123.42857142857143,196.21428571428572,177.0,6686.5,201.92857142857142,-73.0,-16.428571428571427,-24.928571428571427,54.042752035948986,5,7,1
2024-07-14,116.0,188.0,164.0,6308.0,237.0,104.0,184.0,151.0,6419.0,224.0,96.0,160.0,233.0,6599.0,213.0,123.0,230.0,167.0,6874.0,273.0,114.14285714285714,177.0,155.71428571428572,6544.714285714285,185.42857142857142,122.92857142857143,193.21428571428572,176.78571428571428,6646.071428571428,199.35714285714286,-73.0,-29.714285714285715,-22.571428571428573,55.017313292315364,6,7,1
2024-07-15,105.0,185.0,158.0,6283.0,171.0,116.0,188.0,164.0,6308.0,237.0,141.0,173.0,129.0,6617.0,123.0,123.0,233.0,159.0,6825.0,229.0,109.0,178.71428571428572,159.85714285714286,6497.0,192.28571428571428,121.64285714285714,189.78571428571428,176.71428571428572,6607.357142857143,195.21428571428572,-13.0,-32.42857142857143,-18.5,53.40679464530457,0,7,0
2024-07-16,136.0,246.0,123.0,6239.0,173.0,105.0,185.0,158.0,6283.0,171.0,116.0,181.0,182.0,6651.0,130.0,141.0,232.0,188.0,6823.0,184.0,111.85714285714286,188.0,151.42857142857142,6438.142857142857,198.42857142857142,121.28571428571429,190.78571428571428,172.07142857142858,6565.642857142857,194.42857142857142,-50.0,-47.0,-22.357142857142858,38.31448812133626,1,7,0
2024-07-17,128.0,228.0,177.0,6228.0,187.0,136.0,246.0,123.0,6239.0,173.0,150.0,157.0,201.0,6649.0,177.0,150.0,229.0,190.0,6806.0,204.0,108.71428571428571,198.14285714285714,148.0,6378.0,199.85714285714286,119.71428571428571,190.71428571428572,171.14285714285714,6524.357142857143,193.21428571428572,-10.0,-51.857142857142854,-22.071428571428573,28.783262332060406,2,7,0
2024-07-18,118.0,220.0,184.0,6186.0,206.0,128.0,228.0,177.0,6228.0,187.0,80.0,176.0,125.0,6640.0,197.0,158.0,226.0,191.0,6790.0,225.0,114.14285714285714,204.42857142857142,156.42857142857142,6313.142857142857,201.14285714285714,116.85714285714286,190.28571428571428,170.64285714285714,6481.214285714285,191.85714285714286,-22.0,-44.714285714285715,-21.214285714285715,29.153126108614487,3,7,0
2024-07-19,109.0,212.0,191.0,6143.0,224.0,118.0,220.0,184.0,6186.0,206.0,92.0,180.0,138.0,6529.0,210.0,137.0,204.0,205.0,6726.0,221.0,116.57142857142857,209.0,164.0,6258.0,203.14285714285714,114.85714285714286,190.85714285714286,169.64285714285714,6439.571428571428,192.07142857142858,-33.0,-39.142857142857146,-22.428571428571427,26.692249633109018,4,7,0
2024-07-20,100.0,204.0,198.0,6100.0,243.0,109.0,212.0,191.0,6143.0,224.0,104.0,184.0,151.0,6419.0,224.0,117.0,182.0,219.0,6663.0,217.0,116.0,211.85714285714286,170.71428571428572,6212.428571428572,205.85714285714286,113.64285714285714,192.42857142857142,168.14285714285714,6399.357142857143,193.92857142857142,-45.0,-35.142857142857146,-25.785714285714285,22.549416632724867,5,7,1
2024-07-21,90.0,196.0,205.0,6058.0,262.0,100.0,204.0,198.0,6100.0,243.0,116.0,188.0,164.0,6308.0,237.0,96.0,160.0,233.0,6599.0,213.0,112.28571428571429,213.0,176.57142857142858,6176.714285714285,209.42857142857142,113.21428571428571,195.0,166.14285714285714,6360.714285714285,197.42857142857142,-57.0,-32.857142857142854,-31.285714285714285,18.524115556292443,6,7,1
2024-07-22,102.0,189.0,155.0,6002.0,234.0,90.0,196.0,205.0,6058.0,262.0,105.0,185.0,158.0,6283.0,171.0,141.0,173.0,129.0,6617.0,123.0,111.85714285714286,213.57142857142858,176.14285714285714,6136.571428571428,218.42857142857142,110.42857142857143,196.14285714285714,168.0,6316.785714285715,205.35714285714286,-79.0,-42.285714285714285,-37.357142857142854,22.990681342044788,0,7,0
2024-07-23,120.0,257.0,126.0,5965.0,170.0,102.0,189.0,155.0,6002.0,234.0,136.0,246.0,123.0,6239.0,173.0,116.0,181.0,182.0,6651.0,130.0,109.57142857142857,215.14285714285714,176.57142857142858,6097.428571428572,218.0,110.71428571428571,201.57142857142858,164.0,6267.785714285715,208.21428571428572,-44.0,-41.42857142857143,-44.214285714285715,22.76588927069909,1,7,0
2024-07-24,137.0,272.0,166.0,5927.0,177.0,120.0,257.0,126.0,5965.0,170.0,128.0,228.0,177.0,6228.0,187.0,150.0,157.0,201.0,6649.0,177.0,110.85714285714286,221.42857142857142,175.0,6054.428571428572,216.57142857142858,109.78571428571429,209.78571428571428,161.5,6216.214285714285,208.21428571428572,-11.0,-41.57142857142857,-46.714285714285715,22.537798937615865,2,7,0
2024-07-25,93.0,198.0,208.0,5954.0,194.0,137.0,272.0,166.0,5927.0,177.0,118.0,220.0,184.0,6186.0,206.0,80.0,176.0,125.0,6640.0,197.0,107.28571428571429,218.28571428571428,178.42857142857142,6021.285714285715,214.85714285714286,110.71428571428571,211.35714285714286,167.42857142857142,6167.214285714285,208.0,14.0,-36.42857142857143,-40.57142857142857,30.462310827519296,3,7,0
2024-07-26,113.0,229.0,205.0,5884.0,198.0,93.0,198.0,208.0,5954.0,194.0,109.0,212.0,191.0,6143.0,224.0,92.0,180.0,138.0,6529.0,210.0,107.85714285714286,220.71428571428572,180.42857142857142,5984.285714285715,211.14285714285714,112.21428571428571,214.85714285714286,172.21428571428572,6121.142857142857,207.14285714285714,7.0,-30.714285714285715,-34.92857142857143,34.67330522517451,4,7,0
2024-07-27,132.0,259.0,202.0,5813.0,203.0,113.0,229.0,205.0,5884.0,198.0,100.0,204.0,198.0,6100.0,243.0,104.0,184.0,151.0,6419.0,224.0,112.42857142857143,228.57142857142858,181.0,5943.285714285715,205.42857142857142,114.21428571428571,220.21428571428572,175.85714285714286,6077.857142857143,205.64285714285714,-1.0,-24.428571428571427,-29.785714285714285,35.627036282656654,5,7,1
2024-07-28,152.0,290.0,199.0,5743.0,207.0,132.0,259.0,202.0,5813.0,203.0,90.0,196.0,205.0,6058.0,262.0,116.0,188.0,164.0,6308.0,237.0,121.28571428571429,242.0,180.14285714285714,5898.285714285715,197.57142857142858,116.78571428571429,227.5,178.35714285714286,6037.5,203.5,-8.0,-17.428571428571427,-25.142857142857142,32.86770016727264,6,7,1
2024-07-29,114.0,210.0,219.0,5819.0,163.0,152.0,290.0,199.0,5743.0,207.0,102.0,189.0,155.0,6002.0,234.0,105.0,185.0,158.0,6283.0,171.0,123.0,245.0,189.28571428571428,5872.142857142857,187.42857142857142,117.42857142857143,229.28571428571428,182.71428571428572,6004.357142857143,202.92857142857142,56.0,1.8571428571428572,-20.214285714285715,30.21825370769923,0,7,0
2024-07-30,125.0,203.0,208.0,5930.0,92.0,114.0,210.0,219.0,5819.0,163.0,120.0,257.0,126.0,5965.0,170.0,136.0,246.0,123.0,6239.0,173.0,123.71428571428571,237.28571428571428,201.0,5867.142857142857,176.28571428571428,116.64285714285714,226.21428571428572,188.78571428571428,5982.285714285715,197.14285714285714,116.0,24.714285714285715,-8.357142857142858,46.093073542252,1,7,0
2024-07-31,140.0,261.0,163.0,5963.0,154.0,125.0,203.0,208.0,5930.0,92.0,137.0,272.0,166.0,5927.0,177.0,128.0,228.0,177.0,6228.0,187.0,124.14285714285714,235.71428571428572,200.57142857142858,5872.285714285715,173.0,117.5,228.57142857142858,187.78571428571428,5963.357142857143,194.78571428571428,9.0,27.571428571428573,-7.0,44.08649507070245,2,7,0
2024-08-01,227.0,298.0,212.0,6016.0,169.0,140.0,261.0,163.0,5963.0,154.0,93.0,198.0,208.0,5954.0,194.0,118.0,220.0,184.0,6186.0,206.0,143.28571428571428,250.0,201.14285714285714,5881.142857142857,169.42857142857142,125.28571428571429,234.14285714285714,189.78571428571428,5951.214285714285,192.14285714285714,43.0,31.714285714285715,-2.357142857142857,43.961021696173674,3,8,0
2024-08-02,172.0,254.0,189.0,5992.0,169.0,227.0,298.0,212.0,6016.0,169.0,113.0,229.0,205.0,5884.0,198.0,109.0,212.0,191.0,6143.0,224.0,151.71428571428572,253.57142857142858,198.85714285714286,5896.571428571428,165.28571428571428,129.78571428571428,237.14285714285714,189.64285714285714,5940.428571428572,188.21428571428572,20.0,33.57142857142857,1.4285714285714286,43.00719762573552,4,8,0
2024-08-03,118.0,211.0,166.0,5967.0,170.0,172.0,254.0,189.0,5992.0,169.0,132.0,259.0,202.0,5813.0,203.0,100.0,204.0,198.0,6100.0,243.0,149.71428571428572,246.71428571428572,193.71428571428572,5918.571428571428,160.57142857142858,131.07142857142858,237.64285714285714,187.35714285714286,5930.928571428572,183.0,-4.0,33.142857142857146,4.357142857142857,43.422070315407744,5,8,1
2024-08-04,63.0,167.0,143.0,5943.0,170.0,118.0,211.0,166.0,5967.0,170.0,152.0,290.0,199.0,5743.0,207.0,90.0,196.0,205.0,6058.0,262.0,137.0,229.14285714285714,185.71428571428572,5947.142857142857,155.28571428571428,129.14285714285714,235.57142857142858,182.92857142857142,5922.714285714285,176.42857142857142,-27.0,30.428571428571427,6.5,46.87876968969078,6,8,1
2024-08-05,172.0,259.0,138.0,5950.0,150.0,63.0,167.0,143.0,5943.0,170.0,114.0,210.0,219.0,5819.0,163.0,102.0,189.0,155.0,6002.0,234.0,145.28571428571428,236.14285714285714,174.14285714285714,5965.857142857143,153.42857142857142,134.14285714285714,240.57142857142858,181.71428571428572,5919.0,170.42857142857142,-12.0,20.714285714285715,11.285714285714286,47.73438413315344,0,8,0
2024-08-06,163.0,283.0,200.0,5998.0,143.0,172.0,259.0,138.0,5950.0,150.0,125.0,203.0,208.0,5930.0,92.0,120.0,257.0,126.0,5965.0,170.0,150.71428571428572,247.57142857142858,173.0,5975.571428571428,160.71428571428572,137.21428571428572,242.42857142857142,187.0,5921.357142857143,168.5,57.0,12.285714285714286,18.5,30.031729252655165,1,8,0
2024-08-07,135.0,273.0,207.0,6038.0,174.0,163.0,283.0,200.0,5998.0,143.0,140.0,261.0,163.0,5963.0,154.0,137.0,272.0,166.0,5927.0,177.0,150.0,249.28571428571428,179.28571428571428,5986.285714285715,163.57142857142858,137.07142857142858,242.5,189.92857142857142,5929.285714285715,168.28571428571428,33.0,15.714285714285714,21.642857142857142,30.950036541251194,2,8,0
2024-08-08,119.0,230.0,213.0,6084.0,174.0,135.0,273.0,207.0,6038.0,174.0,227.0,298.0,212.0,6016.0,169.0,93.0,198.0,208.0,5954.0,194.0,134.57142857142858,239.57142857142858,179.42857142857142,5996.0,164.28571428571428,138.92857142857142,244.78571428571428,190.28571428571428,5938.571428571428,166.85714285714286,39.0,15.142857142857142,23.428571428571427,30.39423504234884,3,8,0
2024-08-09,111.0,224.0,189.0,6021.0,199.0,119.0,230.0,213.0,6084.0,174.0,172.0,254.0,189.0,5992.0,169.0,113.0,229.0,205.0,5884.0,198.0,125.85714285714286,235.28571428571428,179.42857142857142,6000.142857142857,168.57142857142858,138.78571428571428,244.42857142857142,189.14285714285714,5948.357142857143,166.92857142857142,-10.0,10.857142857142858,22.214285714285715,31.68295320530499,4,8,0
2024-08-10,103.0,217.0,164.0,5957.0,224.0,111.0,224.0,189.0,6021.0,199.0,118.0,211.0,166.0,5967.0,170.0,132.0,259.0,202.0,5813.0,203.0,123.71428571428571,236.14285714285714,179.14285714285714,5998.714285714285,176.28571428571428,136.71428571428572,241.42857142857142,186.42857142857142,5958.642857142857,168.42857142857142,-60.0,2.857142857142857,18.0,41.58296354449594,5,8,1
2024-08-11,95.0,211.0,140.0,5894.0,249.0,103.0,217.0,164.0,5957.0,224.0,63.0,167.0,143.0,5943.0,170.0,152.0,290.0,199.0,5743.0,207.0,128.28571428571428,242.42857142857142,178.71428571428572,5991.714285714285,187.57142857142858,132.64285714285714,235.78571428571428,182.21428571428572,5969.428571428572,171.42857142857142,-109.0,-8.857142857142858,10.785714285714286,59.209876910947415,6,8,1
2024-08-12,109.0,219.0,155.0,5903.0,148.0,95.0,211.0,140.0,5894.0,249.0,172.0,259.0,138.0,5950.0,150.0,114.0,210.0,219.0,5819.0,163.0,119.28571428571429,236.71428571428572,181.14285714285714,5985.0,187.28571428571428,132.28571428571428,236.42857142857142,177.64285714285714,5975.428571428572,170.35714285714286,7.0,-6.142857142857143,7.285714285714286,59.47668610872844,0,8,0
2024-08-13,162.0,239.0,189.0,5981.0,123.0,109.0,219.0,155.0,5903.0,148.0,163.0,283.0,200.0,5998.0,143.0,125.0,203.0,208.0,5930.0,92.0,119.14285714285714,230.42857142857142,179.57142857142858,5982.571428571428,184.42857142857142,134.92857142857142,239.0,176.28571428571428,5979.071428571428,172.57142857142858,66.0,-4.857142857142857,3.7142857142857144,61.14307966136651,1,8,0
2024-08-14,109.0,226.0,191.0,5987.0,178.0,162.0,239.0,189.0,5981.0,123.0,135.0,273.0,207.0,6038.0,174.0,140.0,261.0,163.0,5963.0,154.0,115.42857142857143,223.71428571428572,177.28571428571428,5975.285714285715,185.0,132.71428571428572,236.5,178.28571428571428,5980.785714285715,174.28571428571428,13.0,-7.714285714285714,4.0,59.525104747813046,2,8,0
2024-08-15,124.0,241.0,156.0,5895.0,220.0,109.0,226.0,191.0,5987.0,178.0,119.0,230.0,213.0,6084.0,174.0,227.0,298.0,212.0,6016.0,169.0,116.14285714285714,225.28571428571428,169.14285714285714,5948.285714285715,191.57142857142858,125.35714285714286,232.42857142857142,174.28571428571428,5972.142857142857,177.92857142857142,-64.0,-22.428571428571427,-3.642857142857143,58.77884297051448,3,8,0
2024-08-16,111.0,242.0,182.0,5870.0,206.0,124.0,241.0,156.0,5895.0,220.0,111.0,224.0,189.0,6021.0,199.0,172.0,254.0,189.0,5992.0,169.0,116.14285714285714,227.85714285714286,168.14285714285714,5926.714285714285,192.57142857142858,121.0,231.57142857142858,173.78571428571428,5963.428571428572,180.57142857142858,-24.0,-24.428571428571427,-6.785714285714286,58.52309271520431,4,8,0
2024-08-17,99.0,243.0,209.0,5846.0,192.0,111.0,242.0,182.0,5870.0,206.0,103.0,217.0,164.0,5957.0,224.0,118.0,211.0,166.0,5967.0,170.0,115.57142857142857,231.57142857142858,174.57142857142858,5910.857142857143,188.0,119.64285714285714,233.85714285714286,176.85714285714286,5954.785714285715,182.14285714285714,17.0,-13.428571428571429,-5.285714285714286,57.95646970746579,5,8,1
2024-08-18,86.0,244.0,235.0,5821.0,178.0,99.0,243.0,209.0,5846.0,192.0,95.0,211.0,140.0,5894.0,249.0,63.0,167.0,143.0,5943.0,170.0,114.28571428571429,236.28571428571428,188.14285714285714,5900.428571428572,177.85714285714286,121.28571428571429,239.35714285714286,183.42857142857142,5946.071428571428,182.71428571428572,57.0,10.285714285714286,0.7142857142857143,44.802210829802995,6,8,1
2024-08-19,176.0,254.0,162.0,5865.0,158.0,86.0,244.0,235.0,5821.0,178.0,109.0,219.0,155.0,5903.0,148.0,172.0,259.0,138.0,5950.0,150.0,123.85714285714286,241.28571428571428,189.14285714285714,5895.0,179.28571428571428,121.57142857142857,239.0,185.14285714285714,5940.0,183.28571428571428,4.0,9.857142857142858,1.8571428571428572,44.85319970536712,0,8,0
2024-08-20,136.0,274.0,245.0,5995.0,112.0,176.0,254.0,162.0,5865.0,158.0,162.0,239.0,189.0,5981.0,123.0,163.0,283.0,200.0,5998.0,143.0,120.14285714285714,246.28571428571428,197.14285714285714,5897.0,177.71428571428572,119.64285714285714,238.35714285714286,188.35714285714286,5939.785714285715,181.07142857142858,133.0,19.428571428571427,7.285714285714286,62.505618795052364,1,8,0
2024-08-21,134.0,245.0,167.0,6028.0,156.0,136.0,274.0,245.0,5995.0,112.0,109.0,226.0,191.0,5987.0,178.0,135.0,273.0,207.0,6038.0,174.0,123.71428571428571,249.0,193.71428571428572,5902.857142857143,174.57142857142858,119.57142857142857,236.35714285714286,185.5,5939.071428571428,179.78571428571428,11.0,19.142857142857142,5.714285714285714,62.54446037667561,2,8,0
2024-08-22,182.0,307.0,205.0,6054.0,171.0,134.0,245.0,167.0,6028.0,156.0,124.0,241.0,156.0,5895.0,220.0,119.0,230.0,213.0,6084.0,174.0,132.0,258.42857142857144,200.71428571428572,5925.571428571428,167.57142857142858,124.07142857142857,241.85714285714286,184.92857142857142,5936.928571428572,179.57142857142858,34.0,33.142857142857146,5.357142857142857,50.673558428529034,3,8,0
2024-08-23,175.0,303.0,208.0,6074.0,156.0,182.0,307.0,205.0,6054.0,171.0,111.0,242.0,182.0,5870.0,206.0,111.0,224.0,189.0,6021.0,199.0,141.14285714285714,267.14285714285717,204.42857142857142,5954.714285714285,160.42857142857142,128.64285714285714,247.5,186.28571428571428,5940.714285714285,176.5,52.0,44.0,9.785714285714286,44.10593308539517,4,8,0
2024-08-24,169.0,298.0,212.0,6093.0,141.0,175.0,303.0,208.0,6074.0,156.0,99.0,243.0,209.0,5846.0,192.0,103.0,217.0,164.0,5957.0,224.0,151.14285714285714,275.0,204.85714285714286,5990.0,153.14285714285714,133.35714285714286,253.28571428571428,189.71428571428572,5950.428571428572,170.57142857142858,71.0,51.714285714285715,19.142857142857142,43.31171621980346,5,8,1
2024-08-25,162.0,294.0,215.0,6113.0,127.0,169.0,298.0,212.0,6093.0,141.0,86.0,244.0,235.0,5821.0,178.0,95.0,211.0,140.0,5894.0,249.0,162.0,282.14285714285717,202.0,6031.714285714285,145.85714285714286,138.14285714285714,259.2142857142857,195.07142857142858,5966.071428571428,161.85714285714286,88.0,56.142857142857146,33.214285714285715,45.47317367206239,6,8,1
2024-08-26,156.0,289.0,219.0,6132.0,112.0,162.0,294.0,215.0,6113.0,127.0,176.0,254.0,162.0,5865.0,158.0,109.0,219.0,155.0,5903.0,148.0,159.14285714285714,287.14285714285717,210.14285714285714,6069.857142857143,139.28571428571428,141.5,264.2142857142857,199.64285714285714,5982.428571428572,159.28571428571428,107.0,70.85714285714286,40.357142857142854,42.3455175566775,0,8,0
2024-08-27,149.0,285.0,222.0,6152.0,97.0,156.0,289.0,219.0,6132.0,112.0,136.0,274.0,245.0,5995.0,112.0,162.0,239.0,189.0,5981.0,123.0,161.0,288.7142857142857,206.85714285714286,6092.285714285715,137.14285714285714,140.57142857142858,267.5,202.0,5994.642857142857,157.42857142857142,125.0,69.71428571428571,44.57142857142857,40.45456004669255,1,8,0
2024-08-28,170.0,285.0,178.0,6227.0,134.0,149.0,285.0,222.0,6152.0,97.0,134.0,245.0,167.0,6028.0,156.0,109.0,226.0,191.0,5987.0,178.0,166.14285714285714,294.42857142857144,208.42857142857142,6120.714285714285,134.0,144.92857142857142,271.7142857142857,201.07142857142858,6011.785714285715,154.28571428571428,44.0,74.42857142857143,46.785714285714285,33.85684146942445,2,8,0
2024-08-29,145.0,295.0,188.0,6250.0,169.0,170.0,285.0,178.0,6227.0,134.0,182.0,307.0,205.0,6054.0,171.0,124.0,241.0,156.0,5895.0,220.0,160.85714285714286,292.7142857142857,206.0,6148.714285714285,133.71428571428572,146.42857142857142,275.57142857142856,203.35714285714286,6037.142857142857,150.64285714285714,19.0,72.28571428571429,52.714285714285715,37.15604161602058,3,8,0
2024-08-30,142.0,289.0,190.0,6236.0,159.0,145.0,295.0,188.0,6250.0,169.0,175.0,303.0,208.0,6074.0,156.0,111.0,242.0,182.0,5870.0,206.0,156.14285714285714,290.7142857142857,203.42857142857142,6171.857142857143,134.14285714285714,148.64285714285714,278.92857142857144,203.92857142857142,6063.285714285715,147.28571428571428,31.0,69.28571428571429,56.642857142857146,39.81923440463733,4,8,0
2024-08-31,139.0,282.0,193.0,6221.0,149.0,142.0,289.0,190.0,6236.0,159.0,169.0,298.0,212.0,6093.0,141.0,99.0,243.0,209.0,5846.0,192.0,151.85714285714286,288.42857142857144,200.71428571428572,6190.142857142857,135.28571428571428,151.5,281.7142857142857,202.78571428571428,6090.071428571428,144.21428571428572,44.0,65.42857142857143,58.57142857142857,40.91803653996289,5,8,1
2024-09-01,136.0,276.0,196.0,6206.0,139.0,139.0,282.0,193.0,6221.0,149.0,162.0,294.0,215.0,6113.0,127.0,86.0,244.0,235.0,5821.0,178.0,148.14285714285714,285.85714285714283,198.0,6203.428571428572,137.0,155.07142857142858,284.0,200.0,6117.571428571428,141.42857142857142,57.0,61.0,58.57142857142857,39.72824352187442,6,9,1
2024-09-02,133.0,270.0,198.0,6192.0,129.0,136.0,276.0,196.0,6206.0,139.0,156.0,289.0,219.0,6132.0,112.0,176.0,254.0,162.0,5865.0,158.0,144.85714285714286,283.14285714285717,195.0,6212.0,139.42857142857142,152.0,285.14285714285717,202.57142857142858,6140.928571428572,139.35714285714286,69.0,55.57142857142857,63.214285714285715,34.6691848902221,0,9,0
2024-09-03,131.0,263.0,177.0,6272.0,112.0,133.0,270.0,198.0,6192.0,129.0,149.0,285.0,222.0,6152.0,97.0,136.0,274.0,245.0,5995.0,112.0,142.28571428571428,280.0,188.57142857142858,6229.142857142857,141.57142857142858,151.64285714285714,284.35714285714283,197.71428571428572,6160.714285714285,139.35714285714286,65.0,47.0,58.357142857142854,18.1015653098479,1,9,0
2024-09-04,121.0,231.0,219.0,6375.0,114.0,131.0,263.0,177.0,6272.0,112.0,170.0,285.0,178.0,6227.0,134.0,134.0,245.0,167.0,6028.0,156.0,135.28571428571428,272.2857142857143,194.42857142857142,6250.285714285715,138.71428571428572,150.71428571428572,283.35714285714283,201.42857142857142,6185.5,136.35714285714286,105.0,55.714285714285715,65.07142857142857,28.25310770938514,2,9,0
2024-09-05,126.0,230.0,175.0,6448.0,121.0,121.0,231.0,219.0,6375.0,114.0,145.0,295.0,188.0,6250.0,169.0,182.0,307.0,205.0,6054.0,171.0,132.57142857142858,263.0,192.57142857142858,6278.571428571428,131.85714285714286,146.71428571428572,277.85714285714283,199.28571428571428,6213.642857142857,132.78571428571428,54.0,60.714285714285715,66.5,23.343195194848224,3,9,0
2024-09-06,125.0,238.0,171.0,6403.0,154.0,126.0,230.0,175.0,6448.0,121.0,142.0,289.0,190.0,6236.0,159.0,175.0,303.0,208.0,6074.0,156.0,130.14285714285714,255.71428571428572,189.85714285714286,6302.428571428572,131.14285714285714,143.14285714285714,273.2142857142857,196.64285714285714,6237.142857142857,132.64285714285714,17.0,58.714285714285715,64.0,26.675296222749836,4,9,0
2024-09-07,124.0,247.0,168.0,6357.0,188.0,125.0,238.0,171.0,6403.0,154.0,139.0,282.0,193.0,6221.0,149.0,169.0,298.0,212.0,6093.0,141.0,128.0,250.71428571428572,186.28571428571428,6321.857142857143,136.71428571428572,139.92857142857142,269.57142857142856,193.5,6256.0,136.0,-20.0,49.57142857142857,57.5,40.132518580560955,5,9,1
2024-09-08,123.0,255.0,164.0,6312.0,221.0,124.0,247.0,168.0,6357.0,188.0,136.0,276.0,196.0,6206.0,139.0,162.0,294.0,215.0,6113.0,127.0,126.14285714285714,247.71428571428572,181.71428571428572,6337.0,148.42857142857142,137.14285714285714,266.7857142857143,189.85714285714286,6270.214285714285,142.71428571428572,-57.0,33.285714285714285,47.142857142857146,56.43496045807761,6,9,1
2024-09-09,144.0,275.0,190.0,6353.0,141.0,123.0,255.0,164.0,6312.0,221.0,133.0,270.0,198.0,6192.0,129.0,156.0,289.0,219.0,6132.0,112.0,127.71428571428571,248.42857142857142,180.57142857142858,6360.0,150.14285714285714,136.28571428571428,265.7857142857143,187.78571428571428,6286.0,144.78571428571428,49.0,30.428571428571427,43.0,54.80832401152586,0,9,0
2024-09-10,131.0,251.0,180.0,6396.0,148.0,144.0,275.0,190.0,6353.0,141.0,131.0,263.0,177.0,6272.0,112.0,149.0,285.0,222.0,6152.0,97.0,127.71428571428571,246.71428571428572,181.0,6377.714285714285,155.28571428571428,135.0,263.35714285714283,184.78571428571428,6303.428571428572,148.42857142857142,32.0,25.714285714285715,36.357142857142854,52.71847963701264,1,9,0
2024-09-11,93.0,248.0,175.0,6410.0,162.0,131.0,251.0,180.0,6396.0,148.0,121.0,231.0,219.0,6375.0,114.0,170.0,285.0,178.0,6227.0,134.0,123.71428571428571,249.14285714285714,174.71428571428572,6382.714285714285,162.14285714285714,129.5,260.7142857142857,184.57142857142858,6316.5,150.42857142857142,13.0,12.571428571428571,34.142857142857146,39.4582359077595,2,9,0
2024-09-12,184.0,280.0,210.0,6360.0,220.0,93.0,248.0,175.0,6410.0,162.0,126.0,230.0,175.0,6448.0,121.0,145.0,295.0,188.0,6250.0,169.0,132.0,256.2857142857143,179.71428571428572,6370.142857142857,176.28571428571428,132.28571428571428,259.64285714285717,186.14285714285714,6324.357142857143,154.07142857142858,-10.0,3.4285714285714284,32.07142857142857,35.47232321522984,3,9,0
2024-09-13,81.0,200.0,212.0,6326.0,279.0,184.0,280.0,210.0,6360.0,220.0,125.0,238.0,171.0,6403.0,154.0,142.0,289.0,190.0,6236.0,159.0,125.71428571428571,250.85714285714286,185.57142857142858,6359.142857142857,194.14285714285714,127.92857142857143,253.28571428571428,187.71428571428572,6330.785714285715,162.64285714285714,-67.0,-8.571428571428571,25.071428571428573,43.43139088592182,4,9,0
2024-09-14,90.0,210.0,190.0,6280.0,244.0,81.0,200.0,212.0,6326.0,279.0,124.0,247.0,168.0,6357.0,188.0,139.0,282.0,193.0,6221.0,149.0,120.85714285714286,245.57142857142858,188.71428571428572,6348.142857142857,202.14285714285714,124.42857142857143,248.14285714285714,187.5,6335.0,169.42857142857142,-54.0,-13.428571428571429,18.071428571428573,46.700667885506725,5,9,1
2024-09-15,98.0,220.0,167.0,6234.0,210.0,90.0,210.0,190.0,6280.0,244.0,123.0,255.0,164.0,6312.0,221.0,136.0,276.0,196.0,6206.0,139.0,117.28571428571429,240.57142857142858,189.14285714285714,6337.0,200.57142857142858,121.71428571428571,244.14285714285714,185.42857142857142,6337.0,174.5,-43.0,-11.428571428571429,10.928571428571429,44.7841383485165,6,9,1
2024-09-16,113.0,209.0,160.0,6229.0,164.0,98.0,220.0,167.0,6234.0,210.0,144.0,275.0,190.0,6353.0,141.0,133.0,270.0,198.0,6192.0,129.0,112.85714285714286,231.14285714285714,184.85714285714286,6319.285714285715,203.85714285714286,120.28571428571429,239.78571428571428,182.71428571428572,6339.642857142857,177.0,-4.0,-19.0,5.714285714285714,36.59690332983586,0,9,0
2024-09-17,159.0,304.0,139.0,6227.0,160.0,113.0,209.0,160.0,6229.0,164.0,131.0,251.0,180.0,6396.0,148.0,131.0,263.0,177.0,6272.0,112.0,116.85714285714286,238.71428571428572,179.0,6295.142857142857,205.57142857142858,122.28571428571429,242.71428571428572,180.0,6336.428571428572,180.42857142857142,-21.0,-26.571428571428573,-0.42857142857142855,28.976180694133326,1,9,0
2024-09-18,116.0,213.0,217.0,6245.0,149.0,159.0,304.0,139.0,6227.0,160.0,93.0,248.0,175.0,6410.0,162.0,121.0,231.0,219.0,6375.0,114.0,120.14285714285714,233.71428571428572,185.0,6271.571428571428,203.71428571428572,121.92857142857143,241.42857142857142,179.85714285714286,6327.142857142857,182.92857142857142,68.0,-18.714285714285715,-3.0714285714285716,44.69046984803486,2,9,0
2024-09-19,93.0,196.0,169.0,6270.0,188.0,116.0,213.0,217.0,6245.0,149.0,184.0,280.0,210.0,6360.0,220.0,126.0,230.0,175.0,6448.0,121.0,107.14285714285714,221.71428571428572,179.14285714285714,6258.714285714285,199.14285714285714,119.57142857142857,239.0,179.42857142857142,6314.428571428572,187.71428571428572,-19.0,-20.0,-8.285714285714286,44.52714527865765,3,9,0
2024-09-20,103.0,209.0,166.0,6176.0,191.0,93.0,196.0,169.0,6270.0,188.0,81.0,200.0,212.0,6326.0,279.0,125.0,238.0,171.0,6403.0,154.0,110.28571428571429,223.0,172.57142857142858,6237.285714285715,186.57142857142858,118.0,236.92857142857142,179.07142857142858,6298.214285714285,190.35714285714286,-25.0,-14.0,-11.285714285714286,39.707262140151194,4,9,0
2024-09-21,114.0,221.0,164.0,6083.0,194.0,103.0,209.0,166.0,6176.0,191.0,90.0,210.0,190.0,6280.0,244.0,124.0,247.0,168.0,6357.0,188.0,113.71428571428571,224.57142857142858,168.85714285714286,6209.142857142857,179.42857142857142,117.28571428571429,235.07142857142858,178.78571428571428,6278.642857142857,190.78571428571428,-30.0,-10.571428571428571,-12.0,36.59169825182208,5,9,1
2024-09-22,124.0,234.0,161.0,5989.0,197.0,114.0,221.0,164.0,6083.0,194.0,98.0,220.0,167.0,6234.0,210.0,123.0,255.0,164.0,6312.0,221.0,117.42857142857143,226.57142857142858,168.0,6174.142857142857,177.57142857142858,117.35714285714286,233.57142857142858,178.57142857142858,6255.571428571428,189.07142857142858,-36.0,-9.571428571428571,-10.5,35.6410678050719,6,9,1
2024-09-23,92.0,203.0,173.0,6002.0,165.0,124.0,234.0,161.0,5989.0,197.0,113.0,209.0,160.0,6229.0,164.0,144.0,275.0,190.0,6353.0,141.0,114.42857142857143,225.71428571428572,169.85714285714286,6141.714285714285,177.71428571428572,113.64285714285714,228.42857142857142,177.35714285714286,6230.5,190.78571428571428,8.0,-7.857142857142857,-13.428571428571429,36.23731305081649,0,9,0
2024-09-24,186.0,259.0,172.0,6023.0,143.0,92.0,203.0,173.0,6002.0,165.0,159.0,304.0,139.0,6227.0,160.0,131.0,251.0,180.0,6396.0,148.0,118.28571428571429,219.28571428571428,174.57142857142858,6112.571428571428,175.28571428571428,117.57142857142857,229.0,176.78571428571428,6203.857142857143,190.42857142857142,29.0,-0.7142857142857143,-13.642857142857142,38.09511904743328,1,9,0
2024-09-25,154.0,225.0,220.0,6050.0,169.0,186.0,259.0,172.0,6023.0,143.0,116.0,213.0,217.0,6245.0,149.0,93.0,248.0,175.0,6410.0,162.0,123.71428571428571,221.0,175.0,6084.714285714285,178.14285714285714,121.92857142857143,227.35714285714286,180.0,6178.142857142857,190.92857142857142,51.0,-3.142857142857143,-10.928571428571429,33.213594462853244,2,9,0
2024-09-26,91.0,199.0,172.0,6090.0,185.0,154.0,225.0,220.0,6050.0,169.0,93.0,196.0,169.0,6270.0,188.0,184.0,280.0,210.0,6360.0,220.0,123.42857142857143,221.42857142857142,175.42857142857142,6059.0,177.71428571428572,115.28571428571429,221.57142857142858,177.28571428571428,6158.857142857143,188.42857142857142,-13.0,-2.2857142857142856,-11.142857142857142,32.81114793132735,3,9,0
2024-09-27,88.0,204.0,166.0,6035.0,182.0,91.0,199.0,172.0,6090.0,185.0,103.0,209.0,166.0,6176.0,191.0,81.0,200.0,212.0,6326.0,279.0,121.28571428571429,220.71428571428572,175.42857142857142,6038.857142857143,176.42857142857142,115.78571428571429,221.85714285714286,174.0,6138.071428571428,181.5,-16.0,-1.0,-7.5,31.937438845342918,4,9,0
2024-09-28,84.0,208.0,159.0,5980.0,180.0,88.0,204.0,166.0,6035.0,182.0,114.0,221.0,164.0,6083.0,194.0,90.0,210.0,190.0,6280.0,244.0,117.0,218.85714285714286,174.71428571428572,6024.142857142857,174.42857142857142,115.35714285714286,221.71428571428572,171.78571428571428,6116.642857142857,176.92857142857142,-21.0,0.2857142857142857,-5.142857142857143,30.733880792562584,5,9,1
2024-09-29,81.0,213.0,153.0,5925.0,177.0,84.0,208.0,159.0,5980.0,180.0,124.0,234.0,161.0,5989.0,197.0,98.0,220.0,167.0,6234.0,210.0,110.85714285714286,215.85714285714286,173.57142857142858,6015.0,171.57142857142858,114.14285714285714,221.21428571428572,170.78571428571428,6094.571428571428,174.57142857142858,-24.0,2.0,-3.7857142857142856,28.63564212655303,6,9,1
2024-09-30,209.0,285.0,184.0,5967.0,138.0,81.0,213.0,153.0,5925.0,177.0,92.0,203.0,173.0,6002.0,165.0,113.0,209.0,160.0,6229.0,164.0,127.57142857142857,227.57142857142858,175.14285714285714,6010.0,167.71428571428572,121.0,226.64285714285714,172.5,6075.857142857143,172.71428571428572,46.0,7.428571428571429,-0.21428571428571427,33.200688461020405,0,9,0
2024-10-01,184.0,314.0,217.0,6040.0,137.0,209.0,285.0,184.0,5967.0,138.0,186.0,259.0,172.0,6023.0,143.0,159.0,304.0,139.0,6227.0,160.0,127.28571428571429,235.42857142857142,181.57142857142858,6012.428571428572,166.85714285714286,122.78571428571429,227.35714285714286,178.07142857142858,6062.5,171.07142857142858,80.0,14.714285714285714,7.0,42.901881410626366,1,10,0
2024-10-02,107.0,215.0,230.0,6091.0,173.0,184.0,314.0,217.0,6040.0,137.0,154.0,225.0,220.0,6050.0,169.0,116.0,213.0,217.0,6245.0,149.0,120.57142857142857,234.0,183.0,6018.285714285715,167.42857142857142,122.14285714285714,227.5,179.0,6051.5,172.78571428571428,57.0,15.571428571428571,6.214285714285714,43.79823871214154,2,10,0
2024-10-03,101.0,162.0,178.0,6118.0,193.0,107.0,215.0,230.0,6091.0,173.0,91.0,199.0,172.0,6090.0,185.0,93.0,196.0,169.0,6270.0,188.0,122.0,228.71428571428572,183.85714285714286,6022.285714285715,168.57142857142858,122.71428571428571,225.07142857142858,179.64285714285714,6040.642857142857,173.14285714285714,-15.0,15.285714285714286,6.5,44.0216397003199,3,10,0
2024-10-04,100.0,169.0,178.0,6080.0,183.0,101.0,162.0,178.0,6118.0,193.0,88.0,204.0,166.0,6035.0,182.0,103.0,209.0,166.0,6176.0,191.0,123.71428571428571,223.71428571428572,185.57142857142858,6028.714285714285,168.71428571428572,122.5,222.21428571428572,180.5,6033.785714285715,172.57142857142858,-5.0,16.857142857142858,7.928571428571429,42.90077144383548,4,10,0
2024-10-05,100.0,176.0,177.0,6043.0,173.0,100.0,169.0,178.0,6080.0,183.0,84.0,208.0,159.0,5980.0,180.0,114.0,221.0,164.0,6083.0,194.0,126.0,219.14285714285714,188.14285714285714,6037.714285714285,167.71428571428572,121.5,219.0,181.42857142857142,6030.928571428572,171.07142857142858,4.0,20.428571428571427,10.357142857142858,40.1781746012152,5,10,1
2024-10-06,100.0,183.0,176.0,6006.0,163.0,100.0,176.0,177.0,6043.0,173.0,81.0,213.0,153.0,5925.0,177.0,124.0,234.0,161.0,5989.0,197.0,128.71428571428572,214.85714285714286,191.42857142857142,6049.285714285715,165.71428571428572,119.78571428571429,215.35714285714286,182.5,6032.142857142857,168.64285714285714,13.0,25.714285714285715,13.857142857142858,35.52329886011126,6,10,1
2024-10-07,99.0,190.0,176.0,5968.0,153.0,100.0,183.0,176.0,6006.0,163.0,209.0,285.0,184.0,5967.0,138.0,92.0,203.0,173.0,6002.0,165.0,113.0,201.28571428571428,190.28571428571428,6049.428571428572,167.85714285714286,120.28571428571429,214.42857142857142,182.71428571428572,6029.714285714285,167.78571428571428,23.0,22.428571428571427,14.928571428571429,34.379534332977826,0,10,0
2024-10-08,167.0,239.0,166.0,6013.0,123.0,99.0,190.0,176.0,5968.0,153.0,184.0,314.0,217.0,6040.0,137.0,186.0,259.0,172.0,6023.0,143.0,110.57142857142857,190.57142857142858,183.0,6045.571428571428,165.85714285714286,118.92857142857143,213.0,182.28571428571428,6029.0,166.35714285714286,43.0,17.142857142857142,15.928571428571429,25.835560579871498,1,10,0
2024-10-09,115.0,216.0,169.0,6047.0,137.0,167.0,239.0,166.0,6013.0,123.0,107.0,215.0,230.0,6091.0,173.0,154.0,225.0,220.0,6050.0,169.0,111.71428571428571,190.71428571428572,174.28571428571428,6039.285714285715,160.71428571428572,116.14285714285714,212.35714285714286,178.64285714285714,6028.785714285715,164.07142857142858,32.0,13.571428571428571,14.571428571428571,20.606286604312455,2,10,0
2024-10-10,84.0,158.0,193.0,6075.0,159.0,115.0,216.0,169.0,6047.0,137.0,101.0,162.0,178.0,6118.0,193.0,91.0,199.0,172.0,6090.0,185.0,109.28571428571429,190.14285714285714,176.42857142857142,6033.142857142857,155.85714285714286,115.64285714285714,209.42857142857142,180.14285714285714,6027.714285714285,162.21428571428572,34.0,20.571428571428573,17.928571428571427,17.34797916047863,3,10,0
2024-10-11,99.0,181.0,193.0,6013.0,176.0,84.0,158.0,193.0,6075.0,159.0,100.0,169.0,178.0,6080.0,183.0,88.0,204.0,166.0,6035.0,182.0,109.14285714285714,191.85714285714286,178.57142857142858,6023.571428571428,154.85714285714286,116.42857142857143,207.78571428571428,182.07142857142858,6026.142857142857,161.78571428571428,17.0,23.714285714285715,20.285714285714285,13.511899517515987,4,10,0
2024-10-12,115.0,204.0,192.0,5951.0,193.0,99.0,181.0,193.0,6013.0,176.0,100.0,176.0,177.0,6043.0,173.0,84.0,208.0,159.0,5980.0,180.0,111.28571428571429,195.85714285714286,180.71428571428572,6010.428571428572,157.71428571428572,118.64285714285714,207.5,184.42857142857142,6024.071428571428,162.71428571428572,-1.0,23.0,21.714285714285715,14.798648586949422,5,10,1
2024-10-13,130.0,227.0,192.0,5889.0,210.0,115.0,204.0,192.0,5951.0,193.0,100.0,183.0,176.0,6006.0,163.0,81.0,213.0,153.0,5925.0,177.0,115.57142857142857,202.14285714285714,183.0,5993.714285714285,164.42857142857142,122.14285714285714,208.5,187.21428571428572,6021.5,165.07142857142858,-18.0,18.571428571428573,22.142857142857142,21.43872775187622,6,10,1
2024-10-14,88.0,214.0,160.0,5935.0,106.0,130.0,227.0,192.0,5889.0,210.0,99.0,190.0,176.0,5968.0,153.0,209.0,285.0,184.0,5967.0,138.0,114.0,205.57142857142858,180.71428571428572,5989.0,157.71428571428572,113.5,203.42857142857142,185.5,6019.214285714285,162.78571428571428,54.0,23.0,22.714285714285715,25.350871122442456,0,10,0
2024-10-15,113.0,208.0,159.0,6013.0,107.0,88.0,214.0,160.0,5935.0,106.0,167.0,239.0,166.0,6013.0,123.0,184.0,314.0,217.0,6040.0,137.0,106.28571428571429,201.14285714285714,179.71428571428572,5989.0,155.42857142857142,108.42857142857143,195.85714285714286,181.35714285714286,6017.285714285715,160.64285714285714,52.0,24.285714285714285,20.714285714285715,26.725233305588098,1,10,0
2024-10-16,174.0,285.0,150.0,6036.0,129.0,113.0,208.0,159.0,6013.0,107.0,115.0,216.0,169.0,6047.0,137.0,107.0,215.0,230.0,6091.0,173.0,114.71428571428571,211.0,177.0,5987.428571428572,154.28571428571428,113.21428571428571,200.85714285714286,175.64285714285714,6013.357142857143,157.5,21.0,22.714285714285715,18.142857142857142,26.518636753010426,2,10,0
2024-10-17,104.0,230.0,206.0,6076.0,160.0,174.0,285.0,150.0,6036.0,129.0,84.0,158.0,193.0,6075.0,159.0,101.0,162.0,178.0,6118.0,193.0,117.57142857142857,221.28571428571428,178.85714285714286,5987.571428571428,154.42857142857142,113.42857142857143,205.71428571428572,177.64285714285714,6010.357142857143,155.14285714285714,46.0,24.428571428571427,22.5,27.72999064104424,3,10,0
2024-10-18,118.0,245.0,209.0,6023.0,172.0,104.0,230.0,206.0,6076.0,160.0,99.0,181.0,193.0,6013.0,176.0,100.0,169.0,178.0,6080.0,183.0,120.28571428571429,230.42857142857142,181.14285714285714,5989.0,153.85714285714286,114.71428571428571,211.14285714285714,179.85714285714286,6006.285714285715,154.35714285714286,37.0,27.285714285714285,25.5,27.86703121201555,4,10,0
2024-10-19,133.0,261.0,211.0,5971.0,183.0,118.0,245.0,209.0,6023.0,172.0,115.0,204.0,192.0,5951.0,193.0,100.0,176.0,177.0,6043.0,173.0,122.85714285714286,238.57142857142858,183.85714285714286,5991.857142857143,152.42857142857142,117.07142857142857,217.21428571428572,182.28571428571428,6001.142857142857,155.07142857142858,28.0,31.428571428571427,27.214285714285715,24.965690743212672,5,10,1
2024-10-20,147.0,276.0,214.0,5918.0,195.0,133.0,261.0,211.0,5971.0,183.0,130.0,227.0,192.0,5889.0,210.0,100.0,183.0,176.0,6006.0,163.0,125.28571428571429,245.57142857142858,187.0,5996.0,150.28571428571428,120.42857142857143,223.85714285714286,185.0,5994.857142857143,157.35714285714286,19.0,36.714285714285715,27.642857142857142,14.465064646869582,6,10,1
2024-10-21,108.0,220.0,213.0,5966.0,154.0,147.0,276.0,214.0,5918.0,195.0,88.0,214.0,160.0,5935.0,106.0,99.0,190.0,176.0,5968.0,153.0,128.14285714285714,246.42857142857142,194.57142857142858,6000.428571428572,157.14285714285714,121.07142857142857,226.0,187.64285714285714,5994.714285714285,157.42857142857142,59.0,37.42857142857143,30.214285714285715,15.544100090358036,0,10,0
2024-10-22,180.0,280.0,146.0,6043.0,109.0,108.0,220.0,213.0,5966.0,154.0,113.0,208.0,159.0,6013.0,107.0,167.0,239.0,166.0,6013.0,123.0,137.71428571428572,256.7142857142857,192.71428571428572,6004.714285714285,157.42857142857142,122.0,228.92857142857142,186.21428571428572,5996.857142857143,156.42857142857142,37.0,35.285714285714285,29.785714285714285,14.174087692150872,1,10,0
2024-10-23,134.0,294.0,186.0,6077.0,138.0,180.0,280.0,146.0,6043.0,109.0,174.0,285.0,150.0,6036.0,129.0,115.0,216.0,169.0,6047.0,137.0,132.0,258.0,197.85714285714286,6010.571428571428,158.71428571428572,123.35714285714286,234.5,187.42857142857142,5999.0,156.5,48.0,39.142857142857146,30.928571428571427,13.284434142115792,2,10,0
2024-10-24,151.0,299.0,179.0,6051.0,152.0,134.0,294.0,186.0,6077.0,138.0,104.0,230.0,206.0,6076.0,160.0,84.0,158.0,193.0,6075.0,159.0,138.71428571428572,267.85714285714283,194.0,6007.0,157.57142857142858,128.14285714285714,244.57142857142858,186.42857142857142,5997.285714285715,156.0,27.0,36.42857142857143,30.428571428571427,13.58745920395232,3,10,0
2024-10-25,168.0,304.0,172.0,6026.0,165.0,151.0,299.0,179.0,6051.0,152.0,118.0,245.0,209.0,6023.0,172.0,99.0,181.0,193.0,6013.0,176.0,145.85714285714286,276.2857142857143,188.71428571428572,6007.428571428572,156.57142857142858,133.07142857142858,253.35714285714286,184.92857142857142,5998.214285714285,155.21428571428572,7.0,32.142857142857146,29.714285714285715,17.534999015574858,4,10,0
2024-10-26,185.0,308.0,165.0,6000.0,178.0,168.0,304.0,172.0,6026.0,165.0,133.0,261.0,211.0,5971.0,183.0,115.0,204.0,192.0,5951.0,193.0,153.28571428571428,283.0,182.14285714285714,6011.571428571428,155.85714285714286,138.07142857142858,260.7857142857143,183.0,6001.714285714285,154.14285714285714,-13.0,26.285714285714285,28.857142857142858,24.58125495653376,5,10,1
2024-10-27,202.0,313.0,158.0,5974.0,192.0,185.0,308.0,165.0,6000.0,178.0,147.0,276.0,214.0,5918.0,195.0,130.0,227.0,192.0,5889.0,210.0,161.14285714285714,288.2857142857143,174.14285714285714,6019.571428571428,155.42857142857142,143.21428571428572,266.92857142857144,180.57142857142858,6007.785714285715,152.85714285714286,-34.0,18.714285714285715,27.714285714285715,33.67845149703464,6,10,1
2024-10-28,110.0,272.0,193.0,6008.0,156.0,202.0,313.0,158.0,5974.0,192.0,108.0,220.0,213.0,5966.0,154.0,88.0,214.0,160.0,5935.0,106.0,161.42857142857142,295.7142857142857,171.28571428571428,6025.571428571428,155.71428571428572,144.78571428571428,271.07142857142856,182.92857142857142,6013.0,156.42857142857142,37.0,15.571428571428571,26.5,30.13224818947966,0,10,0
2024-10-29,166.0,277.0,229.0,6106.0,126.0,110.0,272.0,193.0,6008.0,156.0,180.0,280.0,146.0,6043.0,109.0,113.0,208.0,159.0,6013.0,107.0,159.42857142857142,295.2857142857143,183.14285714285714,6034.571428571428,158.14285714285714,148.57142857142858,276.0,187.92857142857142,6019.642857142857,157.78571428571428,103.0,25.0,30.142857142857142,44.73998956936274,1,10,0
2024-10-30,136.0,276.0,178.0,6149.0,160.0,166.0,277.0,229.0,6106.0,126.0,134.0,294.0,186.0,6077.0,138.0,174.0,285.0,150.0,6036.0,129.0,159.71428571428572,292.7142857142857,182.0,6044.857142857143,161.28571428571428,145.85714285714286,275.35714285714283,189.92857142857142,6027.714285714285,160.0,18.0,20.714285714285715,29.928571428571427,43.59172048953924,2,10,0
2024-10-31,87.0,246.0,173.0,6148.0,177.0,136.0,276.0,178.0,6149.0,160.0,151.0,299.0,179.0,6051.0,152.0,104.0,230.0,206.0,6076.0,160.0,150.57142857142858,285.14285714285717,181.14285714285714,6058.714285714285,164.85714285714286,144.64285714285714,276.5,187.57142857142858,6032.857142857143,161.21428571428572,-4.0,16.285714285714285,26.357142857142858,44.41364011845289,3,10,0
2024-11-01,86.0,221.0,168.0,6095.0,179.0,87.0,246.0,173.0,6148.0,177.0,168.0,304.0,172.0,6026.0,165.0,118.0,245.0,209.0,6023.0,172.0,138.85714285714286,273.2857142857143,180.57142857142858,6068.571428571428,166.85714285714286,142.35714285714286,274.7857142857143,184.64285714285714,6038.0,161.71428571428572,-11.0,13.714285714285714,22.928571428571427,45.54746347022464,4,11,0
2024-11-02,85.0,196.0,162.0,6043.0,182.0,86.0,221.0,168.0,6095.0,179.0,185.0,308.0,165.0,6000.0,178.0,133.0,261.0,211.0,5971.0,183.0,124.57142857142857,257.2857142857143,180.14285714285714,6074.714285714285,167.42857142857142,138.92857142857142,270.14285714285717,181.14285714285714,6043.142857142857,161.64285714285714,-20.0,12.714285714285714,19.5,46.30231918494776,5,11,1
2024-11-03,84.0,171.0,157.0,5990.0,184.0,85.0,196.0,162.0,6043.0,182.0,202.0,313.0,158.0,5974.0,192.0,147.0,276.0,214.0,5918.0,195.0,107.71428571428571,237.0,180.0,6077.0,166.28571428571428,134.42857142857142,262.64285714285717,177.07142857142858,6048.285714285715,160.85714285714286,-27.0,13.714285714285714,16.214285714285715,45.18744031149343,6,11,1
2024-11-04,167.0,209.0,157.0,6007.0,132.0,84.0,171.0,157.0,5990.0,184.0,110.0,272.0,193.0,6008.0,156.0,108.0,220.0,213.0,5966.0,154.0,115.85714285714286,228.0,174.85714285714286,6076.857142857143,162.85714285714286,138.64285714285714,261.85714285714283,173.07142857142858,6051.214285714285,159.28571428571428,25.0,12.0,13.785714285714286,44.37717130838054,0,11,0
2024-11-05,109.0,245.0,159.0,6045.0,126.0,167.0,209.0,157.0,6007.0,132.0,166.0,277.0,229.0,6106.0,126.0,180.0,280.0,146.0,6043.0,109.0,107.71428571428571,223.42857142857142,164.85714285714286,6068.142857142857,162.85714285714286,133.57142857142858,259.35714285714283,174.0,6051.357142857143,160.5,33.0,2.0,13.5,23.36664289109625,1,11,0
2024-11-06,156.0,256.0,176.0,6086.0,137.0,109.0,245.0,159.0,6045.0,126.0,136.0,276.0,178.0,6149.0,160.0,134.0,294.0,186.0,6077.0,138.0,110.57142857142857,220.57142857142858,164.57142857142858,6059.142857142857,159.57142857142858,135.14285714285714,256.64285714285717,173.28571428571428,6052.0,160.42857142857142,39.0,5.0,12.857142857142858,26.851443164195462,2,11,0
2024-11-07,125.0,232.0,192.0,6084.0,177.0,156.0,256.0,176.0,6086.0,137.0,87.0,246.0,173.0,6148.0,177.0,151.0,299.0,179.0,6051.0,152.0,116.0,218.57142857142858,167.28571428571428,6050.0,159.57142857142858,133.28571428571428,251.85714285714286,174.21428571428572,6054.357142857143,162.21428571428572,15.0,7.714285714285714,12.0,26.75016688866535,3,11,0
2024-11-08,123.0,209.0,186.0,6054.0,169.0,125.0,232.0,192.0,6084.0,177.0,86.0,221.0,168.0,6095.0,179.0,168.0,304.0,172.0,6026.0,165.0,121.28571428571429,216.85714285714286,169.85714285714286,6044.142857142857,158.14285714285714,130.07142857142858,245.07142857142858,175.21428571428572,6056.357142857143,162.5,17.0,11.714285714285714,12.714285714285714,25.552001133077265,4,11,0
2024-11-09,122.0,186.0,180.0,6024.0,161.0,123.0,209.0,186.0,6054.0,169.0,85.0,196.0,162.0,6043.0,182.0,185.0,308.0,165.0,6000.0,178.0,126.57142857142857,215.42857142857142,172.42857142857142,6041.428571428572,155.14285714285714,125.57142857142857,236.35714285714286,176.28571428571428,6058.071428571428,161.28571428571428,19.0,17.285714285714285,15.0,21.3987093513787,5,11,1
2024-11-10,120.0,162.0,174.0,5993.0,153.0,122.0,186.0,180.0,6024.0,161.0,84.0,171.0,157.0,5990.0,184.0,202.0,313.0,158.0,5974.0,192.0,131.71428571428572,214.14285714285714,174.85714285714286,6041.857142857143,150.71428571428572,119.71428571428571,225.57142857142858,177.42857142857142,6059.428571428572,158.5,21.0,24.142857142857142,18.928571428571427,8.858678822274312,6,11,1
2024-11-11,118.0,139.0,168.0,5963.0,145.0,120.0,162.0,174.0,5993.0,153.0,167.0,209.0,157.0,6007.0,132.0,110.0,272.0,193.0,6008.0,156.0,124.71428571428571,204.14285714285714,176.42857142857142,6035.571428571428,152.57142857142858,120.28571428571429,216.07142857142858,175.64285714285714,6056.214285714285,157.71428571428572,23.0,23.857142857142858,17.928571428571427,8.85867882227431,0,11,0
2024-11-12,142.0,235.0,139.0,5975.0,138.0,118.0,139.0,168.0,5963.0,145.0,109.0,245.0,159.0,6045.0,126.0,166.0,277.0,229.0,6106.0,126.0,129.42857142857142,202.71428571428572,173.57142857142858,6025.571428571428,154.28571428571428,118.57142857142857,213.07142857142858,169.21428571428572,6046.857142857143,158.57142857142858,1.0,19.285714285714285,10.642857142857142,11.279986491043141,1,11,0
2024-11-13,148.0,245.0,175.0,5966.0,151.0,142.0,235.0,139.0,5975.0,138.0,156.0,256.0,176.0,6086.0,137.0,136.0,276.0,178.0,6149.0,160.0,128.28571428571428,201.14285714285714,173.42857142857142,6008.428571428572,156.28571428571428,119.42857142857143,210.85714285714286,169.0,6033.785714285715,157.92857142857142,24.0,17.142857142857142,11.071428571428571,7.798046153335088,2,11,0
2024-11-14,119.0,219.0,210.0,6025.0,172.0,148.0,245.0,175.0,5966.0,151.0,125.0,232.0,192.0,6084.0,177.0,87.0,246.0,173.0,6148.0,177.0,127.42857142857143,199.28571428571428,176.0,6000.0,155.57142857142858,121.71428571428571,208.92857142857142,171.64285714285714,6025.0,157.57142857142858,38.0,20.428571428571427,14.071428571428571,10.952277432223928,3,11,0
2024-11-15,114.0,216.0,190.0,5955.0,180.0,119.0,219.0,210.0,6025.0,172.0,123.0,209.0,186.0,6054.0,169.0,86.0,221.0,168.0,6095.0,179.0,126.14285714285714,200.28571428571428,176.57142857142858,5985.857142857143,157.14285714285714,123.71428571428571,208.57142857142858,173.21428571428572,6015.0,157.64285714285714,10.0,19.428571428571427,15.571428571428571,11.61690066034833,4,11,0
2024-11-16,110.0,213.0,169.0,5886.0,187.0,114.0,216.0,190.0,5955.0,180.0,122.0,186.0,180.0,6024.0,161.0,85.0,196.0,162.0,6043.0,182.0,124.42857142857143,204.14285714285714,175.0,5966.142857142857,160.85714285714286,125.5,209.78571428571428,173.71428571428572,6003.785714285715,158.0,-18.0,14.142857142857142,15.714285714285714,18.325106379214937,5,11,1
2024-11-17,105.0,210.0,149.0,5816.0,195.0,110.0,213.0,169.0,5886.0,187.0,120.0,162.0,174.0,5993.0,153.0,84.0,171.0,157.0,5990.0,184.0,122.28571428571429,211.0,171.42857142857142,5940.857142857143,166.85714285714286,127.0,212.57142857142858,173.14285714285714,5991.357142857143,158.78571428571428,-46.0,4.571428571428571,14.357142857142858,28.70457073276659,6,11,1
2024-11-18,143.0,203.0,163.0,5819.0,138.0,105.0,210.0,149.0,5816.0,195.0,118.0,139.0,168.0,5963.0,145.0,167.0,209.0,157.0,6007.0,132.0,125.85714285714286,220.14285714285714,170.71428571428572,5920.285714285715,165.85714285714286,125.28571428571429,212.14285714285714,173.57142857142858,5977.928571428572,159.21428571428572,25.0,4.857142857142857,14.357142857142858,28.927660185530787,0,11,0
2024-11-19,119.0,209.0,152.0,5844.0,146.0,143.0,203.0,163.0,5819.0,138.0,142.0,235.0,139.0,5975.0,138.0,109.0,245.0,159.0,6045.0,126.0,122.57142857142857,216.42857142857142,172.57142857142858,5901.571428571428,167.0,126.0,209.57142857142858,173.07142857142858,5963.571428571428,160.64285714285714,6.0,5.571428571428571,12.428571428571429,28.87823368823655,1,11,0
2024-11-20,155.0,212.0,181.0,5879.0,148.0,119.0,209.0,152.0,5844.0,146.0,148.0,245.0,175.0,5966.0,151.0,156.0,256.0,176.0,6086.0,137.0,123.57142857142857,211.71428571428572,173.42857142857142,5889.142857142857,166.57142857142858,125.92857142857143,206.42857142857142,173.42857142857142,5948.785714285715,161.42857142857142,33.0,6.857142857142857,12.0,30.013489030926465,2,11,0
2024-11-21,109.0,214.0,173.0,5850.0,210.0,155.0,212.0,181.0,5879.0,148.0,119.0,219.0,210.0,6025.0,172.0,125.0,232.0,192.0,6084.0,177.0,122.14285714285714,211.0,168.14285714285714,5864.142857142857,172.0,124.78571428571429,205.14285714285714,172.07142857142858,5932.071428571428,163.78571428571428,-37.0,-3.857142857142857,8.285714285714286,30.42711823044605,3,11,0
2024-11-22,136.0,237.0,179.0,5788.0,209.0,109.0,214.0,173.0,5850.0,210.0,114.0,216.0,190.0,5955.0,180.0,123.0,209.0,186.0,6054.0,169.0,125.28571428571429,214.0,166.57142857142858,5840.285714285715,176.14285714285714,125.71428571428571,207.14285714285714,171.57142857142858,5913.071428571428,166.64285714285714,-30.0,-9.571428571428571,4.928571428571429,31.138706582307904,4,11,0
2024-11-23,164.0,260.0,186.0,5726.0,208.0,136.0,237.0,179.0,5788.0,209.0,110.0,213.0,169.0,5886.0,187.0,122.0,186.0,180.0,6024.0,161.0,133.0,220.71428571428572,169.0,5817.428571428572,179.14285714285714,128.71428571428572,212.42857142857142,172.0,5891.785714285715,170.0,-22.0,-10.142857142857142,2.0,31.355108948030704,5,11,1
2024-11-24,191.0,283.0,192.0,5664.0,207.0,164.0,260.0,186.0,5726.0,208.0,105.0,210.0,149.0,5816.0,195.0,120.0,162.0,174.0,5993.0,153.0,145.28571428571428,231.14285714285714,175.14285714285714,5795.714285714285,180.85714285714286,133.78571428571428,221.07142857142858,173.28571428571428,5868.285714285715,173.85714285714286,-15.0,-5.714285714285714,-0.5714285714285714,27.384389018285223,6,11,1
2024-11-25,170.0,297.0,196.0,5715.0,129.0,191.0,283.0,192.0,5664.0,207.0,143.0,203.0,163.0,5819.0,138.0,118.0,139.0,168.0,5963.0,145.0,149.14285714285714,244.57142857142858,179.85714285714286,5780.857142857143,179.57142857142858,137.5,232.35714285714286,175.28571428571428,5850.571428571428,172.71428571428572,67.0,0.2857142857142857,2.5714285714285716,37.840517463491175,0,11,0
2024-11-26,152.0,272.0,214.0,5826.0,112.0,170.0,297.0,196.0,5715.0,129.0,119.0,209.0,152.0,5844.0,146.0,142.0,235.0,139.0,5975.0,138.0,153.85714285714286,253.57142857142858,188.71428571428572,5778.285714285715,174.71428571428572,138.21428571428572,235.0,180.64285714285714,5839.928571428572,170.85714285714286,102.0,14.0,9.785714285714286,54.14178915896069,1,11,0
2024-11-27,239.0,367.0,224.0,5862.0,211.0,152.0,272.0,214.0,5826.0,112.0,155.0,212.0,181.0,5879.0,148.0,148.0,245.0,175.0,5966.0,151.0,165.85714285714286,275.7142857142857,194.85714285714286,5775.857142857143,183.71428571428572,144.71428571428572,243.71428571428572,184.14285714285714,5832.5,175.14285714285714,13.0,11.142857142857142,9.0,53.49588324169948,2,11,0
2024-11-28,113.0,280.0,237.0,5963.0,143.0,239.0,367.0,224.0,5862.0,211.0,109.0,214.0,173.0,5850.0,210.0,119.0,219.0,210.0,6025.0,172.0,166.42857142857142,285.14285714285717,204.0,5792.0,174.14285714285714,144.28571428571428,248.07142857142858,186.07142857142858,5828.071428571428,173.07142857142858,94.0,29.857142857142858,13.0,56.66694677801936,3,11,0
2024-11-29,141.0,289.0,220.0,5971.0,145.0,113.0,280.0,237.0,5963.0,143.0,136.0,237.0,179.0,5788.0,209.0,114.0,216.0,190.0,5955.0,180.0,167.14285714285714,292.57142857142856,209.85714285714286,5818.142857142857,165.0,146.21428571428572,253.28571428571428,188.21428571428572,5829.214285714285,170.57142857142858,75.0,44.857142857142854,17.642857142857142,51.87622631941224,4,11,0
2024-11-30,168.0,297.0,204.0,5978.0,147.0,141.0,289.0,220.0,5971.0,145.0,164.0,260.0,186.0,5726.0,208.0,110.0,213.0,169.0,5886.0,187.0,167.71428571428572,297.85714285714283,212.42857142857142,5854.142857142857,156.28571428571428,150.35714285714286,259.2857142857143,190.71428571428572,5835.785714285715,167.71428571428572,57.0,56.142857142857146,23.0,42.68656530037149,5,11,1
2024-12-01,196.0,306.0,187.0,5986.0,149.0,168.0,297.0,204.0,5978.0,147.0,191.0,283.0,192.0,5664.0,207.0,105.0,210.0,149.0,5816.0,195.0,168.42857142857142,301.14285714285717,211.71428571428572,5900.142857142857,148.0,156.85714285714286,266.14285714285717,193.42857142857142,5847.928571428572,164.42857142857142,38.0,63.714285714285715,29.0,31.089731883235206,6,12,1
2024-12-02,236.0,330.0,222.0,6061.0,115.0,196.0,306.0,187.0,5986.0,149.0,170.0,297.0,196.0,5715.0,129.0,143.0,203.0,163.0,5819.0,138.0,177.85714285714286,305.85714285714283,215.42857142857142,5949.571428571428,146.0,163.5,275.2142857142857,197.64285714285714,5865.214285714285,162.78571428571428,107.0,69.42857142857143,34.857142857142854,35.19875538925211,0,12,0
2024-12-03,81.0,230.0,242.0,6192.0,107.0,236.0,330.0,222.0,6061.0,115.0,152.0,272.0,214.0,5826.0,112.0,119.0,209.0,152.0,5844.0,146.0,167.71428571428572,299.85714285714283,219.42857142857142,6001.857142857143,145.28571428571428,160.78571428571428,276.7142857142857,204.07142857142858,5890.071428571428,160.0,135.0,74.14285714285714,44.07142857142857,41.866568092089274,1,12,0
2024-12-04,118.0,245.0,160.0,6269.0,115.0,81.0,230.0,242.0,6192.0,107.0,239.0,367.0,224.0,5862.0,211.0,155.0,212.0,181.0,5879.0,148.0,150.42857142857142,282.42857142857144,210.28571428571428,6060.0,131.57142857142858,158.14285714285714,279.07142857142856,202.57142857142858,5917.928571428572,157.64285714285714,45.0,78.71428571428571,44.92857142857143,35.311538651052665,2,12,0
2024-12-05,218.0,283.0,208.0,6310.0,150.0,118.0,245.0,160.0,6269.0,115.0,113.0,280.0,237.0,5963.0,143.0,109.0,214.0,173.0,5850.0,210.0,165.42857142857142,282.85714285714283,206.14285714285714,6109.571428571428,132.57142857142858,165.92857142857142,284.0,205.07142857142858,5950.785714285715,153.35714285714286,58.0,73.57142857142857,51.714285714285715,35.33580404659092,3,12,0
2024-12-06,189.0,270.0,200.0,6302.0,157.0,218.0,283.0,208.0,6310.0,150.0,141.0,289.0,220.0,5971.0,145.0,136.0,237.0,179.0,5788.0,209.0,172.28571428571428,280.14285714285717,203.28571428571428,6156.857142857143,134.28571428571428,169.71428571428572,286.35714285714283,206.57142857142858,5987.5,149.64285714285714,43.0,69.0,56.92857142857143,37.14386445520566,4,12,0
2024-12-07,161.0,256.0,191.0,6294.0,165.0,189.0,270.0,200.0,6302.0,157.0,168.0,297.0,204.0,5978.0,147.0,164.0,260.0,186.0,5726.0,208.0,171.28571428571428,274.2857142857143,201.42857142857142,6202.0,136.85714285714286,169.5,286.07142857142856,206.92857142857142,6028.071428571428,146.57142857142858,26.0,64.57142857142857,60.357142857142854,40.508670441677104,5,12,1
2024-12-08,132.0,243.0,183.0,6286.0,172.0,161.0,256.0,191.0,6294.0,165.0,196.0,306.0,187.0,5986.0,149.0,191.0,283.0,192.0,5664.0,207.0,162.14285714285714,265.2857142857143,200.85714285714286,6244.857142857143,140.14285714285714,165.28571428571428,283.2142857142857,206.28571428571428,6072.5,144.07142857142858,11.0,60.714285714285715,62.214285714285715,44.544787520406004,6,12,1
2024-12-09,224.0,315.0,152.0,6268.0,174.0,132.0,243.0,183.0,6286.0,172.0,236.0,330.0,222.0,6061.0,115.0,170.0,297.0,196.0,5715.0,129.0,160.42857142857142,263.14285714285717,190.85714285714286,6274.428571428572,148.57142857142858,169.14285714285714,284.5,203.14285714285714,6112.0,147.28571428571428,-22.0,42.285714285714285,55.857142857142854,48.69536009968627,0,12,0
2024-12-10,167.0,326.0,213.0,6310.0,149.0,224.0,315.0,152.0,6268.0,174.0,81.0,230.0,242.0,6192.0,107.0,152.0,272.0,214.0,5826.0,112.0,172.71428571428572,276.85714285714283,186.71428571428572,6291.285714285715,154.57142857142858,170.21428571428572,288.35714285714283,203.07142857142858,6146.571428571428,149.92857142857142,64.0,32.142857142857146,53.142857142857146,29.95234309937838,1,12,0
2024-12-11,209.0,353.0,232.0,6402.0,152.0,167.0,326.0,213.0,6310.0,149.0,118.0,245.0,160.0,6269.0,115.0,239.0,367.0,224.0,5862.0,211.0,185.71428571428572,292.2857142857143,197.0,6310.285714285715,159.85714285714286,168.07142857142858,287.35714285714283,203.64285714285714,6185.142857142857,145.71428571428572,80.0,37.142857142857146,57.92857142857143,34.95915984606724,2,12,0
2024-12-12,153.0,253.0,286.0,6481.0,194.0,209.0,353.0,232.0,6402.0,152.0,218.0,283.0,208.0,6310.0,150.0,113.0,280.0,237.0,5963.0,143.0,176.42857142857142,288.0,208.14285714285714,6334.714285714285,166.14285714285714,170.92857142857142,285.42857142857144,207.14285714285714,6222.142857142857,149.35714285714286,92.0,42.0,57.785714285714285,40.294747383085664,3,12,0
2024-12-13,162.0,281.0,264.0,6457.0,204.0,153.0,253.0,286.0,6481.0,194.0,189.0,270.0,200.0,6302.0,157.0,141.0,289.0,220.0,5971.0,145.0,172.57142857142858,289.57142857142856,217.28571428571428,6356.857142857143,172.85714285714286,172.42857142857142,284.85714285714283,210.28571428571428,6256.857142857143,153.57142857142858,60.0,44.42857142857143,56.714285714285715,40.87320696518773,4,12,0
2024-12-14,171.0,309.0,241.0,6432.0,214.0,162.0,281.0,264.0,6457.0,204.0,161.0,256.0,191.0,6294.0,165.0,168.0,297.0,204.0,5978.0,147.0,174.0,297.14285714285717,224.42857142857142,6376.571428571428,179.85714285714286,172.64285714285714,285.7142857142857,212.92857142857142,6289.285714285715,158.35714285714286,27.0,44.57142857142857,54.57142857142857,40.799743229817885,5,12,1
2024-12-15,180.0,337.0,219.0,6408.0,224.0,171.0,309.0,241.0,6432.0,214.0,132.0,243.0,183.0,6286.0,172.0,196.0,306.0,187.0,5986.0,149.0,180.85714285714286,310.57142857142856,229.57142857142858,6394.0,187.28571428571428,171.5,287.92857142857144,215.21428571428572,6319.428571428572,163.71428571428572,-5.0,42.285714285714285,51.5,43.36171231902769,6,12,1
2024-12-16,133.0,287.0,189.0,6454.0,149.0,180.0,337.0,219.0,6408.0,224.0,224.0,315.0,152.0,6268.0,174.0,236.0,330.0,222.0,6061.0,115.0,167.85714285714286,306.57142857142856,234.85714285714286,6420.571428571428,183.71428571428572,164.14285714285714,284.85714285714283,212.85714285714286,6347.5,166.14285714285714,40.0,51.142857142857146,46.714285714285715,33.178449689663715,0,12,0
2024-12-17,187.0,310.0,247.0,6506.0,151.0,133.0,287.0,189.0,6454.0,149.0,167.0,326.0,213.0,6310.0,149.0,81.0,230.0,242.0,6192.0,107.0,170.71428571428572,304.2857142857143,239.71428571428572,6448.571428571428,184.0,171.71428571428572,290.57142857142856,213.21428571428572,6369.928571428572,169.28571428571428,96.0,55.714285714285715,43.92857142857143,37.205350357685354,1,12,0
2024-12-18,168.0,285.0,210.0,6598.0,134.0,187.0,310.0,247.0,6506.0,151.0,209.0,353.0,232.0,6402.0,152.0,118.0,245.0,160.0,6269.0,115.0,164.85714285714286,294.57142857142856,236.57142857142858,6476.571428571428,181.42857142857142,175.28571428571428,293.42857142857144,216.78571428571428,6393.428571428572,170.64285714285714,76.0,55.142857142857146,46.142857142857146,36.798680100553604,2,12,0
2024-12-19,269.0,412.0,204.0,6600.0,238.0,168.0,285.0,210.0,6598.0,134.0,153.0,253.0,286.0,6481.0,194.0,218.0,283.0,208.0,6310.0,150.0,181.42857142857142,317.2857142857143,224.85714285714286,6493.571428571428,187.71428571428572,178.92857142857142,302.64285714285717,216.5,6414.142857142857,176.92857142857142,-34.0,37.142857142857146,39.57142857142857,45.54275855877506,3,12,0
2024-12-20,213.0,360.0,215.0,6598.0,248.0,269.0,412.0,204.0,6600.0,238.0,162.0,281.0,264.0,6457.0,204.0,189.0,270.0,200.0,6302.0,157.0,188.71428571428572,328.57142857142856,217.85714285714286,6513.714285714285,194.0,180.64285714285714,309.07142857142856,217.57142857142858,6435.285714285715,183.42857142857142,-33.0,23.857142857142858,34.142857142857146,51.001400540993764,4,12,0
2024-12-21,156.0,307.0,225.0,6597.0,258.0,213.0,360.0,215.0,6598.0,248.0,171.0,309.0,241.0,6432.0,214.0,161.0,256.0,191.0,6294.0,165.0,186.57142857142858,328.2857142857143,215.57142857142858,6537.285714285715,200.28571428571428,180.28571428571428,312.7142857142857,220.0,6456.928571428572,190.07142857142858,-33.0,15.285714285714286,29.928571428571427,55.25008080149251,5,12,1
2024-12-22,100.0,255.0,236.0,6595.0,268.0,156.0,307.0,225.0,6597.0,258.0,180.0,337.0,219.0,6408.0,224.0,132.0,243.0,183.0,6286.0,172.0,175.14285714285714,316.57142857142856,218.0,6564.0,206.57142857142858,178.0,313.57142857142856,223.78571428571428,6479.0,196.92857142857142,-32.0,11.428571428571429,26.857142857142858,57.786553057659845,6,12,1
2024-12-23,205.0,294.0,177.0,6548.0,231.0,100.0,255.0,236.0,6595.0,268.0,133.0,287.0,189.0,6454.0,149.0,224.0,315.0,152.0,6268.0,174.0,185.42857142857142,317.57142857142856,216.28571428571428,6577.428571428572,218.28571428571428,176.64285714285714,312.07142857142856,225.57142857142858,6499.0,201.0,-54.0,-2.0,24.571428571428573,60.87966272355124,0,12,0
2024-12-24,161.0,304.0,211.0,6622.0,155.0,205.0,294.0,177.0,6548.0,231.0,187.0,310.0,247.0,6506.0,151.0,167.0,326.0,213.0,6310.0,149.0,181.71428571428572,316.7142857142857,211.14285714285714,6594.0,218.85714285714286,176.21428571428572,310.5,225.42857142857142,6521.285714285715,201.42857142857142,56.0,-7.714285714285714,24.0,51.266344664293314,1,12,0
2024-12-25,57.0,162.0,193.0,6689.0,107.0,161.0,304.0,211.0,6622.0,155.0,168.0,285.0,210.0,6598.0,134.0,209.0,353.0,232.0,6402.0,152.0,165.85714285714286,299.14285714285717,208.71428571428572,6607.0,215.0,165.35714285714286,296.85714285714283,222.64285714285714,6541.785714285715,198.21428571428572,86.0,-6.285714285714286,24.428571428571427,54.05156268389887,2,12,0
2024-12-26,80.0,122.0,152.0,6707.0,135.0,57.0,162.0,193.0,6689.0,107.0,269.0,412.0,204.0,6600.0,238.0,153.0,253.0,286.0,6481.0,194.0,138.85714285714286,257.7142857142857,201.28571428571428,6622.285714285715,200.28571428571428,160.14285714285714,287.5,213.07142857142858,6557.928571428572,194.0,17.0,1.0,19.071428571428573,53.122499941173906,3,12,0
2024-12-27,89.0,138.0,146.0,6626.0,162.0,80.0,122.0,152.0,6707.0,135.0,213.0,360.0,215.0,6598.0,248.0,162.0,281.0,264.0,6457.0,204.0,121.14285714285714,226.0,191.42857142857142,6626.285714285715,188.0,154.92857142857142,277.2857142857143,204.64285714285714,6570.0,191.0,-16.0,3.4285714285714284,13.642857142857142,51.67803254400335,4,12,0
2024-12-28,98.0,154.0,139.0,6546.0,189.0,89.0,138.0,146.0,6626.0,162.0,156.0,307.0,225.0,6597.0,258.0,171.0,309.0,241.0,6432.0,214.0,112.85714285714286,204.14285714285714,179.14285714285714,6619.0,178.14285714285714,149.71428571428572,266.2142857142857,197.35714285714286,6578.142857142857,189.21428571428572,-50.0,1.0,8.142857142857142,54.021600618024586,5,12,1
2024-12-29,107.0,170.0,133.0,6465.0,216.0,98.0,154.0,139.0,6546.0,189.0,100.0,255.0,236.0,6595.0,268.0,180.0,337.0,219.0,6408.0,224.0,113.85714285714286,192.0,164.42857142857142,6600.428571428572,170.71428571428572,144.5,254.28571428571428,191.21428571428572,6582.214285714285,188.64285714285714,-83.0,-6.285714285714286,2.5714285714285716,62.05565858086418,6,12,1
2024-12-30,99.0,156.0,139.0,6454.0,177.0,107.0,170.0,133.0,6465.0,216.0,205.0,294.0,177.0,6548.0,231.0,133.0,287.0,189.0,6454.0,149.0,98.71428571428571,172.28571428571428,159.0,6587.0,163.0,142.07142857142858,244.92857142857142,187.64285714285714,6582.214285714285,190.64285714285714,-38.0,-4.0,-3.0,60.27437266367872,0,12,0
2024-12-31,62.0,111.0,116.0,6430.0,160.0,99.0,156.0,139.0,6454.0,177.0,161.0,304.0,211.0,6622.0,155.0,187.0,310.0,247.0,6506.0,151.0,84.57142857142857,144.71428571428572,145.42857142857142,6559.571428571428,163.71428571428572,133.14285714285714,230.71428571428572,178.28571428571428,6576.785714285715,191.28571428571428,-44.0,-18.285714285714285,-13.0,55.331468700653964,1,12,0
2025-01-01,25.0,66.0,94.0,6405.0,144.0,62.0,111.0,116.0,6430.0,160.0,57.0,162.0,193.0,6689.0,107.0,168.0,285.0,210.0,6598.0,134.0,80.0,131.0,131.28571428571428,6519.0,169.0,122.92857142857143,215.07142857142858,170.0,6563.0,192.0,-50.0,-37.714285714285715,-22.0,31.244809092681546,2,1,0
2025-01-02,35.0,70.0,53.0,6292.0,170.0,25.0,66.0,94.0,6405.0,144.0,80.0,122.0,152.0,6707.0,135.0,269.0,412.0,204.0,6600.0,238.0,73.57142857142857,123.57142857142857,117.14285714285714,6459.714285714285,174.0,106.21428571428571,190.64285714285714,159.21428571428572,6541.0,187.14285714285714,-117.0,-56.857142857142854,-27.928571428571427,33.12817819434401,3,1,0
2025-01-03,38.0,71.0,57.0,6155.0,175.0,35.0,70.0,53.0,6292.0,170.0,89.0,138.0,146.0,6626.0,162.0,213.0,360.0,215.0,6598.0,248.0,66.28571428571429,114.0,104.42857142857143,6392.428571428572,175.85714285714286,93.71428571428571,170.0,147.92857142857142,6509.357142857143,181.92857142857142,-118.0,-71.42857142857143,-34.0,34.563261530403445,4,1,0
2025-01-04,40.0,72.0,60.0,6019.0,180.0,38.0,71.0,57.0,6155.0,175.0,98.0,154.0,139.0,6546.0,189.0,156.0,307.0,225.0,6597.0,258.0,58.0,102.28571428571429,93.14285714285714,6317.142857142857,174.57142857142858,85.42857142857143,153.21428571428572,136.14285714285714,6468.071428571428,176.35714285714286,-120.0,-81.42857142857143,-40.214285714285715,37.344598640487035,5,1,1
2025-01-05,43.0,73.0,64.0,5882.0,185.0,40.0,72.0,60.0,6019.0,180.0,107.0,170.0,133.0,6465.0,216.0,100.0,255.0,236.0,6595.0,268.0,48.857142857142854,88.42857142857143,83.28571428571429,6233.857142857143,170.14285714285714,81.35714285714286,140.21428571428572,123.85714285714286,6417.142857142857,170.42857142857142,-121.0,-86.85714285714286,-46.57142857142857,40.259278729375445,6,1,1
2025-01-06,41.0,60.0,71.0,5769.0,190.0,43.0,73.0,64.0,5882.0,185.0,99.0,156.0,139.0,6454.0,177.0,205.0,294.0,177.0,6548.0,231.0,40.57142857142857,74.71428571428571,73.57142857142857,6136.0,172.0,69.64285714285714,123.5,116.28571428571429,6361.5,167.5,-119.0,-98.42857142857143,-51.214285714285715,35.19875538925203,0,1,0
2025-01-07,65.0,83.0,65.0,5703.0,133.0,41.0,60.0,71.0,5769.0,190.0,62.0,111.0,116.0,6430.0,160.0,161.0,304.0,211.0,6622.0,155.0,41.0,70.71428571428571,66.28571428571429,6032.142857142857,168.14285714285714,62.785714285714285,107.71428571428571,105.85714285714286,6295.857142857143,165.92857142857142,-68.0,-101.85714285714286,-60.07142857142857,29.76255237390673,1,1,0
2025-01-08,38.0,80.0,82.0,5605.0,184.0,65.0,83.0,65.0,5703.0,133.0,25.0,66.0,94.0,6405.0,144.0,57.0,162.0,193.0,6689.0,107.0,42.857142857142854,72.71428571428571,64.57142857142857,5917.857142857143,173.85714285714286,61.42857142857143,101.85714285714286,97.92857142857143,6218.428571428572,171.42857142857142,-102.0,-109.28571428571429,-73.5,19.319370984535503,2,1,0
2025-01-09,56.0,82.0,68.0,5507.0,164.0,38.0,80.0,82.0,5605.0,184.0,35.0,70.0,53.0,6292.0,170.0,80.0,122.0,152.0,6707.0,135.0,45.857142857142854,74.42857142857143,66.71428571428571,5805.714285714285,173.0,59.714285714285715,99.0,91.92857142857143,6132.714285714285,173.5,-96.0,-106.28571428571429,-81.57142857142857,19.550910342951102,3,1,0
2025-01-10,62.0,89.0,72.0,5369.0,188.0,56.0,82.0,68.0,5507.0,164.0,38.0,71.0,57.0,6155.0,175.0,89.0,138.0,146.0,6626.0,162.0,49.285714285714285,77.0,68.85714285714286,5693.428571428572,174.85714285714286,57.785714285714285,95.5,86.64285714285714,6042.928571428572,175.35714285714286,-116.0,-106.0,-88.71428571428571,19.364916731037525,4,1,0
2025-01-11,68.0,96.0,76.0,5230.0,211.0,62.0,89.0,72.0,5369.0,188.0,40.0,72.0,60.0,6019.0,180.0,98.0,154.0,139.0,6546.0,189.0,53.285714285714285,80.42857142857143,71.14285714285714,5580.714285714285,179.28571428571428,55.642857142857146,91.35714285714286,82.14285714285714,5948.928571428572,176.92857142857142,-135.0,-108.14285714285714,-94.78571428571429,21.84359991262599,5,1,1
2025-01-12,74.0,103.0,80.0,5092.0,235.0,68.0,96.0,76.0,5230.0,211.0,43.0,73.0,64.0,5882.0,185.0,107.0,170.0,133.0,6465.0,216.0,57.714285714285715,84.71428571428571,73.42857142857143,5467.857142857143,186.42857142857142,53.285714285714285,86.57142857142857,78.35714285714286,5850.857142857143,178.28571428571428,-155.0,-113.0,-99.92857142857143,28.0713376952367,6,1,1
2025-01-13,68.0,107.0,102.0,5019.0,181.0,74.0,103.0,80.0,5092.0,235.0,41.0,60.0,71.0,5769.0,190.0,99.0,156.0,139.0,6454.0,177.0,61.57142857142857,91.42857142857143,77.85714285714286,5360.714285714285,185.14285714285714,51.07142857142857,83.07142857142857,75.71428571428571,5748.357142857143,178.57142857142858,-79.0,-107.28571428571429,-102.85714285714286,30.60345452022444,0,1,0
2025-01-14,92.0,124.0,93.0,4957.0,139.0,68.0,107.0,102.0,5019.0,181.0,65.0,83.0,65.0,5703.0,133.0,62.0,111.0,116.0,6430.0,160.0,65.42857142857143,97.28571428571429,81.85714285714286,5254.142857142857,186.0,53.214285714285715,84.0,74.07142857142857,5643.142857142857,177.07142857142858,-46.0,-104.14285714285714,-103.0,35.96956385347953,1,1,0
2025-01-15,113.0,162.0,107.0,4903.0,164.0,92.0,124.0,93.0,4957.0,139.0,38.0,80.0,82.0,5605.0,184.0,25.0,66.0,94.0,6405.0,144.0,76.14285714285714,109.0,85.42857142857143,5153.857142857143,183.14285714285714,59.5,90.85714285714286,75.0,5535.857142857143,178.5,-57.0,-97.71428571428571,-103.5,40.19002482256154,2,1,0
2025-01-16,106.0,196.0,131.0,4881.0,159.0,113.0,162.0,107.0,4903.0,164.0,56.0,82.0,68.0,5507.0,164.0,35.0,70.0,53.0,6292.0,170.0,83.28571428571429,125.28571428571429,94.42857142857143,5064.428571428572,182.42857142857142,64.57142857142857,99.85714285714286,80.57142857142857,5435.071428571428,177.71428571428572,-28.0,-88.0,-97.14285714285714,48.11098280711676,3,1,0
2025-01-17,99.0,181.0,143.0,4797.0,165.0,106.0,196.0,131.0,4881.0,159.0,62.0,89.0,72.0,5369.0,188.0,38.0,71.0,57.0,6155.0,175.0,88.57142857142857,138.42857142857142,104.57142857142857,4982.714285714285,179.14285714285714,68.92857142857143,107.71428571428571,86.71428571428571,5338.071428571428,177.0,-22.0,-74.57142857142857,-90.28571428571429,51.95785838176037,4,1,0
2025-01-18,93.0,167.0,156.0,4712.0,170.0,99.0,181.0,143.0,4797.0,165.0,68.0,96.0,76.0,5230.0,211.0,40.0,72.0,60.0,6019.0,180.0,92.14285714285714,148.57142857142858,116.0,4908.714285714285,173.28571428571428,72.71428571428571,114.5,93.57142857142857,5244.714285714285,176.28571428571428,-14.0,-57.285714285714285,-82.71428571428571,48.517056401896234,5,1,1
2025-01-19,86.0,152.0,168.0,4628.0,176.0,93.0,167.0,156.0,4712.0,170.0,74.0,103.0,80.0,5092.0,235.0,43.0,73.0,64.0,5882.0,185.0,93.85714285714286,155.57142857142858,128.57142857142858,4842.428571428572,164.85714285714286,75.78571428571429,120.14285714285714,101.0,5155.142857142857,175.64285714285714,-8.0,-36.285714285714285,-74.64285714285714,25.55200113307726,6,1,1
2025-01-20,84.0,118.0,136.0,4638.0,127.0,86.0,152.0,168.0,4628.0,176.0,68.0,107.0,102.0,5019.0,181.0,41.0,60.0,71.0,5769.0,190.0,96.14285714285714,157.14285714285714,133.42857142857142,4788.0,157.14285714285714,78.85714285714286,124.28571428571429,105.64285714285714,5074.357142857143,171.14285714285714,9.0,-23.714285714285715,-65.5,22.499735448180612,0,1,0
2025-01-21,59.0,64.0,117.0,4728.0,54.0,84.0,118.0,136.0,4638.0,127.0,92.0,124.0,93.0,4957.0,139.0,65.0,83.0,65.0,5703.0,133.0,91.42857142857143,148.57142857142858,136.85714285714286,4755.285714285715,145.0,78.42857142857143,122.92857142857143,109.35714285714286,5004.714285714285,165.5,63.0,-8.142857142857142,-56.142857142857146,37.333758500980636,1,1,0
2025-01-22,62.0,97.0,52.0,4717.0,83.0,59.0,64.0,117.0,4728.0,54.0,113.0,162.0,107.0,4903.0,164.0,38.0,80.0,82.0,5605.0,184.0,84.14285714285714,139.28571428571428,129.0,4728.714285714285,133.42857142857142,80.14285714285714,124.14285714285714,107.21428571428571,4941.285714285715,158.28571428571428,-31.0,-4.428571428571429,-51.07142857142857,32.664237033067245,2,1,0
2025-01-23,91.0,75.0,97.0,4621.0,174.0,62.0,97.0,52.0,4717.0,83.0,106.0,196.0,131.0,4881.0,159.0,56.0,82.0,68.0,5507.0,164.0,82.0,122.0,124.14285714285714,4691.571428571428,135.57142857142858,82.64285714285714,123.64285714285714,109.28571428571429,4878.0,159.0,-77.0,-11.428571428571429,-49.714285714285715,42.3668783479784,3,1,0
2025-01-24,70.0,67.0,68.0,4494.0,177.0,91.0,75.0,97.0,4621.0,174.0,99.0,181.0,143.0,4797.0,165.0,62.0,89.0,72.0,5369.0,188.0,77.85714285714286,105.71428571428571,113.42857142857143,4648.285714285715,137.28571428571428,83.21428571428571,122.07142857142857,109.0,4815.5,158.21428571428572,-109.0,-23.857142857142858,-49.214285714285715,56.41639410498994,4,1,0
2025-01-25,50.0,59.0,40.0,4368.0,179.0,70.0,67.0,68.0,4494.0,177.0,93.0,167.0,156.0,4712.0,170.0,68.0,96.0,76.0,5230.0,211.0,71.71428571428571,90.28571428571429,96.85714285714286,4599.142857142857,138.57142857142858,81.92857142857143,119.42857142857143,106.42857142857143,4753.928571428572,155.92857142857142,-139.0,-41.714285714285715,-49.5,70.74063962983452,5,1,1
2025-01-26,29.0,51.0,11.0,4241.0,182.0,50.0,59.0,40.0,4368.0,179.0,86.0,152.0,168.0,4628.0,176.0,74.0,103.0,80.0,5092.0,235.0,63.57142857142857,75.85714285714286,74.42857142857143,4543.857142857143,139.42857142857142,78.71428571428571,115.71428571428571,101.5,4693.142857142857,152.14285714285714,-171.0,-65.0,-50.642857142857146,83.47454701883693,6,1,1
2025-01-27,33.0,53.0,34.0,4161.0,127.0,29.0,51.0,11.0,4241.0,182.0,84.0,118.0,136.0,4638.0,127.0,68.0,107.0,102.0,5019.0,181.0,56.285714285714285,66.57142857142857,59.857142857142854,4475.714285714285,139.42857142857142,76.21428571428571,111.85714285714286,96.64285714285714,4631.857142857143,148.28571428571428,-93.0,-79.57142857142857,-51.642857142857146,77.06027325597628,0,1,0
2025-01-28,32.0,49.0,39.0,4096.0,101.0,33.0,53.0,34.0,4161.0,127.0,59.0,64.0,117.0,4728.0,54.0,92.0,124.0,93.0,4957.0,139.0,52.42857142857143,64.42857142857143,48.714285714285715,4385.428571428572,146.14285714285714,71.92857142857143,106.5,92.78571428571429,4570.357142857143,145.57142857142858,-62.0,-97.42857142857143,-52.785714285714285,47.22237161507669,1,1,0
2025-01-29,32.0,50.0,39.0,4036.0,99.0,32.0,49.0,39.0,4096.0,101.0,62.0,97.0,52.0,4717.0,83.0,113.0,162.0,107.0,4903.0,164.0,48.142857142857146,57.714285714285715,46.857142857142854,4288.142857142857,148.42857142857142,66.14285714285714,98.5,87.92857142857143,4508.428571428572,140.92857142857142,-60.0,-101.57142857142857,-53.0,41.3273805237206,2,1,0
2025-01-30,47.0,42.0,47.0,3923.0,159.0,32.0,50.0,39.0,4036.0,99.0,91.0,75.0,97.0,4621.0,174.0,106.0,196.0,131.0,4881.0,159.0,41.857142857142854,53.0,39.714285714285715,4188.428571428572,146.28571428571428,61.92857142857143,87.5,81.92857142857143,4440.0,140.92857142857142,-112.0,-106.57142857142857,-59.0,39.953544452097546,3,1,0
2025-01-31,38.0,35.0,45.0,3776.0,162.0,47.0,42.0,47.0,3923.0,159.0,70.0,67.0,68.0,4494.0,177.0,99.0,181.0,143.0,4797.0,165.0,37.285714285714285,48.42857142857143,36.42857142857143,4085.8571428571427,144.14285714285714,57.57142857142857,77.07142857142857,74.92857142857143,4367.071428571428,140.71428571428572,-117.0,-107.71428571428571,-65.78571428571429,40.14853374539078,4,1,0
2025-02-01,29.0,29.0,43.0,3630.0,165.0,38.0,35.0,45.0,3776.0,162.0,50.0,59.0,40.0,4368.0,179.0,93.0,167.0,156.0,4712.0,170.0,34.285714285714285,44.142857142857146,36.857142857142854,3980.4285714285716,142.14285714285714,53.0,67.21428571428571,66.85714285714286,4289.785714285715,140.35714285714286,-122.0,-105.28571428571429,-73.5,38.4175059303019,5,2,1
2025-02-02,20.0,22.0,41.0,3483.0,168.0,29.0,29.0,43.0,3630.0,165.0,29.0,51.0,11.0,4241.0,182.0,86.0,152.0,168.0,4628.0,176.0,33.0,40.0,41.142857142857146,3872.1428571428573,140.14285714285714,48.285714285714285,57.92857142857143,57.785714285714285,4208.0,139.78571428571428,-127.0,-99.0,-82.0,28.083209693101082,6,2,1
2025-02-03,23.0,45.0,11.0,3403.0,102.0,20.0,22.0,41.0,3483.0,168.0,33.0,53.0,34.0,4161.0,127.0,84.0,118.0,136.0,4638.0,127.0,31.571428571428573,38.857142857142854,37.857142857142854,3763.8571428571427,136.57142857142858,43.92857142857143,52.714285714285715,48.857142857142854,4119.785714285715,138.0,-91.0,-98.71428571428571,-89.14285714285714,28.16448286828848,0,2,0
2025-02-04,34.0,54.0,29.0,3359.0,74.0,23.0,45.0,11.0,3403.0,102.0,32.0,49.0,39.0,4096.0,101.0,59.0,64.0,117.0,4728.0,54.0,31.857142857142858,39.57142857142857,36.42857142857143,3658.5714285714284,132.71428571428572,42.142857142857146,52.0,42.57142857142857,4022.0,139.42857142857142,-45.0,-96.28571428571429,-96.85714285714286,32.288874687288946,1,2,0
2025-02-05,26.0,36.0,36.0,3290.0,104.0,34.0,54.0,29.0,3359.0,74.0,32.0,50.0,39.0,4036.0,99.0,62.0,97.0,52.0,4717.0,83.0,31.0,37.57142857142857,36.0,3552.0,133.42857142857142,39.57142857142857,47.642857142857146,41.42857142857143,3920.0714285714284,140.92857142857142,-68.0,-97.42857142857143,-99.5,30.90230381302341,2,2,0
2025-02-06,25.0,32.0,27.0,3181.0,145.0,26.0,36.0,36.0,3290.0,104.0,47.0,42.0,47.0,3923.0,159.0,91.0,75.0,97.0,4621.0,174.0,27.857142857142858,36.142857142857146,33.142857142857146,3446.0,131.42857142857142,34.857142857142854,44.57142857142857,36.42857142857143,3817.214285714286,138.85714285714286,-118.0,-98.28571428571429,-102.42857142857143,31.4521556532794,3,2,0
2025-02-07,22.0,26.0,26.0,3080.0,130.0,25.0,32.0,27.0,3181.0,145.0,38.0,35.0,45.0,3776.0,162.0,70.0,67.0,68.0,4494.0,177.0,25.571428571428573,34.857142857142854,30.428571428571427,3346.5714285714284,126.85714285714286,31.428571428571427,41.642857142857146,33.42857142857143,3716.214285714286,135.5,-104.0,-96.42857142857143,-102.07142857142857,30.533354127670524,4,2,0
2025-02-08,18.0,19.0,24.0,2979.0,114.0,22.0,26.0,26.0,3080.0,130.0,29.0,29.0,43.0,3630.0,165.0,50.0,59.0,40.0,4368.0,179.0,24.0,33.42857142857143,27.714285714285715,3253.5714285714284,119.57142857142857,29.142857142857142,38.785714285714285,32.285714285714285,3617.0,130.85714285714286,-90.0,-91.85714285714286,-98.57142857142857,28.38678431611344,5,2,1
2025-02-09,15.0,13.0,23.0,2878.0,99.0,18.0,19.0,24.0,2979.0,114.0,20.0,22.0,41.0,3483.0,168.0,29.0,51.0,11.0,4241.0,182.0,23.285714285714285,32.142857142857146,25.142857142857142,3167.1428571428573,109.71428571428571,28.142857142857142,36.07142857142857,33.142857142857146,3519.6428571428573,124.92857142857143,-76.0,-84.57142857142857,-91.78571428571429,24.08220050062704,6,2,1
2025-02-10,16.0,18.0,15.0,2834.0,63.0,15.0,13.0,23.0,2878.0,99.0,23.0,45.0,11.0,3403.0,102.0,33.0,53.0,34.0,4161.0,127.0,22.285714285714285,28.285714285714285,25.714285714285715,3085.8571428571427,104.14285714285714,26.928571428571427,33.57142857142857,31.785714285714285,3424.8571428571427,120.35714285714286,-48.0,-78.42857142857143,-88.57142857142857,27.421750143862102,0,2,0
2025-02-11,11.0,22.0,12.0,2799.0,50.0,16.0,18.0,15.0,2834.0,63.0,34.0,54.0,29.0,3359.0,74.0,32.0,49.0,39.0,4096.0,101.0,19.0,23.714285714285715,23.285714285714285,3005.8571428571427,100.71428571428571,25.428571428571427,31.642857142857142,29.857142857142858,3332.214285714286,116.71428571428571,-38.0,-77.42857142857143,-86.85714285714286,28.930129293738062,1,2,0
2025-02-12,16.0,20.0,20.0,2752.0,66.0,11.0,22.0,12.0,2799.0,50.0,26.0,36.0,36.0,3290.0,104.0,32.0,50.0,39.0,4036.0,99.0,17.571428571428573,21.428571428571427,21.0,2929.0,95.28571428571429,24.285714285714285,29.5,28.5,3240.5,114.35714285714286,-46.0,-74.28571428571429,-85.85714285714286,31.228802334353386,2,2,0
2025-02-13,15.0,10.0,23.0,2703.0,72.0,16.0,20.0,20.0,2752.0,66.0,25.0,32.0,27.0,3181.0,145.0,47.0,42.0,47.0,3923.0,159.0,16.142857142857142,18.285714285714285,20.428571428571427,2860.714285714286,84.85714285714286,22.0,27.214285714285715,26.785714285714285,3153.3571428571427,108.14285714285714,-49.0,-64.42857142857143,-81.35714285714286,25.49416366450175,3,2,0
2025-02-14,13.0,12.0,21.0,2660.0,58.0,15.0,10.0,23.0,2703.0,72.0,22.0,26.0,26.0,3080.0,130.0,38.0,35.0,45.0,3776.0,162.0,14.857142857142858,16.285714285714285,19.714285714285715,2800.714285714286,74.57142857142857,20.214285714285715,25.571428571428573,25.071428571428573,3073.6428571428573,100.71428571428571,-37.0,-54.857142857142854,-75.64285714285714,20.186039494566806,4,2,0
2025-02-15,12.0,14.0,18.0,2618.0,44.0,13.0,12.0,21.0,2660.0,58.0,18.0,19.0,24.0,2979.0,114.0,29.0,29.0,43.0,3630.0,165.0,14.0,15.571428571428571,18.857142857142858,2749.1428571428573,64.57142857142857,19.0,24.5,23.285714285714285,3001.3571428571427,92.07142857142857,-26.0,-45.714285714285715,-68.78571428571429,15.585402205422305,5,2,1
2025-02-16,10.0,15.0,16.0,2575.0,29.0,12.0,14.0,18.0,2618.0,44.0,15.0,13.0,23.0,2878.0,99.0,20.0,22.0,41.0,3483.0,168.0,13.285714285714286,15.857142857142858,17.857142857142858,2705.8571428571427,54.57142857142857,18.285714285714285,24.0,21.5,2936.5,82.14285714285714,-13.0,-36.714285714285715,-60.642857142857146,13.187295473476839,6,2,1
2025-02-17,8.0,17.0,14.0,2532.0,15.0,10.0,15.0,16.0,2575.0,29.0,16.0,18.0,15.0,2834.0,63.0,23.0,45.0,11.0,3403.0,102.0,12.142857142857142,15.714285714285714,17.714285714285715,2662.714285714286,47.714285714285715,17.214285714285715,22.0,21.714285714285715,2874.285714285714,75.92857142857143,-1.0,-30.0,-54.214285714285715,17.682382946500383,0,2,0
2025-02-18,18.0,19.0,11.0,2536.0,9.0,8.0,17.0,14.0,2532.0,15.0,11.0,22.0,12.0,2799.0,50.0,34.0,54.0,29.0,3359.0,74.0,13.142857142857142,15.285714285714286,17.571428571428573,2625.1428571428573,41.857142857142854,16.071428571428573,19.5,20.428571428571427,2815.5,71.28571428571429,2.0,-24.285714285714285,-50.857142857142854,20.846376869169607,1,2,0
2025-02-19,12.0,17.0,17.0,2528.0,19.0,18.0,19.0,11.0,2536.0,9.0,16.0,20.0,20.0,2752.0,66.0,26.0,36.0,36.0,3290.0,104.0,12.571428571428571,14.857142857142858,17.142857142857142,2593.1428571428573,35.142857142857146,15.071428571428571,18.142857142857142,19.071428571428573,2761.0714285714284,65.21428571428571,-2.0,-18.0,-46.142857142857146,19.81581859693633,2,2,0
2025-02-20,13.0,25.0,15.0,2520.0,32.0,12.0,17.0,17.0,2528.0,19.0,15.0,10.0,23.0,2703.0,72.0,25.0,32.0,27.0,3181.0,145.0,12.285714285714286,17.0,16.0,2567.0,29.428571428571427,14.214285714285714,17.642857142857142,18.214285714285715,2713.8571428571427,57.142857142857146,-17.0,-13.428571428571429,-38.92857142857143,14.432107063271651,3,2,0
2025-02-21,11.0,22.0,13.0,2488.0,33.0,13.0,25.0,15.0,2520.0,32.0,13.0,12.0,21.0,2660.0,58.0,22.0,26.0,26.0,3080.0,130.0,12.0,18.428571428571427,14.857142857142858,2542.4285714285716,25.857142857142858,13.428571428571429,17.357142857142858,17.285714285714285,2671.5714285714284,50.214285714285715,-20.0,-11.0,-32.92857142857143,10.770329614269995,4,2,0
2025-02-22,9.0,19.0,10.0,2455.0,34.0,11.0,22.0,13.0,2488.0,33.0,12.0,14.0,18.0,2618.0,44.0,18.0,19.0,24.0,2979.0,114.0,11.571428571428571,19.142857142857142,13.714285714285714,2519.1428571428573,24.428571428571427,12.785714285714286,17.357142857142858,16.285714285714285,2634.1428571428573,44.5,-24.0,-10.714285714285714,-28.214285714285715,10.323343865795126,5,2,1
2025-02-23,7.0,16.0,8.0,2423.0,35.0,9.0,19.0,10.0,2455.0,34.0,10.0,15.0,16.0,2575.0,29.0,15.0,13.0,23.0,2878.0,99.0,11.142857142857142,19.285714285714285,12.571428571428571,2497.4285714285716,25.285714285714285,12.214285714285714,17.571428571428573,15.214285714285714,2601.6428571428573,39.92857142857143,-27.0,-12.714285714285714,-24.714285714285715,12.051476890328274,6,2,1
2025-02-24,20.0,22.0,14.0,2413.0,24.0,7.0,16.0,8.0,2423.0,35.0,8.0,17.0,14.0,2532.0,15.0,16.0,18.0,15.0,2834.0,63.0,12.857142857142858,20.0,12.571428571428571,2480.4285714285716,26.571428571428573,12.5,17.857142857142858,15.142857142857142,2571.5714285714284,37.142857142857146,-10.0,-14.0,-22.0,11.030261405183827,0,2,0
2025-02-25,11.0,7.0,7.0,2413.0,23.0,20.0,22.0,14.0,2413.0,24.0,18.0,19.0,11.0,2536.0,9.0,11.0,22.0,12.0,2799.0,50.0,11.857142857142858,18.285714285714285,12.0,2462.8571428571427,28.571428571428573,12.5,16.785714285714285,14.785714285714286,2544.0,35.214285714285715,-16.0,-16.571428571428573,-20.428571428571427,8.482474930844306,1,2,0
2025-02-26,12.0,21.0,1.0,2411.0,23.0,11.0,7.0,7.0,2413.0,23.0,12.0,17.0,17.0,2528.0,19.0,16.0,20.0,20.0,2752.0,66.0,11.857142857142858,18.857142857142858,9.714285714285714,2446.1428571428573,29.142857142857142,12.214285714285714,16.857142857142858,13.428571428571429,2519.6428571428573,32.142857142857146,-22.0,-19.428571428571427,-18.714285714285715,5.652643713555816,2,2,0
2025-02-27,10.0,15.0,17.0,2391.0,37.0,12.0,21.0,1.0,2411.0,23.0,13.0,25.0,15.0,2520.0,32.0,15.0,10.0,23.0,2703.0,72.0,11.428571428571429,17.428571428571427,10.0,2427.714285714286,29.857142857142858,11.857142857142858,17.214285714285715,13.0,2497.3571428571427,29.642857142857142,-20.0,-19.857142857142858,-16.642857142857142,5.550632739566267,3,2,0
2025-02-28,11.0,18.0,13.0,2360.0,35.0,10.0,15.0,17.0,2391.0,37.0,11.0,22.0,13.0,2488.0,33.0,13.0,12.0,21.0,2660.0,58.0,11.428571428571429,16.857142857142858,10.0,2409.4285714285716,30.142857142857142,11.714285714285714,17.642857142857142,12.428571428571429,2475.9285714285716,28.0,-22.0,-20.142857142857142,-15.571428571428571,5.6103645582271735,4,2,0
2025-03-01,11.0,21.0,8.0,2328.0,33.0,11.0,18.0,13.0,2360.0,35.0,9.0,19.0,10.0,2455.0,34.0,12.0,14.0,18.0,2618.0,44.0,11.714285714285714,17.142857142857142,9.714285714285714,2391.285714285714,30.0,11.642857142857142,18.142857142857142,11.714285714285714,2455.214285714286,27.214285714285715,-25.0,-20.285714285714285,-15.5,5.736267244888702,5,3,1
2025-03-02,12.0,24.0,4.0,2297.0,31.0,11.0,21.0,8.0,2328.0,33.0,7.0,16.0,8.0,2423.0,35.0,10.0,15.0,16.0,2575.0,29.0,12.428571428571429,18.285714285714285,9.142857142857142,2373.285714285714,29.428571428571427,11.785714285714286,18.785714285714285,10.857142857142858,2435.3571428571427,27.357142857142858,-27.0,-20.285714285714285,-16.5,5.736267244888702,6,3,1
2025-03-03,8.0,29.0,18.0,2287.0,25.0,12.0,24.0,4.0,2297.0,31.0,20.0,22.0,14.0,2413.0,24.0,8.0,17.0,14.0,2532.0,15.0,10.714285714285714,19.285714285714285,9.714285714285714,2355.285714285714,29.571428571428573,11.785714285714286,19.642857142857142,11.142857142857142,2417.8571428571427,28.071428571428573,-7.0,-19.857142857142858,-16.928571428571427,6.669047194030913,0,3,0
2025-03-04,4.0,25.0,10.0,2272.0,30.0,8.0,29.0,18.0,2287.0,25.0,11.0,7.0,7.0,2413.0,23.0,18.0,19.0,11.0,2536.0,9.0,9.714285714285714,21.857142857142858,10.142857142857142,2335.1428571428573,30.571428571428573,10.785714285714286,20.071428571428573,11.071428571428571,2399.0,29.571428571428573,-20.0,-20.428571428571427,-18.5,6.4512826336371845,1,3,0
2025-03-05,5.0,20.0,4.0,2238.0,40.0,4.0,25.0,10.0,2272.0,30.0,12.0,21.0,1.0,2411.0,23.0,12.0,17.0,17.0,2528.0,19.0,8.714285714285714,21.714285714285715,10.571428571428571,2310.4285714285716,33.0,10.285714285714286,20.285714285714285,10.142857142857142,2378.285714285714,31.071428571428573,-36.0,-22.428571428571427,-20.928571428571427,8.772250620701739,2,3,0
2025-03-06,7.0,27.0,6.0,2218.0,33.0,5.0,20.0,4.0,2238.0,40.0,10.0,15.0,17.0,2391.0,37.0,13.0,25.0,15.0,2520.0,32.0,8.285714285714286,23.428571428571427,9.0,2285.714285714286,32.42857142857143,9.857142857142858,20.428571428571427,9.5,2356.714285714286,31.142857142857142,-27.0,-23.428571428571427,-21.642857142857142,8.847921466973776,3,3,0
2025-03-07,9.0,26.0,9.0,2191.0,32.0,7.0,27.0,6.0,2218.0,33.0,11.0,18.0,13.0,2360.0,35.0,11.0,22.0,13.0,2488.0,33.0,8.0,24.571428571428573,8.428571428571429,2261.5714285714284,32.0,9.714285714285714,20.714285714285715,9.214285714285714,2335.5,31.071428571428573,-23.0,-23.571428571428573,-21.857142857142858,8.829064557041251,4,3,0
2025-03-08,10.0,26.0,12.0,2164.0,31.0,9.0,26.0,9.0,2191.0,32.0,11.0,21.0,8.0,2328.0,33.0,9.0,19.0,10.0,2455.0,34.0,7.857142857142857,25.285714285714285,9.0,2238.1428571428573,31.714285714285715,9.785714285714286,21.214285714285715,9.357142857142858,2314.714285714286,30.857142857142858,-19.0,-22.714285714285715,-21.5,8.957571949926852,5,3,1
2025-03-09,12.0,25.0,15.0,2137.0,30.0,10.0,26.0,12.0,2164.0,31.0,12.0,24.0,4.0,2297.0,31.0,7.0,16.0,8.0,2423.0,35.0,7.857142857142857,25.428571428571427,10.571428571428571,2215.285714285714,31.571428571428573,10.142857142857142,21.857142857142858,9.857142857142858,2294.285714285714,30.5,-15.0,-21.0,-20.642857142857142,9.14694848934265,6,3,1
2025-03-10,6.0,28.0,8.0,2125.0,23.0,12.0,25.0,15.0,2137.0,30.0,8.0,29.0,18.0,2287.0,25.0,20.0,22.0,14.0,2413.0,24.0,7.571428571428571,25.285714285714285,9.142857142857142,2192.1428571428573,31.285714285714285,9.142857142857142,22.285714285714285,9.428571428571429,2273.714285714286,30.428571428571427,-15.0,-22.142857142857142,-21.0,7.448234050847998,0,3,0
2025-03-11,3.0,11.0,7.0,2116.0,20.0,6.0,28.0,8.0,2125.0,23.0,4.0,25.0,10.0,2272.0,30.0,11.0,7.0,7.0,2413.0,23.0,7.428571428571429,23.285714285714285,8.714285714285714,2169.8571428571427,29.857142857142858,8.571428571428571,22.571428571428573,9.428571428571429,2252.5,30.214285714285715,-13.0,-21.142857142857142,-20.785714285714285,8.214389233303447,1,3,0
2025-03-12,6.0,18.0,2.0,2113.0,8.0,3.0,11.0,7.0,2116.0,20.0,5.0,20.0,4.0,2238.0,40.0,12.0,21.0,1.0,2411.0,23.0,7.571428571428571,23.0,8.428571428571429,2152.0,25.285714285714285,8.142857142857142,22.357142857142858,9.5,2231.214285714286,29.142857142857142,-6.0,-16.857142857142858,-19.642857142857142,6.890296835130665,2,3,0
2025-03-13,4.0,20.0,9.0,2116.0,6.0,6.0,18.0,2.0,2113.0,8.0,7.0,27.0,6.0,2218.0,33.0,10.0,15.0,17.0,2391.0,37.0,7.142857142857143,22.0,8.857142857142858,2137.4285714285716,21.428571428571427,7.714285714285714,22.714285714285715,8.928571428571429,2211.5714285714284,26.928571428571427,3.0,-12.571428571428571,-18.0,8.638231741454318,3,3,0
2025-03-14,3.0,16.0,9.0,2116.0,6.0,4.0,20.0,9.0,2116.0,6.0,9.0,26.0,9.0,2191.0,32.0,11.0,18.0,13.0,2360.0,35.0,6.285714285714286,20.571428571428573,8.857142857142858,2126.714285714286,17.714285714285715,7.142857142857143,22.571428571428573,8.642857142857142,2194.1428571428573,24.857142857142858,3.0,-8.857142857142858,-16.214285714285715,8.98941176104116,4,3,0
2025-03-15,2.0,13.0,8.0,2117.0,5.0,3.0,16.0,9.0,2116.0,6.0,10.0,26.0,12.0,2164.0,31.0,11.0,21.0,8.0,2328.0,33.0,5.142857142857143,18.714285714285715,8.285714285714286,2120.0,14.0,6.5,22.0,8.642857142857142,2179.0714285714284,22.857142857142858,3.0,-5.714285714285714,-14.214285714285714,8.693182879213454,5,3,1
2025-03-16,1.0,9.0,8.0,2117.0,5.0,2.0,13.0,8.0,2117.0,5.0,12.0,25.0,15.0,2137.0,30.0,12.0,24.0,4.0,2297.0,31.0,3.5714285714285716,16.428571428571427,7.285714285714286,2117.1428571428573,10.428571428571429,5.714285714285714,20.928571428571427,8.928571428571429,2166.214285714286,21.0,3.0,-3.142857142857143,-12.071428571428571,8.132825901424333,6,3,1
2025-03-17,5.0,14.0,0.0,2111.0,8.0,1.0,9.0,8.0,2117.0,5.0,6.0,28.0,8.0,2125.0,23.0,8.0,29.0,18.0,2287.0,25.0,3.4285714285714284,14.428571428571429,6.142857142857143,2115.1428571428573,8.285714285714286,5.5,19.857142857142858,7.642857142857143,2153.6428571428573,19.785714285714285,-8.0,-2.142857142857143,-12.142857142857142,6.743603671347529,0,3,0
2025-03-18,19.0,34.0,6.0,2109.0,8.0,5.0,14.0,0.0,2111.0,8.0,3.0,11.0,7.0,2116.0,20.0,4.0,25.0,10.0,2272.0,30.0,5.714285714285714,17.714285714285715,6.0,2114.1428571428573,6.571428571428571,6.571428571428571,20.5,7.357142857142857,2142.0,18.214285714285715,-2.0,-0.5714285714285714,-10.857142857142858,4.79086432206156,1,3,0
2025-03-19,6.0,22.0,14.0,2119.0,9.0,19.0,34.0,6.0,2109.0,8.0,6.0,18.0,2.0,2113.0,8.0,5.0,20.0,4.0,2238.0,40.0,5.714285714285714,18.285714285714285,7.714285714285714,2115.0,6.714285714285714,6.642857142857143,20.642857142857142,8.071428571428571,2133.5,16.0,5.0,1.0,-7.928571428571429,4.509249752825272,2,3,0
2025-03-20,9.0,20.0,11.0,2124.0,7.0,6.0,22.0,14.0,2119.0,9.0,4.0,20.0,9.0,2116.0,6.0,7.0,27.0,6.0,2218.0,33.0,6.428571428571429,18.285714285714285,8.0,2116.1428571428573,6.857142857142857,6.785714285714286,20.142857142857142,8.428571428571429,2126.785714285714,14.142857142857142,4.0,1.1428571428571428,-5.714285714285714,4.598136268411212,3,3,0
2025-03-21,11.0,23.0,10.0,2128.0,5.0,9.0,20.0,11.0,2124.0,7.0,3.0,16.0,9.0,2116.0,6.0,9.0,26.0,9.0,2191.0,32.0,7.571428571428571,19.285714285714285,8.142857142857142,2117.8571428571427,6.714285714285714,6.928571428571429,19.928571428571427,8.5,2122.285714285714,12.214285714285714,5.0,1.4285714285714286,-3.7142857142857144,4.790864322061562,4,3,0
2025-03-22,13.0,26.0,10.0,2132.0,4.0,11.0,23.0,10.0,2128.0,5.0,2.0,13.0,8.0,2117.0,5.0,10.0,26.0,12.0,2164.0,31.0,9.142857142857142,21.142857142857142,8.428571428571429,2120.0,6.571428571428571,7.142857142857143,19.928571428571427,8.357142857142858,2120.0,10.285714285714286,6.0,1.8571428571428572,-1.9285714285714286,5.080307452265587,5,3,1
2025-03-23,15.0,29.0,9.0,2136.0,2.0,13.0,26.0,10.0,2132.0,4.0,1.0,9.0,8.0,2117.0,5.0,12.0,25.0,15.0,2137.0,30.0,11.142857142857142,24.0,8.571428571428571,2122.714285714286,6.142857142857143,7.357142857142857,20.214285714285715,7.928571428571429,2119.9285714285716,8.285714285714286,7.0,2.4285714285714284,-0.35714285714285715,5.442338432977968,6,3,1
2025-03-24,7.0,13.0,11.0,2139.0,7.0,15.0,29.0,9.0,2136.0,2.0,5.0,14.0,0.0,2111.0,8.0,6.0,28.0,8.0,2125.0,23.0,11.428571428571429,23.857142857142858,10.142857142857142,2126.714285714286,6.0,7.428571428571429,19.142857142857142,8.142857142857142,2120.9285714285716,7.142857142857143,4.0,4.142857142857143,1.0,2.9113897843146925,0,3,0
2025-03-25,12.0,19.0,7.0,2145.0,6.0,7.0,13.0,11.0,2139.0,7.0,19.0,34.0,6.0,2109.0,8.0,3.0,11.0,7.0,2116.0,20.0,10.428571428571429,21.714285714285715,10.285714285714286,2131.8571428571427,5.714285714285714,8.071428571428571,19.714285714285715,8.142857142857142,2123.0,6.142857142857143,1.0,4.571428571428571,2.0,1.9023794624283297,1,3,0
2025-03-26,9.0,21.0,15.0,2159.0,2.0,12.0,19.0,7.0,2145.0,6.0,6.0,22.0,14.0,2119.0,9.0,6.0,18.0,2.0,2113.0,8.0,10.857142857142858,21.571428571428573,10.428571428571429,2137.5714285714284,4.714285714285714,8.285714285714286,19.928571428571427,9.071428571428571,2126.285714285714,5.714285714285714,13.0,5.714285714285714,3.357142857142857,3.7289089429461,2,3,0
2025-03-27,1.0,19.0,13.0,2159.0,2.0,9.0,21.0,15.0,2159.0,2.0,9.0,20.0,11.0,2124.0,7.0,4.0,20.0,9.0,2116.0,6.0,9.714285714285714,21.428571428571427,10.714285714285714,2142.5714285714284,4.0,8.071428571428571,19.857142857142858,9.357142857142858,2129.3571428571427,5.428571428571429,11.0,6.714285714285714,3.9285714285714284,4.111540089161653,3,3,0
2025-03-28,4.0,19.0,10.0,2169.0,2.0,1.0,19.0,13.0,2159.0,2.0,11.0,23.0,10.0,2128.0,5.0,3.0,16.0,9.0,2116.0,6.0,8.714285714285714,20.857142857142858,10.714285714285714,2148.4285714285716,3.5714285714285716,8.142857142857142,20.071428571428573,9.428571428571429,2133.1428571428573,5.142857142857143,8.0,7.142857142857143,4.285714285714286,4.059087394502857,4,3,0
2025-03-29,6.0,20.0,8.0,2178.0,2.0,4.0,19.0,10.0,2169.0,2.0,13.0,26.0,10.0,2132.0,4.0,2.0,13.0,8.0,2117.0,5.0,7.714285714285714,20.0,10.428571428571429,2155.0,3.2857142857142856,8.428571428571429,20.571428571428573,9.428571428571429,2137.5,4.928571428571429,6.0,7.142857142857143,4.5,4.059087394502857,5,3,1
2025-03-30,9.0,20.0,5.0,2188.0,2.0,6.0,20.0,8.0,2178.0,2.0,15.0,29.0,9.0,2136.0,2.0,1.0,9.0,8.0,2117.0,5.0,6.857142857142857,18.714285714285715,9.857142857142858,2162.4285714285716,3.2857142857142856,9.0,21.357142857142858,9.214285714285714,2142.5714285714284,4.714285714285714,3.0,6.571428571428571,4.5,4.3534332373889075,6,3,1
2025-03-31,9.0,25.0,8.0,2193.0,5.0,9.0,20.0,5.0,2188.0,2.0,7.0,13.0,11.0,2139.0,7.0,5.0,14.0,0.0,2111.0,8.0,7.142857142857143,20.428571428571427,9.428571428571429,2170.1428571428573,3.0,9.285714285714286,22.142857142857142,9.785714285714286,2148.4285714285716,4.5,3.0,6.428571428571429,5.285714285714286,4.466808810818128,0,3,0
2025-04-01,17.0,36.0,7.0,2191.0,12.0,9.0,25.0,8.0,2193.0,5.0,12.0,19.0,7.0,2145.0,6.0,19.0,34.0,6.0,2109.0,8.0,7.857142857142857,22.857142857142858,9.428571428571429,2176.714285714286,3.857142857142857,9.142857142857142,22.285714285714285,9.857142857142858,2154.285714285714,4.785714285714286,-5.0,5.571428571428571,5.071428571428571,5.996030432911632,1,4,0
2025-04-02,5.0,31.0,16.0,2208.0,3.0,17.0,36.0,7.0,2191.0,12.0,9.0,21.0,15.0,2159.0,2.0,6.0,22.0,14.0,2119.0,9.0,7.285714285714286,24.285714285714285,9.571428571428571,2183.714285714286,4.0,9.071428571428571,22.928571428571427,10.0,2160.6428571428573,4.357142857142857,13.0,5.571428571428571,5.642857142857143,5.996030432911632,2,4,0
2025-04-03,12.0,26.0,18.0,2223.0,8.0,5.0,31.0,16.0,2208.0,3.0,1.0,19.0,13.0,2159.0,2.0,9.0,20.0,11.0,2124.0,7.0,8.857142857142858,25.285714285714285,10.285714285714286,2192.8571428571427,4.857142857142857,9.285714285714286,23.357142857142858,10.5,2167.714285714286,4.428571428571429,10.0,5.428571428571429,6.071428571428571,5.855400437693034,3,4,0
2025-04-04,10.0,22.0,14.0,2227.0,9.0,12.0,26.0,18.0,2223.0,8.0,4.0,19.0,10.0,2169.0,2.0,11.0,23.0,10.0,2128.0,5.0,9.714285714285714,25.714285714285715,10.857142857142858,2201.1428571428573,5.857142857142857,9.214285714285714,23.285714285714285,10.785714285714286,2174.785714285714,4.714285714285714,5.0,5.0,6.071428571428571,5.744562646539899,4,4,0
2025-04-05,9.0,18.0,11.0,2230.0,10.0,10.0,22.0,14.0,2227.0,9.0,6.0,20.0,8.0,2178.0,2.0,13.0,26.0,10.0,2132.0,4.0,10.142857142857142,25.428571428571427,11.285714285714286,2208.5714285714284,7.0,8.928571428571429,22.714285714285715,10.857142857142858,2181.785714285714,5.142857142857143,1.0,4.285714285714286,5.714285714285714,5.908025211928551,5,4,1
2025-04-06,7.0,14.0,7.0,2234.0,11.0,9.0,18.0,11.0,2230.0,10.0,9.0,20.0,5.0,2188.0,2.0,15.0,29.0,9.0,2136.0,2.0,9.857142857142858,24.571428571428573,11.571428571428571,2215.1428571428573,8.285714285714286,8.357142857142858,21.642857142857142,10.714285714285714,2188.785714285714,5.785714285714286,-4.0,3.2857142857142856,4.928571428571429,6.701101544133127,6,4,1
2025-04-07,12.0,22.0,9.0,2237.0,5.0,7.0,14.0,7.0,2234.0,11.0,9.0,25.0,8.0,2193.0,5.0,7.0,13.0,11.0,2139.0,7.0,10.285714285714286,24.142857142857142,11.714285714285714,2221.4285714285716,8.285714285714286,8.714285714285714,22.285714285714285,10.571428571428571,2195.785714285714,5.642857142857143,4.0,3.4285714285714284,4.928571428571429,6.704653678781809,0,4,0
2025-04-08,12.0,34.0,12.0,2243.0,9.0,12.0,22.0,9.0,2237.0,5.0,17.0,36.0,7.0,2191.0,12.0,12.0,19.0,7.0,2145.0,6.0,9.571428571428571,23.857142857142858,12.428571428571429,2228.8571428571427,7.857142857142857,8.714285714285714,23.357142857142858,10.928571428571429,2202.785714285714,5.857142857142857,3.0,4.571428571428571,5.071428571428571,5.623081683478297,1,4,0
2025-04-09,6.0,19.0,10.0,2251.0,5.0,12.0,34.0,12.0,2243.0,9.0,5.0,31.0,16.0,2208.0,3.0,9.0,21.0,15.0,2159.0,2.0,9.714285714285714,22.142857142857142,11.571428571428571,2235.0,8.142857142857142,8.5,23.214285714285715,10.571428571428571,2209.3571428571427,6.071428571428571,5.0,3.4285714285714284,4.5,4.276179870601303,2,4,0
2025-04-10,18.0,25.0,17.0,2265.0,6.0,6.0,19.0,10.0,2251.0,5.0,12.0,26.0,18.0,2223.0,8.0,1.0,19.0,13.0,2159.0,2.0,10.571428571428571,22.0,11.428571428571429,2241.0,7.857142857142857,9.714285714285714,23.642857142857142,10.857142857142858,2216.9285714285716,6.357142857142857,11.0,3.5714285714285716,4.5,4.540820148284791,3,4,0
2025-04-11,8.0,22.0,8.0,2267.0,9.0,18.0,25.0,17.0,2265.0,6.0,10.0,22.0,14.0,2227.0,9.0,4.0,19.0,10.0,2169.0,2.0,10.285714285714286,22.0,10.571428571428571,2246.714285714286,7.857142857142857,10.0,23.857142857142858,10.714285714285714,2223.9285714285716,6.857142857142857,-1.0,2.7142857142857144,3.857142857142857,4.785891965431667,4,4,0
2025-04-12,6.0,24.0,9.0,2275.0,6.0,8.0,22.0,8.0,2267.0,9.0,9.0,18.0,11.0,2230.0,10.0,6.0,20.0,8.0,2178.0,2.0,9.857142857142858,22.857142857142858,10.285714285714286,2253.1428571428573,7.285714285714286,10.0,24.142857142857142,10.785714285714286,2230.8571428571427,7.142857142857143,3.0,3.0,3.642857142857143,4.725815626254882,5,4,1
2025-04-13,5.0,26.0,10.0,2283.0,3.0,6.0,24.0,9.0,2275.0,6.0,7.0,14.0,7.0,2234.0,11.0,9.0,20.0,5.0,2188.0,2.0,9.571428571428571,24.571428571428573,10.714285714285714,2260.1428571428573,6.142857142857143,9.714285714285714,24.571428571428573,11.142857142857142,2237.6428571428573,7.214285714285714,7.0,4.571428571428571,3.9285714285714284,3.735288603629237,6,4,1
2025-04-14,5.0,26.0,9.0,2282.0,13.0,5.0,26.0,10.0,2283.0,3.0,12.0,22.0,9.0,2237.0,5.0,9.0,25.0,8.0,2193.0,5.0,8.571428571428571,25.142857142857142,10.714285714285714,2266.5714285714284,7.285714285714286,9.428571428571429,24.642857142857142,11.214285714285714,2244.0,7.785714285714286,-4.0,3.4285714285714284,3.4285714285714284,4.961758520834031,0,4,0
2025-04-15,4.0,19.0,12.0,2286.0,7.0,5.0,26.0,9.0,2282.0,13.0,12.0,34.0,12.0,2243.0,9.0,17.0,36.0,7.0,2191.0,12.0,7.428571428571429,23.0,10.714285714285714,2272.714285714286,7.0,8.5,23.428571428571427,11.571428571428571,2250.785714285714,7.428571428571429,5.0,3.7142857142857144,4.142857142857143,4.990467102865562,1,4,0
2025-04-16,11.0,30.0,5.0,2291.0,8.0,4.0,19.0,12.0,2286.0,7.0,6.0,19.0,10.0,2251.0,5.0,5.0,31.0,16.0,2208.0,3.0,8.142857142857142,24.571428571428573,10.0,2278.4285714285716,7.428571428571429,8.928571428571429,23.357142857142858,10.785714285714286,2256.714285714286,7.785714285714286,-3.0,2.5714285714285716,3.0,5.533448076838627,2,4,0
2025-04-17,7.0,26.0,10.0,2288.0,14.0,11.0,30.0,5.0,2291.0,8.0,18.0,25.0,17.0,2265.0,6.0,12.0,26.0,18.0,2223.0,8.0,6.571428571428571,24.714285714285715,9.0,2281.714285714286,8.571428571428571,8.571428571428571,23.357142857142858,10.214285714285714,2261.3571428571427,8.214285714285714,-4.0,0.42857142857142855,2.0,4.540820148284788,3,4,0
2025-04-18,6.0,22.0,9.0,2294.0,11.0,7.0,26.0,10.0,2288.0,14.0,8.0,22.0,8.0,2267.0,9.0,10.0,22.0,14.0,2227.0,9.0,6.285714285714286,24.714285714285715,9.142857142857142,2285.5714285714284,8.857142857142858,8.285714285714286,23.357142857142858,9.857142857142858,2266.1428571428573,8.357142857142858,-2.0,0.2857142857142857,1.5,4.608480795025265,4,4,0
2025-04-19,5.0,19.0,7.0,2299.0,7.0,6.0,22.0,9.0,2294.0,11.0,6.0,24.0,9.0,2275.0,6.0,9.0,18.0,11.0,2230.0,10.0,6.142857142857143,24.0,8.857142857142858,2289.0,9.0,8.0,23.428571428571427,9.571428571428571,2271.0714285714284,8.142857142857142,0.0,-0.14285714285714285,1.4285714285714286,4.450789122115905,5,4,1
2025-04-20,4.0,15.0,6.0,2305.0,4.0,5.0,19.0,7.0,2299.0,7.0,5.0,26.0,10.0,2283.0,3.0,7.0,14.0,7.0,2234.0,11.0,6.0,22.428571428571427,8.285714285714286,2292.1428571428573,9.142857142857142,7.785714285714286,23.5,9.5,2276.1428571428573,7.642857142857143,2.0,-0.8571428571428571,1.8571428571428572,3.387652649876007,6,4,1
2025-04-21,10.0,25.0,5.0,2308.0,6.0,4.0,15.0,6.0,2305.0,4.0,5.0,26.0,9.0,2282.0,13.0,12.0,22.0,9.0,2237.0,5.0,6.714285714285714,22.285714285714285,7.714285714285714,2295.8571428571427,8.142857142857142,7.642857142857143,23.714285714285715,9.214285714285714,2281.214285714286,7.714285714285714,-1.0,-0.42857142857142855,1.5,3.1014589500860845,0,4,0
2025-04-22,7.0,19.0,14.0,2305.0,17.0,10.0,25.0,5.0,2308.0,6.0,4.0,19.0,12.0,2286.0,7.0,12.0,34.0,12.0,2243.0,9.0,7.142857142857143,22.285714285714285,8.0,2298.5714285714284,9.571428571428571,7.285714285714286,22.642857142857142,9.357142857142858,2285.6428571428573,8.285714285714286,-3.0,-1.5714285714285714,1.0714285714285714,2.0701966780322434,1,4,0
2025-04-23,3.0,23.0,4.0,2300.0,11.0,7.0,19.0,14.0,2305.0,17.0,11.0,30.0,5.0,2291.0,8.0,6.0,19.0,10.0,2251.0,5.0,6.0,21.285714285714285,7.857142857142857,2299.8571428571427,10.0,7.071428571428571,22.928571428571427,8.928571428571429,2289.1428571428573,8.714285714285714,-7.0,-2.142857142857143,0.21428571428571427,2.911389784314687,2,4,0
2025-04-24,3.0,9.0,7.0,2294.0,13.0,3.0,23.0,4.0,2300.0,11.0,7.0,26.0,10.0,2288.0,14.0,18.0,25.0,17.0,2265.0,6.0,5.428571428571429,18.857142857142858,7.428571428571429,2300.714285714286,9.857142857142858,6.0,21.785714285714285,8.214285714285714,2291.214285714286,9.214285714285714,-6.0,-2.4285714285714284,-1.0,3.207134902952436,3,4,0
2025-04-25,5.0,19.0,9.0,2296.0,10.0,3.0,9.0,7.0,2294.0,13.0,6.0,22.0,9.0,2294.0,11.0,8.0,22.0,8.0,2267.0,9.0,5.285714285714286,18.428571428571427,7.428571428571429,2301.0,9.714285714285714,5.785714285714286,21.571428571428573,8.285714285714286,2293.285714285714,9.285714285714286,-1.0,-2.2857142857142856,-1.0,3.251373336215024,4,4,0
2025-04-26,7.0,30.0,10.0,2299.0,7.0,5.0,19.0,9.0,2296.0,10.0,5.0,19.0,7.0,2299.0,7.0,6.0,24.0,9.0,2275.0,6.0,5.571428571428571,20.0,7.857142857142857,2301.0,9.714285714285714,5.857142857142857,22.0,8.357142857142858,2295.0,9.357142857142858,3.0,-1.8571428571428572,-1.0,3.7606990231709037,5,4,1
2025-04-27,9.0,40.0,12.0,2301.0,4.0,7.0,30.0,10.0,2299.0,7.0,4.0,15.0,6.0,2305.0,4.0,5.0,26.0,10.0,2283.0,3.0,6.285714285714286,23.571428571428573,8.714285714285714,2300.4285714285716,9.714285714285714,6.142857142857143,23.0,8.5,2296.285714285714,9.428571428571429,8.0,-1.0,-0.9285714285714286,5.196152422708696,6,4,1
2025-04-28,6.0,26.0,12.0,2307.0,8.0,9.0,40.0,12.0,2301.0,4.0,10.0,25.0,5.0,2308.0,6.0,5.0,26.0,9.0,2282.0,13.0,5.714285714285714,23.714285714285715,9.714285714285714,2300.285714285714,10.0,6.214285714285714,23.0,8.714285714285714,2298.0714285714284,9.071428571428571,4.0,-0.2857142857142857,-0.35714285714285715,5.52914356582012,0,4,0
2025-04-29,11.0,25.0,11.0,2304.0,15.0,6.0,26.0,12.0,2307.0,8.0,7.0,19.0,14.0,2305.0,17.0,4.0,19.0,12.0,2286.0,7.0,6.285714285714286,24.571428571428573,9.285714285714286,2300.1428571428573,9.714285714285714,6.714285714285714,23.428571428571427,8.642857142857142,2299.3571428571427,9.642857142857142,-4.0,-0.42857142857142855,-1.0,5.6230816834782935,1,4,0
2025-04-30,7.0,34.0,9.0,2309.0,12.0,11.0,25.0,11.0,2304.0,15.0,3.0,23.0,4.0,2300.0,11.0,11.0,30.0,5.0,2291.0,8.0,6.857142857142857,26.142857142857142,10.0,2301.4285714285716,9.857142857142858,6.428571428571429,23.714285714285715,8.928571428571429,2300.6428571428573,9.928571428571429,-3.0,0.14285714285714285,-1.0,5.01426536422621,2,4,0
2025-05-01,13.0,32.0,14.0,2306.0,16.0,7.0,34.0,9.0,2309.0,12.0,3.0,9.0,7.0,2294.0,13.0,7.0,26.0,10.0,2288.0,14.0,8.285714285714286,29.428571428571427,11.0,2303.1428571428573,10.285714285714286,6.857142857142857,24.142857142857142,9.214285714285714,2301.9285714285716,10.071428571428571,-2.0,0.7142857142857143,-0.8571428571428571,4.386125310352716,3,5,0
2025-05-02,12.0,32.0,13.0,2316.0,12.0,13.0,32.0,14.0,2306.0,16.0,5.0,19.0,9.0,2296.0,10.0,6.0,22.0,9.0,2294.0,11.0,9.285714285714286,31.285714285714285,11.571428571428571,2306.0,10.571428571428571,7.285714285714286,24.857142857142858,9.5,2303.5,10.142857142857142,1.0,1.0,-0.6428571428571429,4.320493798941058,4,5,0
2025-05-03,10.0,31.0,11.0,2325.0,9.0,12.0,32.0,13.0,2316.0,12.0,7.0,30.0,10.0,2299.0,7.0,5.0,19.0,7.0,2299.0,7.0,9.714285714285714,31.428571428571427,11.714285714285714,2309.714285714286,10.857142857142858,7.642857142857143,25.714285714285715,9.785714285714286,2305.3571428571427,10.285714285714286,2.0,0.8571428571428571,-0.5,4.259443290252684,5,5,1
2025-05-04,9.0,31.0,10.0,2335.0,5.0,10.0,31.0,11.0,2325.0,9.0,9.0,40.0,12.0,2301.0,4.0,4.0,15.0,6.0,2305.0,4.0,9.714285714285714,30.142857142857142,11.428571428571429,2314.5714285714284,11.0,8.0,26.857142857142858,10.071428571428571,2307.5,10.357142857142858,5.0,0.42857142857142855,-0.2857142857142857,3.505098327541718,6,5,1
2025-05-05,15.0,44.0,20.0,2331.0,17.0,9.0,31.0,10.0,2335.0,5.0,6.0,26.0,12.0,2307.0,8.0,10.0,25.0,5.0,2308.0,6.0,11.0,32.714285714285715,12.571428571428571,2318.0,12.285714285714286,8.357142857142858,28.214285714285715,11.142857142857142,2309.1428571428573,11.142857142857142,3.0,0.2857142857142857,0.0,3.3523268393933043,0,5,0
2025-05-06,10.0,33.0,16.0,2339.0,16.0,15.0,44.0,20.0,2331.0,17.0,11.0,25.0,11.0,2304.0,15.0,7.0,19.0,14.0,2305.0,17.0,10.857142857142858,33.857142857142854,13.285714285714286,2323.0,12.428571428571429,8.571428571428571,29.214285714285715,11.285714285714286,2311.5714285714284,11.071428571428571,0.0,0.8571428571428571,0.21428571428571427,2.7945525240269284,1,5,0
2025-05-07,10.0,30.0,15.0,2335.0,10.0,10.0,33.0,16.0,2339.0,16.0,7.0,34.0,9.0,2309.0,12.0,3.0,23.0,4.0,2300.0,11.0,11.285714285714286,33.285714285714285,14.142857142857142,2326.714285714286,12.142857142857142,9.071428571428571,29.714285714285715,12.071428571428571,2314.0714285714284,11.0,5.0,2.0,1.0714285714285714,2.5819888974757697,2,5,0
2025-05-08,15.0,24.0,16.0,2361.0,11.0,10.0,30.0,15.0,2335.0,10.0,13.0,32.0,14.0,2306.0,16.0,3.0,9.0,7.0,2294.0,13.0,11.571428571428571,32.142857142857146,14.428571428571429,2334.5714285714284,11.428571428571429,9.928571428571429,30.785714285714285,12.714285714285714,2318.8571428571427,10.857142857142858,5.0,3.0,1.8571428571428572,2.081665999471293,3,5,0
2025-05-09,15.0,23.0,15.0,2369.0,8.0,15.0,24.0,16.0,2361.0,11.0,12.0,32.0,13.0,2316.0,12.0,5.0,19.0,9.0,2296.0,10.0,12.0,30.857142857142858,14.714285714285714,2342.1428571428573,10.857142857142858,10.642857142857142,31.071428571428573,13.142857142857142,2324.0714285714284,10.714285714285714,7.0,3.857142857142857,2.4285714285714284,2.3401261667294704,4,5,0
2025-05-10,15.0,21.0,13.0,2377.0,6.0,15.0,23.0,15.0,2369.0,8.0,10.0,31.0,11.0,2325.0,9.0,7.0,30.0,10.0,2299.0,7.0,12.714285714285714,29.428571428571427,15.0,2349.5714285714284,10.428571428571429,11.214285714285714,30.428571428571427,13.357142857142858,2329.6428571428573,10.642857142857142,7.0,4.571428571428571,2.7142857142857144,2.4397501823757377,5,5,1
2025-05-11,15.0,20.0,12.0,2385.0,3.0,15.0,21.0,13.0,2377.0,6.0,9.0,31.0,10.0,2335.0,5.0,9.0,40.0,12.0,2301.0,4.0,13.571428571428571,27.857142857142858,15.285714285714286,2356.714285714286,10.142857142857142,11.642857142857142,29.0,13.357142857142858,2335.6428571428573,10.571428571428571,9.0,5.142857142857143,2.7857142857142856,2.9680841985269395,6,5,1
2025-05-12,7.0,33.0,14.0,2392.0,7.0,15.0,20.0,12.0,2385.0,3.0,15.0,44.0,20.0,2331.0,17.0,6.0,26.0,12.0,2307.0,8.0,12.428571428571429,26.285714285714285,14.428571428571429,2365.4285714285716,8.714285714285714,11.714285714285714,29.5,13.5,2341.714285714286,10.5,7.0,5.714285714285714,3.0,2.8702082220836767,0,5,0
2025-05-13,18.0,29.0,12.0,2394.0,11.0,7.0,33.0,14.0,2392.0,7.0,10.0,33.0,16.0,2339.0,16.0,11.0,25.0,11.0,2304.0,15.0,13.571428571428571,25.714285714285715,13.857142857142858,2373.285714285714,8.0,12.214285714285714,29.785714285714285,13.571428571428571,2348.1428571428573,10.214285714285714,1.0,5.857142857142857,3.357142857142857,2.544836041125632,1,5,0
2025-05-14,7.0,30.0,14.0,2394.0,11.0,18.0,29.0,12.0,2394.0,11.0,10.0,30.0,15.0,2335.0,10.0,7.0,34.0,9.0,2309.0,12.0,13.142857142857142,25.714285714285715,13.714285714285714,2381.714285714286,8.142857142857142,12.214285714285714,29.5,13.928571428571429,2354.214285714286,10.142857142857142,3.0,5.571428571428571,3.7857142857142856,2.7602622373733112,2,5,0
2025-05-15,15.0,31.0,14.0,2410.0,14.0,7.0,30.0,14.0,2394.0,11.0,15.0,24.0,16.0,2361.0,11.0,13.0,32.0,14.0,2306.0,16.0,13.142857142857142,26.714285714285715,13.428571428571429,2388.714285714286,8.571428571428571,12.357142857142858,29.428571428571427,13.928571428571429,2361.6428571428573,10.0,0.0,4.857142857142857,3.9285714285714284,3.4846602621889318,3,5,0
2025-05-16,14.0,30.0,14.0,2419.0,12.0,15.0,31.0,14.0,2410.0,14.0,15.0,23.0,15.0,2369.0,8.0,12.0,32.0,13.0,2316.0,12.0,13.0,27.714285714285715,13.285714285714286,2395.8571428571427,9.142857142857142,12.5,29.285714285714285,14.0,2369.0,10.0,2.0,4.142857142857143,4.0,3.484660262188931,4,5,0
2025-05-17,14.0,29.0,14.0,2428.0,11.0,14.0,30.0,14.0,2419.0,12.0,15.0,21.0,13.0,2377.0,6.0,10.0,31.0,11.0,2325.0,9.0,12.857142857142858,28.857142857142858,13.428571428571429,2403.1428571428573,9.857142857142858,12.785714285714286,29.142857142857142,14.214285714285714,2376.3571428571427,10.142857142857142,3.0,3.5714285714285716,4.071428571428571,3.2586880211319857,5,5,1
2025-05-18,13.0,28.0,14.0,2437.0,9.0,14.0,29.0,14.0,2428.0,11.0,15.0,20.0,12.0,2385.0,3.0,9.0,31.0,10.0,2335.0,5.0,12.571428571428571,30.0,13.714285714285714,2410.5714285714284,10.714285714285714,13.071428571428571,28.928571428571427,14.5,2383.6428571428573,10.428571428571429,5.0,3.0,4.071428571428571,2.3804761428521273,6,5,1
2025-05-19,7.0,27.0,17.0,2457.0,6.0,13.0,28.0,14.0,2437.0,9.0,7.0,33.0,14.0,2392.0,7.0,15.0,44.0,20.0,2331.0,17.0,12.571428571428571,29.142857142857142,14.142857142857142,2419.8571428571427,10.571428571428571,12.5,27.714285714285715,14.285714285714286,2392.6428571428573,9.642857142857142,11.0,3.5714285714285716,4.642857142857143,3.644957377766682,0,5,0
2025-05-20,10.0,44.0,15.0,2462.0,12.0,7.0,27.0,17.0,2457.0,6.0,18.0,29.0,12.0,2394.0,11.0,10.0,33.0,16.0,2339.0,16.0,11.428571428571429,31.285714285714285,14.571428571428571,2429.5714285714284,10.714285714285714,12.5,28.5,14.214285714285714,2401.4285714285716,9.357142857142858,3.0,3.857142857142857,4.857142857142857,3.4846602621889304,1,5,0
2025-05-21,14.0,62.0,13.0,2467.0,18.0,10.0,44.0,15.0,2462.0,12.0,7.0,30.0,14.0,2394.0,11.0,10.0,30.0,15.0,2335.0,10.0,12.428571428571429,35.857142857142854,14.428571428571429,2440.0,11.714285714285714,12.785714285714286,30.785714285714285,14.071428571428571,2410.8571428571427,9.928571428571429,-5.0,2.7142857142857144,4.142857142857143,4.855041562278333,2,5,0
2025-05-22,18.0,36.0,17.0,2473.0,15.0,14.0,62.0,13.0,2467.0,18.0,15.0,31.0,14.0,2410.0,14.0,15.0,24.0,16.0,2361.0,11.0,12.857142857142858,36.57142857142857,14.857142857142858,2449.0,11.857142857142858,13.0,31.642857142857142,14.142857142857142,2418.8571428571427,10.214285714285714,2.0,3.0,3.9285714285714284,4.72581562625488,3,5,0
2025-05-23,16.0,34.0,15.0,2479.0,14.0,18.0,36.0,17.0,2473.0,15.0,14.0,30.0,14.0,2419.0,12.0,15.0,23.0,15.0,2369.0,8.0,13.142857142857142,37.142857142857146,15.0,2457.5714285714284,12.142857142857142,13.071428571428571,32.42857142857143,14.142857142857142,2426.714285714286,10.642857142857142,1.0,2.857142857142857,3.5,4.775931721616765,4,5,0
2025-05-24,13.0,31.0,13.0,2485.0,13.0,16.0,34.0,15.0,2479.0,14.0,14.0,29.0,14.0,2428.0,11.0,15.0,21.0,13.0,2377.0,6.0,13.0,37.42857142857143,14.857142857142858,2465.714285714286,12.428571428571429,12.928571428571429,33.142857142857146,14.142857142857142,2434.4285714285716,11.142857142857142,0.0,2.4285714285714284,3.0,4.894116973714709,5,5,1
2025-05-25,11.0,29.0,11.0,2492.0,13.0,13.0,31.0,13.0,2485.0,13.0,13.0,28.0,14.0,2437.0,9.0,15.0,20.0,12.0,2385.0,3.0,12.714285714285714,37.57142857142857,14.428571428571429,2473.5714285714284,13.0,12.642857142857142,33.785714285714285,14.071428571428571,2442.0714285714284,11.857142857142858,-2.0,1.4285714285714286,2.2142857142857144,4.995235825504379,6,5,1
2025-05-26,8.0,26.0,9.0,2498.0,12.0,11.0,29.0,11.0,2492.0,13.0,7.0,27.0,17.0,2457.0,6.0,7.0,33.0,14.0,2392.0,7.0,12.857142857142858,37.42857142857143,13.285714285714286,2479.4285714285716,13.857142857142858,12.714285714285714,33.285714285714285,13.714285714285714,2449.6428571428573,12.214285714285714,-3.0,-0.5714285714285714,1.5,2.878491668519422,0,5,0
2025-05-27,6.0,24.0,7.0,2504.0,11.0,8.0,26.0,9.0,2498.0,12.0,10.0,44.0,15.0,2462.0,12.0,18.0,29.0,12.0,2394.0,11.0,12.285714285714286,34.57142857142857,12.142857142857142,2485.4285714285716,13.714285714285714,11.857142857142858,32.92857142857143,13.357142857142858,2457.5,12.214285714285714,-4.0,-1.5714285714285714,1.1428571428571428,2.636736799986374,1,5,0
2025-05-28,12.0,39.0,12.0,2499.0,14.0,6.0,24.0,7.0,2504.0,11.0,14.0,62.0,13.0,2467.0,18.0,7.0,30.0,14.0,2394.0,11.0,12.0,31.285714285714285,12.0,2490.0,13.142857142857142,12.214285714285714,33.57142857142857,13.214285714285714,2465.0,12.428571428571429,-2.0,-1.1428571428571428,0.7857142857142857,2.193062655180021,2,5,0
2025-05-29,13.0,38.0,15.0,2506.0,11.0,12.0,39.0,12.0,2499.0,14.0,18.0,36.0,17.0,2473.0,15.0,15.0,31.0,14.0,2410.0,14.0,11.285714285714286,31.571428571428573,11.714285714285714,2494.714285714286,12.571428571428571,12.071428571428571,34.07142857142857,13.285714285714286,2471.8571428571427,12.214285714285714,4.0,-0.8571428571428571,1.0714285714285714,2.734262327614509,3,5,0
2025-05-30,11.0,33.0,15.0,2513.0,11.0,13.0,38.0,15.0,2506.0,11.0,16.0,34.0,15.0,2479.0,14.0,14.0,30.0,14.0,2419.0,12.0,10.571428571428571,31.428571428571427,11.714285714285714,2499.5714285714284,12.142857142857142,11.857142857142858,34.285714285714285,13.357142857142858,2478.5714285714284,12.142857142857142,4.0,-0.42857142857142855,1.2142857142857142,3.25868802113198,4,5,0
2025-05-31,10.0,29.0,16.0,2521.0,12.0,11.0,33.0,15.0,2513.0,11.0,13.0,31.0,13.0,2485.0,13.0,14.0,29.0,14.0,2428.0,11.0,10.142857142857142,31.142857142857142,12.142857142857142,2504.714285714286,12.0,11.571428571428571,34.285714285714285,13.5,2485.214285714286,12.214285714285714,4.0,0.14285714285714285,1.2857142857142858,3.670993118518737,5,5,1
2025-06-01,8.0,24.0,16.0,2528.0,12.0,10.0,29.0,16.0,2521.0,12.0,11.0,29.0,11.0,2492.0,13.0,13.0,28.0,14.0,2437.0,9.0,9.714285714285714,30.428571428571427,12.857142857142858,2509.8571428571427,11.857142857142858,11.214285714285714,34.0,13.642857142857142,2491.714285714286,12.428571428571429,4.0,1.0,1.2142857142857142,3.785938897203016,6,6,1
2025-06-02,10.0,19.0,5.0,2518.0,16.0,8.0,24.0,16.0,2528.0,12.0,8.0,26.0,9.0,2498.0,12.0,7.0,27.0,17.0,2457.0,6.0,10.0,29.428571428571427,12.285714285714286,2512.714285714286,12.428571428571429,11.428571428571429,33.42857142857143,12.785714285714286,2496.0714285714284,13.142857142857142,-11.0,-0.14285714285714285,-0.35714285714285715,5.843188953206853,0,6,0
2025-06-03,5.0,23.0,11.0,2519.0,15.0,10.0,19.0,5.0,2518.0,16.0,6.0,24.0,7.0,2504.0,11.0,10.0,44.0,15.0,2462.0,12.0,9.857142857142858,29.285714285714285,12.857142857142858,2514.8571428571427,13.0,11.071428571428571,31.928571428571427,12.5,2500.1428571428573,13.357142857142858,-4.0,-0.14285714285714285,-0.8571428571428571,5.843188953206853,1,6,0
2025-06-04,4.0,16.0,9.0,2516.0,16.0,5.0,23.0,11.0,2519.0,15.0,12.0,39.0,12.0,2499.0,14.0,14.0,62.0,13.0,2467.0,18.0,8.714285714285714,26.0,12.428571428571429,2517.285714285714,13.285714285714286,10.357142857142858,28.642857142857142,12.214285714285714,2503.6428571428573,13.214285714285714,-7.0,-0.8571428571428571,-1.0,6.388233230678514,2,6,0
2025-06-05,8.0,26.0,5.0,2503.0,21.0,4.0,16.0,9.0,2516.0,16.0,13.0,38.0,15.0,2506.0,11.0,18.0,36.0,17.0,2473.0,15.0,8.0,24.285714285714285,11.0,2516.8571428571427,14.714285714285714,9.642857142857142,27.928571428571427,11.357142857142858,2505.785714285714,13.642857142857142,-16.0,-3.7142857142857144,-2.2857142857142856,8.097618697583258,3,6,0
2025-06-06,9.0,23.0,8.0,2504.0,18.0,8.0,26.0,5.0,2503.0,21.0,11.0,33.0,15.0,2513.0,11.0,16.0,34.0,15.0,2479.0,14.0,7.714285714285714,22.857142857142858,10.0,2515.5714285714284,15.714285714285714,9.142857142857142,27.142857142857142,10.857142857142858,2507.5714285714284,13.928571428571429,-10.0,-5.714285714285714,-3.0714285714285716,7.58758384279541,4,6,0
2025-06-07,9.0,19.0,12.0,2506.0,16.0,9.0,23.0,8.0,2504.0,18.0,10.0,29.0,16.0,2521.0,12.0,13.0,31.0,13.0,2485.0,13.0,7.571428571428571,21.428571428571427,9.428571428571429,2513.4285714285716,16.285714285714285,8.857142857142858,26.285714285714285,10.785714285714286,2509.0714285714284,14.142857142857142,-4.0,-6.857142857142857,-3.357142857142857,6.388233230678509,5,6,1
2025-06-08,10.0,16.0,15.0,2507.0,13.0,9.0,19.0,12.0,2506.0,16.0,8.0,24.0,16.0,2528.0,12.0,11.0,29.0,11.0,2492.0,13.0,7.857142857142857,20.285714285714285,9.285714285714286,2510.4285714285716,16.428571428571427,8.785714285714286,25.357142857142858,11.071428571428571,2510.1428571428573,14.142857142857142,2.0,-7.142857142857143,-3.0714285714285716,5.8431889532068455,6,6,1
2025-06-09,8.0,21.0,14.0,2516.0,9.0,10.0,16.0,15.0,2507.0,13.0,10.0,19.0,5.0,2518.0,16.0,8.0,26.0,9.0,2498.0,12.0,7.571428571428571,20.571428571428573,10.571428571428571,2510.1428571428573,15.428571428571429,8.785714285714286,25.0,11.428571428571429,2511.4285714285716,13.928571428571429,5.0,-4.857142857142857,-2.5,7.081162132226499,0,6,0
2025-06-10,17.0,28.0,7.0,2511.0,12.0,8.0,21.0,14.0,2516.0,9.0,5.0,23.0,11.0,2519.0,15.0,6.0,24.0,7.0,2504.0,11.0,9.285714285714286,21.285714285714285,10.0,2509.0,15.0,9.571428571428571,25.285714285714285,11.428571428571429,2511.9285714285716,14.0,-5.0,-5.0,-2.5714285714285716,7.071067811866987,1,6,0
2025-06-11,16.0,27.0,7.0,2513.0,12.0,17.0,28.0,7.0,2511.0,12.0,4.0,16.0,9.0,2516.0,16.0,12.0,39.0,12.0,2499.0,14.0,11.0,22.857142857142858,9.714285714285714,2508.5714285714284,14.428571428571429,9.857142857142858,24.428571428571427,11.071428571428571,2512.9285714285716,13.857142857142858,-5.0,-4.714285714285714,-2.7857142857142856,7.016986193382214,2,6,0
2025-06-12,14.0,27.0,8.0,2514.0,13.0,16.0,27.0,7.0,2513.0,12.0,8.0,26.0,5.0,2503.0,21.0,13.0,38.0,15.0,2506.0,11.0,11.857142857142858,23.0,10.142857142857142,2510.1428571428573,13.285714285714286,9.928571428571429,23.642857142857142,10.571428571428571,2513.5,14.0,-5.0,-3.142857142857143,-3.4285714285714284,5.014265364226204,3,6,0
2025-06-13,13.0,26.0,8.0,2516.0,13.0,14.0,27.0,8.0,2514.0,13.0,9.0,23.0,8.0,2504.0,18.0,11.0,33.0,15.0,2513.0,11.0,12.428571428571429,23.428571428571427,10.142857142857142,2511.8571428571427,12.571428571428571,10.071428571428571,23.142857142857142,10.071428571428571,2513.714285714286,14.142857142857142,-5.0,-2.4285714285714284,-4.071428571428571,4.157609203104074,4,6,0
2025-06-14,11.0,26.0,9.0,2518.0,13.0,13.0,26.0,8.0,2516.0,13.0,9.0,19.0,12.0,2506.0,16.0,10.0,29.0,16.0,2521.0,12.0,12.714285714285714,24.428571428571427,9.714285714285714,2513.5714285714284,12.142857142857142,10.142857142857142,22.928571428571427,9.571428571428571,2513.5,14.214285714285714,-4.0,-2.4285714285714284,-4.642857142857143,4.157609203104074,5,6,1
2025-06-15,10.0,25.0,9.0,2520.0,13.0,11.0,26.0,9.0,2518.0,13.0,10.0,16.0,15.0,2507.0,13.0,8.0,24.0,16.0,2528.0,12.0,12.714285714285714,25.714285714285715,8.857142857142858,2515.4285714285716,12.142857142857142,10.285714285714286,23.0,9.071428571428571,2512.9285714285716,14.285714285714286,-4.0,-3.2857142857142856,-5.214285714285714,3.6839419880679407,6,6,1
2025-06-16,8.0,25.0,10.0,2521.0,14.0,10.0,25.0,9.0,2520.0,13.0,8.0,21.0,14.0,2516.0,9.0,10.0,19.0,5.0,2518.0,16.0,12.714285714285714,26.285714285714285,8.285714285714286,2516.1428571428573,12.857142857142858,10.142857142857142,23.428571428571427,9.428571428571429,2513.1428571428573,14.142857142857142,-4.0,-4.571428571428571,-4.714285714285714,0.5345224838448547,0,6,0
2025-06-17,7.0,24.0,10.0,2523.0,14.0,8.0,25.0,10.0,2521.0,14.0,17.0,28.0,7.0,2511.0,12.0,5.0,23.0,11.0,2519.0,15.0,11.285714285714286,25.714285714285715,8.714285714285714,2517.8571428571427,13.142857142857142,10.285714285714286,23.5,9.357142857142858,2513.4285714285716,14.071428571428571,-4.0,-4.428571428571429,-4.714285714285714,0.5345224838448557,1,6,0
2025-06-18,8.0,22.0,8.0,2512.0,16.0,7.0,24.0,10.0,2523.0,14.0,16.0,27.0,7.0,2513.0,12.0,4.0,16.0,9.0,2516.0,16.0,10.142857142857142,25.0,8.857142857142858,2517.714285714286,13.714285714285714,10.571428571428571,23.928571428571427,9.285714285714286,2513.1428571428573,14.071428571428571,-8.0,-4.857142857142857,-4.785714285714286,1.4638501094301044,2,6,0
2025-06-19,8.0,19.0,7.0,2501.0,18.0,8.0,22.0,8.0,2512.0,16.0,14.0,27.0,8.0,2514.0,13.0,8.0,26.0,5.0,2503.0,21.0,9.285714285714286,23.857142857142858,8.714285714285714,2515.8571428571427,14.428571428571429,10.571428571428571,23.428571428571427,9.428571428571429,2513.0,13.857142857142858,-11.0,-5.714285714285714,-4.428571428571429,2.7516228977550594,3,6,0
2025-06-20,8.0,17.0,6.0,2503.0,14.0,8.0,19.0,7.0,2501.0,18.0,13.0,26.0,8.0,2516.0,13.0,9.0,23.0,8.0,2504.0,18.0,8.571428571428571,22.571428571428573,8.428571428571429,2514.0,14.571428571428571,10.5,23.0,9.285714285714286,2512.9285714285716,13.571428571428571,-8.0,-6.142857142857143,-4.285714285714286,2.853569193637771,4,6,0
2025-06-21,7.0,15.0,6.0,2506.0,11.0,8.0,17.0,6.0,2503.0,14.0,11.0,26.0,9.0,2518.0,13.0,9.0,19.0,12.0,2506.0,16.0,8.0,21.0,8.0,2512.285714285714,14.285714285714286,10.357142857142858,22.714285714285715,8.857142857142858,2512.9285714285716,13.214285714285714,-5.0,-6.285714285714286,-4.357142857142857,2.751622897755058,5,6,1
2025-06-22,7.0,13.0,5.0,2508.0,7.0,7.0,15.0,6.0,2506.0,11.0,10.0,25.0,9.0,2520.0,13.0,10.0,16.0,15.0,2507.0,13.0,7.571428571428571,19.285714285714285,7.428571428571429,2510.5714285714284,13.428571428571429,10.142857142857142,22.5,8.142857142857142,2513.0,12.785714285714286,-2.0,-6.0,-4.642857142857143,3.1091263510330425,6,6,1
2025-06-23,3.0,15.0,5.0,2495.0,17.0,7.0,13.0,5.0,2508.0,7.0,8.0,25.0,10.0,2521.0,14.0,8.0,21.0,14.0,2516.0,9.0,6.857142857142857,17.857142857142858,6.714285714285714,2506.8571428571427,13.857142857142858,9.785714285714286,22.071428571428573,7.5,2511.5,13.357142857142858,-12.0,-7.142857142857143,-5.857142857142857,3.670993118518726,0,6,0
2025-06-24,5.0,20.0,5.0,2489.0,16.0,3.0,15.0,5.0,2495.0,17.0,7.0,24.0,10.0,2523.0,14.0,17.0,28.0,7.0,2511.0,12.0,6.571428571428571,17.285714285714285,6.0,2502.0,14.142857142857142,8.928571428571429,21.5,7.357142857142857,2509.9285714285716,13.642857142857142,-11.0,-8.142857142857142,-6.285714285714286,3.625307868702808,1,6,0
2025-06-25,6.0,12.0,2.0,2470.0,24.0,5.0,20.0,5.0,2489.0,16.0,8.0,22.0,8.0,2512.0,16.0,16.0,27.0,7.0,2513.0,12.0,6.285714285714286,15.857142857142858,5.142857142857143,2496.0,15.285714285714286,8.214285714285714,20.428571428571427,7.0,2506.8571428571427,14.5,-22.0,-10.142857142857142,-7.5,6.362090102805195,2,6,0
2025-06-26,3.0,9.0,7.0,2447.0,35.0,6.0,12.0,2.0,2470.0,24.0,8.0,19.0,7.0,2501.0,18.0,14.0,27.0,8.0,2514.0,13.0,5.571428571428571,14.428571428571429,5.142857142857143,2488.285714285714,17.714285714285715,7.428571428571429,19.142857142857142,6.928571428571429,2502.0714285714284,16.071428571428573,-28.0,-12.571428571428571,-9.142857142857142,9.306935457983412,3,6,0
2025-06-27,4.0,12.0,7.0,2436.0,30.0,3.0,9.0,7.0,2447.0,35.0,8.0,17.0,6.0,2503.0,14.0,13.0,26.0,8.0,2516.0,13.0,5.0,13.714285714285714,5.285714285714286,2478.714285714286,20.0,6.785714285714286,18.142857142857142,6.857142857142857,2496.3571428571427,17.285714285714285,-23.0,-14.714285714285714,-10.428571428571429,9.793097666457902,4,6,0
2025-06-28,4.0,14.0,7.0,2424.0,25.0,4.0,12.0,7.0,2436.0,30.0,7.0,15.0,6.0,2506.0,11.0,11.0,26.0,9.0,2518.0,13.0,4.571428571428571,13.571428571428571,5.428571428571429,2467.0,22.0,6.285714285714286,17.285714285714285,6.714285714285714,2489.6428571428573,18.142857142857142,-18.0,-16.571428571428573,-11.428571428571429,8.829064557041262,5,6,1
2025-06-29,5.0,17.0,7.0,2413.0,20.0,4.0,14.0,7.0,2424.0,25.0,7.0,13.0,5.0,2508.0,7.0,10.0,25.0,9.0,2520.0,13.0,4.285714285714286,14.142857142857142,5.714285714285714,2453.4285714285716,23.857142857142858,5.928571428571429,16.714285714285715,6.571428571428571,2482.0,18.642857142857142,-13.0,-18.142857142857142,-12.071428571428571,6.466028441751942,6,6,1
2025-06-30,9.0,22.0,8.0,2407.0,16.0,5.0,17.0,7.0,2413.0,20.0,3.0,15.0,5.0,2495.0,17.0,8.0,25.0,10.0,2521.0,14.0,5.142857142857143,15.142857142857142,6.142857142857143,2440.8571428571427,23.714285714285715,6.0,16.5,6.428571428571429,2473.8571428571427,18.785714285714285,-8.0,-17.571428571428573,-12.357142857142858,7.230886134197906,0,6,0
2025-07-01,7.0,14.0,6.0,2391.0,22.0,9.0,22.0,8.0,2407.0,16.0,5.0,20.0,5.0,2489.0,16.0,7.0,24.0,10.0,2523.0,14.0,5.428571428571429,14.285714285714286,6.285714285714286,2426.8571428571427,24.571428571428573,6.0,15.785714285714286,6.142857142857143,2464.4285714285716,19.357142857142858,-16.0,-18.285714285714285,-13.214285714285714,6.701101544133109,1,7,0
2025-07-02,8.0,20.0,9.0,2373.0,38.0,7.0,14.0,6.0,2391.0,22.0,6.0,12.0,2.0,2470.0,24.0,8.0,22.0,8.0,2512.0,16.0,5.714285714285714,15.428571428571429,7.285714285714286,2413.0,26.571428571428573,6.0,15.642857142857142,6.214285714285714,2454.5,20.928571428571427,-29.0,-19.285714285714285,-14.714285714285714,7.782764841073497,2,7,0
2025-07-03,7.0,19.0,7.0,2363.0,30.0,8.0,20.0,9.0,2373.0,38.0,3.0,9.0,7.0,2447.0,35.0,8.0,19.0,7.0,2501.0,18.0,6.285714285714286,16.857142857142858,7.285714285714286,2401.0,25.857142857142858,5.928571428571429,15.642857142857142,6.214285714285714,2444.6428571428573,21.785714285714285,-23.0,-18.571428571428573,-15.571428571428571,7.044078904943417,3,7,0
2025-07-04,6.0,18.0,6.0,2352.0,23.0,7.0,19.0,7.0,2363.0,30.0,4.0,12.0,7.0,2436.0,30.0,8.0,17.0,6.0,2503.0,14.0,6.571428571428571,17.714285714285715,7.142857142857143,2389.0,24.857142857142858,5.785714285714286,15.714285714285714,6.214285714285714,2433.8571428571427,22.428571428571427,-17.0,-17.714285714285715,-16.214285714285715,6.775305299747249,4,7,0
2025-07-05,5.0,18.0,4.0,2342.0,16.0,6.0,18.0,6.0,2352.0,23.0,4.0,14.0,7.0,2424.0,25.0,7.0,15.0,6.0,2506.0,11.0,6.714285714285714,18.285714285714285,6.714285714285714,2377.285714285714,23.571428571428573,5.642857142857143,15.928571428571429,6.071428571428571,2422.1428571428573,22.785714285714285,-12.0,-16.857142857142858,-16.714285714285715,7.104659772023692,5,7,1
2025-07-06,4.0,17.0,2.0,2332.0,8.0,5.0,18.0,4.0,2342.0,16.0,5.0,17.0,7.0,2413.0,20.0,7.0,13.0,5.0,2508.0,7.0,6.571428571428571,18.285714285714285,6.0,2365.714285714286,21.857142857142858,5.428571428571429,16.214285714285715,5.857142857142857,2409.5714285714284,22.857142857142858,-6.0,-15.857142857142858,-17.0,8.153293228886826,6,7,1
2025-07-07,3.0,18.0,8.0,2317.0,20.0,4.0,17.0,2.0,2332.0,8.0,9.0,22.0,8.0,2407.0,16.0,3.0,15.0,5.0,2495.0,17.0,5.714285714285714,17.714285714285715,6.0,2352.8571428571427,22.428571428571427,5.428571428571429,16.428571428571427,6.071428571428571,2396.8571428571427,23.071428571428573,-12.0,-16.428571428571427,-17.0,7.634508123365615,0,7,0
2025-07-08,5.0,16.0,8.0,2306.0,20.0,3.0,18.0,8.0,2317.0,20.0,7.0,14.0,6.0,2391.0,22.0,5.0,20.0,5.0,2489.0,16.0,5.428571428571429,18.0,6.285714285714286,2340.714285714286,22.142857142857142,5.428571428571429,16.142857142857142,6.285714285714286,2383.785714285714,23.357142857142858,-12.0,-15.857142857142858,-17.071428571428573,7.819389819089366,1,7,0
2025-07-09,2.0,18.0,0.0,2281.0,32.0,5.0,16.0,8.0,2306.0,20.0,8.0,20.0,9.0,2373.0,38.0,6.0,12.0,2.0,2470.0,24.0,4.571428571428571,17.714285714285715,5.0,2327.5714285714284,21.285714285714285,5.142857142857143,16.571428571428573,6.142857142857143,2370.285714285714,23.928571428571427,-32.0,-16.285714285714285,-17.785714285714285,8.69318287921345,2,7,0
2025-07-10,2.0,12.0,3.0,2252.0,39.0,2.0,18.0,0.0,2281.0,32.0,7.0,19.0,7.0,2363.0,30.0,3.0,9.0,7.0,2447.0,35.0,3.857142857142857,16.714285714285715,4.428571428571429,2311.714285714286,22.571428571428573,5.071428571428571,16.785714285714285,5.857142857142857,2356.3571428571427,24.214285714285715,-36.0,-18.142857142857142,-18.357142857142858,11.34942834725807,3,7,0
2025-07-11,2.0,12.0,3.0,2236.0,29.0,2.0,12.0,3.0,2252.0,39.0,6.0,18.0,6.0,2352.0,23.0,4.0,12.0,7.0,2436.0,30.0,3.2857142857142856,15.857142857142858,4.0,2295.1428571428573,23.428571428571427,4.928571428571429,16.785714285714285,5.571428571428571,2342.0714285714284,24.142857142857142,-26.0,-19.428571428571427,-18.571428571428573,11.702665549027802,4,7,0
2025-07-12,1.0,13.0,4.0,2220.0,20.0,2.0,12.0,3.0,2236.0,29.0,5.0,18.0,4.0,2342.0,16.0,4.0,14.0,7.0,2424.0,25.0,2.7142857142857144,15.142857142857142,4.0,2277.714285714286,24.0,4.714285714285714,16.714285714285715,5.357142857142857,2327.5,23.785714285714285,-16.0,-20.0,-18.428571428571427,11.372481406155588,5,7,1
2025-07-13,1.0,13.0,4.0,2204.0,10.0,1.0,13.0,4.0,2220.0,20.0,4.0,17.0,2.0,2332.0,8.0,5.0,17.0,7.0,2413.0,20.0,2.2857142857142856,14.571428571428571,4.285714285714286,2259.4285714285716,24.285714285714285,4.428571428571429,16.428571428571427,5.142857142857143,2312.5714285714284,23.071428571428573,-6.0,-20.0,-17.928571428571427,11.372481406155586,6,7,1
2025-07-14,2.0,9.0,1.0,2181.0,26.0,1.0,13.0,4.0,2204.0,10.0,3.0,18.0,8.0,2317.0,20.0,9.0,22.0,8.0,2407.0,16.0,2.142857142857143,13.285714285714286,3.2857142857142856,2240.0,25.142857142857142,3.9285714285714284,15.5,4.642857142857143,2296.4285714285716,23.785714285714285,-25.0,-21.857142857142858,-19.142857142857142,10.899978156379259,0,7,0
2025-07-15,0.0,8.0,5.0,2171.0,17.0,2.0,9.0,1.0,2181.0,26.0,5.0,16.0,8.0,2306.0,20.0,7.0,14.0,6.0,2391.0,22.0,1.4285714285714286,12.142857142857142,2.857142857142857,2220.714285714286,24.714285714285715,3.4285714285714284,15.071428571428571,4.571428571428571,2280.714285714286,23.428571428571427,-12.0,-21.857142857142858,-18.857142857142858,10.899978156379259,1,7,0
2025-07-16,1.0,9.0,0.0,2164.0,11.0,0.0,8.0,5.0,2171.0,17.0,2.0,18.0,0.0,2281.0,32.0,8.0,20.0,9.0,2373.0,38.0,1.2857142857142858,10.857142857142858,2.857142857142857,2204.0,21.714285714285715,2.9285714285714284,14.285714285714286,3.9285714285714284,2265.785714285714,21.5,-11.0,-18.857142857142858,-17.571428571428573,10.526610271571046,2,7,0
2025-07-17,3.0,16.0,2.0,2153.0,17.0,1.0,9.0,0.0,2164.0,11.0,2.0,12.0,3.0,2252.0,39.0,7.0,19.0,7.0,2363.0,30.0,1.4285714285714286,11.428571428571429,2.7142857142857144,2189.8571428571427,18.571428571428573,2.642857142857143,14.071428571428571,3.5714285714285716,2250.785714285714,20.571428571428573,-15.0,-15.857142857142858,-17.0,7.335497516156974,3,7,0
2025-07-18,3.0,16.0,3.0,2145.0,17.0,3.0,16.0,2.0,2153.0,17.0,2.0,12.0,3.0,2236.0,29.0,6.0,18.0,6.0,2352.0,23.0,1.5714285714285714,12.0,2.7142857142857144,2176.8571428571427,16.857142857142858,2.4285714285714284,13.928571428571429,3.357142857142857,2236.0,20.142857142857142,-14.0,-14.142857142857142,-16.785714285714285,5.814595756331234,4,7,0
2025-07-19,4.0,17.0,4.0,2137.0,16.0,3.0,16.0,3.0,2145.0,17.0,1.0,13.0,4.0,2220.0,20.0,5.0,18.0,4.0,2342.0,16.0,2.0,12.571428571428571,2.7142857142857144,2165.0,16.285714285714285,2.357142857142857,13.857142857142858,3.357142857142857,2221.3571428571427,20.142857142857142,-12.0,-13.571428571428571,-16.785714285714285,5.798193478926779,5,7,1
2025-07-20,4.0,18.0,6.0,2129.0,16.0,4.0,17.0,4.0,2137.0,16.0,1.0,13.0,4.0,2204.0,10.0,4.0,17.0,2.0,2332.0,8.0,2.4285714285714284,13.285714285714286,3.0,2154.285714285714,17.142857142857142,2.357142857142857,13.928571428571429,3.642857142857143,2206.8571428571427,20.714285714285715,-10.0,-14.142857142857142,-17.071428571428573,5.08030745226558,6,7,1
2025-07-21,4.0,18.0,7.0,2121.0,16.0,4.0,18.0,6.0,2129.0,16.0,2.0,9.0,1.0,2181.0,26.0,3.0,18.0,8.0,2317.0,20.0,2.7142857142857144,14.571428571428571,3.857142857142857,2145.714285714286,15.714285714285714,2.4285714285714284,13.928571428571429,3.5714285714285716,2192.8571428571427,20.428571428571427,-9.0,-11.857142857142858,-16.857142857142858,2.115700942054885,0,7,0
2025-07-22,5.0,13.0,3.0,2117.0,16.0,4.0,18.0,7.0,2121.0,16.0,0.0,8.0,5.0,2171.0,17.0,5.0,16.0,8.0,2306.0,20.0,3.4285714285714284,15.285714285714286,3.5714285714285716,2138.0,15.571428571428571,2.4285714285714284,13.714285714285714,3.2142857142857144,2179.3571428571427,20.142857142857142,-13.0,-12.0,-16.928571428571427,2.160246899474251,1,7,0
2025-07-23,6.0,21.0,5.0,2111.0,14.0,5.0,13.0,3.0,2117.0,16.0,1.0,9.0,0.0,2164.0,11.0,2.0,18.0,0.0,2281.0,32.0,4.142857142857143,17.0,4.285714285714286,2130.4285714285716,16.0,2.7142857142857144,13.928571428571429,3.5714285714285716,2167.214285714286,18.857142857142858,-9.0,-11.714285714285714,-15.285714285714286,2.4299715851802386,2,7,0
2025-07-24,6.0,18.0,7.0,2096.0,29.0,6.0,21.0,5.0,2111.0,14.0,3.0,16.0,2.0,2153.0,17.0,2.0,12.0,3.0,2252.0,39.0,4.571428571428571,17.285714285714285,5.0,2122.285714285714,17.714285714285715,3.0,14.357142857142858,3.857142857142857,2156.0714285714284,18.142857142857142,-22.0,-12.714285714285714,-14.285714285714286,4.5355736761130885,3,7,0
2025-07-25,4.0,16.0,5.0,2093.0,21.0,6.0,18.0,7.0,2096.0,29.0,3.0,16.0,3.0,2145.0,17.0,2.0,12.0,3.0,2236.0,29.0,4.714285714285714,17.285714285714285,5.285714285714286,2114.8571428571427,18.285714285714285,3.142857142857143,14.642857142857142,4.0,2145.8571428571427,17.571428571428573,-16.0,-13.0,-13.571428571428571,4.690415759825712,4,7,0
2025-07-26,3.0,14.0,4.0,2091.0,12.0,4.0,16.0,5.0,2093.0,21.0,4.0,17.0,4.0,2137.0,16.0,1.0,13.0,4.0,2220.0,20.0,4.571428571428571,16.857142857142858,5.285714285714286,2108.285714285714,17.714285714285715,3.2857142857142856,14.714285714285714,4.0,2136.6428571428573,17.0,-8.0,-12.428571428571429,-13.0,5.061526214401052,5,7,1
2025-07-27,1.0,12.0,2.0,2088.0,4.0,3.0,14.0,4.0,2091.0,12.0,4.0,18.0,6.0,2129.0,16.0,1.0,13.0,4.0,2204.0,10.0,4.142857142857143,16.0,4.714285714285714,2102.4285714285716,16.0,3.2857142857142856,14.642857142857142,3.857142857142857,2128.3571428571427,16.571428571428573,-2.0,-11.285714285714286,-12.714285714285714,6.421689437999684,6,7,1
2025-07-28,2.0,9.0,3.0,2080.0,14.0,1.0,12.0,2.0,2088.0,4.0,4.0,18.0,7.0,2121.0,16.0,2.0,9.0,1.0,2181.0,26.0,3.857142857142857,14.714285714285714,4.142857142857143,2096.5714285714284,15.714285714285714,3.2857142857142856,14.642857142857142,4.0,2121.1428571428573,15.714285714285714,-11.0,-11.571428571428571,-11.714285714285714,6.347102826151136,0,7,0
2025-07-29,2.0,8.0,3.0,2072.0,12.0,2.0,9.0,3.0,2080.0,14.0,5.0,13.0,3.0,2117.0,16.0,0.0,8.0,5.0,2171.0,17.0,3.4285714285714284,14.0,4.142857142857143,2090.1428571428573,15.142857142857142,3.4285714285714284,14.642857142857142,3.857142857142857,2114.0714285714284,15.357142857142858,-9.0,-11.0,-11.5,6.377042156571348,1,7,0
2025-07-30,4.0,15.0,4.0,2063.0,16.0,2.0,8.0,3.0,2072.0,12.0,6.0,21.0,5.0,2111.0,14.0,1.0,9.0,0.0,2164.0,11.0,3.142857142857143,13.142857142857142,4.0,2083.285714285714,15.428571428571429,3.642857142857143,15.071428571428571,4.142857142857143,2106.8571428571427,15.714285714285714,-12.0,-11.428571428571429,-11.571428571428571,6.32078958298743,2,7,0
2025-07-31,2.0,9.0,6.0,2058.0,15.0,4.0,15.0,4.0,2063.0,16.0,6.0,18.0,7.0,2096.0,29.0,3.0,16.0,2.0,2153.0,17.0,2.5714285714285716,11.857142857142858,3.857142857142857,2077.8571428571427,13.428571428571429,3.5714285714285716,14.571428571428571,4.428571428571429,2100.0714285714284,15.571428571428571,-9.0,-9.571428571428571,-11.142857142857142,4.276179870601307,3,7,0
2025-08-01,3.0,15.0,5.0,2055.0,12.0,2.0,9.0,6.0,2058.0,15.0,4.0,16.0,5.0,2093.0,21.0,3.0,16.0,3.0,2145.0,17.0,2.4285714285714284,11.714285714285714,3.857142857142857,2072.4285714285716,12.142857142857142,3.5714285714285716,14.5,4.571428571428571,2093.6428571428573,15.214285714285714,-7.0,-8.285714285714286,-10.642857142857142,3.251373336215043,4,8,0
2025-08-02,4.0,20.0,4.0,2052.0,8.0,3.0,15.0,5.0,2055.0,12.0,3.0,14.0,4.0,2091.0,12.0,4.0,17.0,4.0,2137.0,16.0,2.5714285714285716,12.571428571428571,3.857142857142857,2066.8571428571427,11.571428571428571,3.5714285714285716,14.714285714285714,4.571428571428571,2087.5714285714284,14.642857142857142,-4.0,-7.714285714285714,-10.071428571428571,3.6384193323635508,5,8,1
2025-08-03,5.0,26.0,3.0,2049.0,5.0,4.0,20.0,4.0,2052.0,8.0,1.0,12.0,2.0,2088.0,4.0,4.0,18.0,6.0,2129.0,16.0,3.142857142857143,14.571428571428571,4.0,2061.285714285714,11.714285714285714,3.642857142857143,15.285714285714286,4.357142857142857,2081.8571428571427,13.857142857142858,-2.0,-7.714285714285714,-9.5,3.6384193323635508,6,8,1
2025-08-04,5.0,22.0,11.0,2040.0,14.0,5.0,26.0,3.0,2049.0,5.0,2.0,9.0,3.0,2080.0,14.0,4.0,18.0,7.0,2121.0,16.0,3.5714285714285716,16.428571428571427,5.142857142857143,2055.5714285714284,11.714285714285714,3.7142857142857144,15.571428571428571,4.642857142857143,2076.0714285714284,13.714285714285714,-3.0,-6.571428571428571,-9.071428571428571,3.6903993847643703,0,8,0
2025-08-05,2.0,21.0,10.0,2042.0,14.0,5.0,22.0,11.0,2040.0,14.0,2.0,8.0,3.0,2072.0,12.0,5.0,13.0,3.0,2117.0,16.0,3.5714285714285716,18.285714285714285,6.142857142857143,2051.285714285714,12.0,3.5,16.142857142857142,5.142857142857143,2070.714285714286,13.571428571428571,-4.0,-5.857142857142857,-8.428571428571429,3.6253078687028486,1,8,0
2025-08-06,4.0,17.0,3.0,2036.0,13.0,2.0,21.0,10.0,2042.0,14.0,4.0,15.0,4.0,2063.0,16.0,6.0,21.0,5.0,2111.0,14.0,3.5714285714285716,18.571428571428573,6.0,2047.4285714285713,11.571428571428571,3.357142857142857,15.857142857142858,5.0,2065.3571428571427,13.5,-10.0,-5.571428571428571,-8.5,3.101458950086116,2,8,0
2025-08-07,4.0,18.0,6.0,2031.0,17.0,4.0,17.0,3.0,2036.0,13.0,2.0,9.0,6.0,2058.0,15.0,6.0,18.0,7.0,2096.0,29.0,3.857142857142857,19.857142857142858,6.0,2043.5714285714287,11.857142857142858,3.2142857142857144,15.857142857142858,4.928571428571429,2060.714285714286,12.642857142857142,-11.0,-5.857142857142857,-7.714285714285714,3.532165125841673,3,8,0
2025-08-08,3.0,18.0,7.0,2023.0,15.0,4.0,18.0,6.0,2031.0,17.0,3.0,15.0,5.0,2055.0,12.0,4.0,16.0,5.0,2093.0,21.0,3.857142857142857,20.285714285714285,6.285714285714286,2039.0,12.285714285714286,3.142857142857143,16.0,5.071428571428571,2055.714285714286,12.214285714285714,-8.0,-6.0,-7.142857142857143,3.6055512754669903,4,8,0
2025-08-09,1.0,18.0,7.0,2014.0,14.0,3.0,18.0,7.0,2023.0,15.0,4.0,20.0,4.0,2052.0,8.0,3.0,14.0,4.0,2091.0,12.0,3.4285714285714284,20.0,6.714285714285714,2033.5714285714287,13.142857142857142,3.0,16.285714285714285,5.285714285714286,2050.214285714286,12.357142857142858,-7.0,-6.428571428571429,-7.071428571428571,3.5050983275417416,5,8,1
2025-08-10,0.0,18.0,8.0,2006.0,12.0,1.0,18.0,7.0,2014.0,14.0,5.0,26.0,3.0,2049.0,5.0,1.0,12.0,2.0,2088.0,4.0,2.7142857142857144,18.857142857142858,7.428571428571429,2027.4285714285713,14.142857142857142,2.9285714285714284,16.714285714285715,5.714285714285714,2044.357142857143,12.928571428571429,-4.0,-6.714285714285714,-7.214285714285714,3.1471831698812074,6,8,1
2025-08-11,6.0,23.0,4.0,1999.0,16.0,0.0,18.0,8.0,2006.0,12.0,5.0,22.0,11.0,2040.0,14.0,2.0,9.0,3.0,2080.0,14.0,2.857142857142857,19.0,6.428571428571429,2021.5714285714287,14.428571428571429,3.2142857142857144,17.714285714285715,5.785714285714286,2038.5714285714287,13.071428571428571,-12.0,-8.0,-7.285714285714286,3.2145502536676744,0,8,0
2025-08-12,8.0,38.0,9.0,1999.0,9.0,6.0,23.0,4.0,1999.0,16.0,2.0,21.0,10.0,2042.0,14.0,2.0,8.0,3.0,2072.0,12.0,3.7142857142857144,21.428571428571427,6.285714285714286,2015.4285714285713,13.714285714285714,3.642857142857143,19.857142857142858,6.214285714285714,2033.357142857143,12.857142857142858,0.0,-7.428571428571429,-6.642857142857143,4.237025012010497,1,8,0
2025-08-13,6.0,22.0,12.0,1997.0,17.0,8.0,38.0,9.0,1999.0,9.0,4.0,17.0,3.0,2036.0,13.0,4.0,15.0,4.0,2063.0,16.0,4.0,22.142857142857142,7.571428571428571,2009.857142857143,14.285714285714286,3.7857142857142856,20.357142857142858,6.785714285714286,2028.642857142857,12.928571428571429,-5.0,-6.714285714285714,-6.142857142857143,4.151878519190664,2,8,0
2025-08-14,3.0,27.0,4.0,1994.0,11.0,6.0,22.0,12.0,1997.0,17.0,4.0,18.0,6.0,2031.0,17.0,2.0,9.0,6.0,2058.0,15.0,3.857142857142857,23.428571428571427,7.285714285714286,2004.5714285714287,13.428571428571429,3.857142857142857,21.642857142857142,6.642857142857143,2024.0714285714287,12.642857142857142,-7.0,-6.142857142857143,-6.0,3.7161167647889446,3,8,0
2025-08-15,3.0,23.0,3.0,1993.0,8.0,3.0,27.0,4.0,1994.0,11.0,3.0,18.0,7.0,2023.0,15.0,3.0,15.0,5.0,2055.0,12.0,3.857142857142857,24.142857142857142,6.714285714285714,2000.2857142857142,12.428571428571429,3.857142857142857,22.214285714285715,6.5,2019.642857142857,12.357142857142858,-5.0,-5.714285714285714,-5.857142857142857,3.63841933236356,4,8,0
2025-08-16,4.0,18.0,3.0,1992.0,6.0,3.0,23.0,3.0,1993.0,8.0,1.0,18.0,7.0,2014.0,14.0,4.0,20.0,4.0,2052.0,8.0,4.285714285714286,24.142857142857142,6.142857142857143,1997.142857142857,11.285714285714286,3.857142857142857,22.071428571428573,6.428571428571429,2015.357142857143,12.214285714285714,-3.0,-5.142857142857143,-5.785714285714286,3.716116764788949,5,8,1
2025-08-17,4.0,14.0,2.0,1991.0,3.0,4.0,18.0,3.0,1992.0,6.0,0.0,18.0,8.0,2006.0,12.0,5.0,26.0,3.0,2049.0,5.0,4.857142857142857,23.571428571428573,5.285714285714286,1995.0,10.0,3.7857142857142856,21.214285714285715,6.357142857142857,2011.2142857142858,12.071428571428571,-1.0,-4.714285714285714,-5.714285714285714,4.029651999629364,6,8,1
2025-08-18,4.0,20.0,6.0,1985.0,14.0,4.0,14.0,2.0,1991.0,3.0,6.0,23.0,4.0,1999.0,16.0,5.0,22.0,11.0,2040.0,14.0,4.571428571428571,23.142857142857142,5.571428571428571,1993.0,9.714285714285714,3.7142857142857144,21.071428571428573,6.0,2007.2857142857142,12.071428571428571,-8.0,-4.142857142857143,-6.071428571428571,2.9680841985269755,0,8,0
2025-08-19,5.0,35.0,3.0,1980.0,11.0,4.0,20.0,6.0,1985.0,14.0,8.0,38.0,9.0,1999.0,9.0,2.0,21.0,10.0,2042.0,14.0,4.142857142857143,22.714285714285715,4.714285714285714,1990.2857142857142,10.0,3.9285714285714284,22.071428571428573,5.5,2002.857142857143,11.857142857142858,-8.0,-5.285714285714286,-6.357142857142857,2.6276913640653414,1,8,0
2025-08-20,10.0,38.0,10.0,1983.0,10.0,5.0,35.0,3.0,1980.0,11.0,6.0,22.0,12.0,1997.0,17.0,4.0,17.0,3.0,2036.0,13.0,4.714285714285714,25.0,4.428571428571429,1988.2857142857142,9.0,4.357142857142857,23.571428571428573,6.0,1999.0714285714287,11.642857142857142,0.0,-4.571428571428571,-5.642857142857143,3.3094381626497644,2,8,0
2025-08-21,6.0,49.0,8.0,1972.0,21.0,10.0,38.0,10.0,1983.0,10.0,3.0,27.0,4.0,1994.0,11.0,4.0,18.0,6.0,2031.0,17.0,5.142857142857143,28.142857142857142,5.0,1985.142857142857,10.428571428571429,4.5,25.785714285714285,6.142857142857143,1994.857142857143,11.928571428571429,-13.0,-5.428571428571429,-5.785714285714286,4.577377082173001,3,8,0
2025-08-22,5.0,40.0,7.0,1975.0,16.0,6.0,49.0,8.0,1972.0,21.0,3.0,23.0,3.0,1993.0,8.0,3.0,18.0,7.0,2023.0,15.0,5.428571428571429,30.571428571428573,5.571428571428571,1982.5714285714287,11.571428571428571,4.642857142857143,27.357142857142858,6.142857142857143,1991.4285714285713,12.0,-9.0,-6.0,-5.857142857142857,4.760952285697507,4,8,0
2025-08-23,5.0,30.0,6.0,1978.0,10.0,5.0,40.0,7.0,1975.0,16.0,4.0,18.0,3.0,1992.0,6.0,1.0,18.0,7.0,2014.0,14.0,5.571428571428571,32.285714285714285,6.0,1980.5714285714287,12.142857142857142,4.928571428571429,28.214285714285715,6.071428571428571,1988.857142857143,11.714285714285714,-4.0,-6.142857142857143,-5.642857142857143,4.67006678855297,5,8,1
2025-08-24,4.0,21.0,5.0,1981.0,5.0,5.0,30.0,6.0,1978.0,10.0,4.0,14.0,2.0,1991.0,3.0,0.0,18.0,8.0,2006.0,12.0,5.571428571428571,33.285714285714285,6.428571428571429,1979.142857142857,12.428571428571429,5.214285714285714,28.428571428571427,5.857142857142857,1987.0714285714287,11.214285714285714,0.0,-6.0,-5.357142857142857,4.8648398397777,6,8,1
2025-08-25,8.0,30.0,8.0,1980.0,11.0,4.0,21.0,5.0,1981.0,5.0,4.0,20.0,6.0,1985.0,14.0,6.0,23.0,4.0,1999.0,16.0,6.142857142857143,34.714285714285715,6.714285714285714,1978.4285714285713,12.0,5.357142857142857,28.928571428571427,6.142857142857143,1985.7142857142858,10.857142857142858,-3.0,-5.285714285714286,-4.714285714285714,4.8892496259429805,0,8,0
2025-08-26,10.0,21.0,20.0,1989.0,15.0,8.0,30.0,8.0,1980.0,11.0,5.0,35.0,3.0,1980.0,11.0,8.0,38.0,9.0,1999.0,9.0,6.857142857142857,32.714285714285715,9.142857142857142,1979.7142857142858,12.571428571428571,5.5,27.714285714285715,6.928571428571429,1985.0,11.285714285714286,5.0,-3.4285714285714284,-4.357142857142857,6.023762469232665,1,8,0
2025-08-27,5.0,19.0,9.0,1988.0,19.0,10.0,21.0,20.0,1989.0,15.0,10.0,38.0,10.0,1983.0,10.0,6.0,22.0,12.0,1997.0,17.0,6.142857142857143,30.0,9.0,1980.4285714285713,13.857142857142858,5.428571428571429,27.5,6.714285714285714,1984.357142857143,11.428571428571429,-10.0,-4.857142857142857,-4.714285714285714,6.2564252687040725,2,8,0
2025-08-28,8.0,33.0,6.0,1984.0,17.0,5.0,19.0,9.0,1988.0,19.0,6.0,49.0,8.0,1972.0,21.0,3.0,27.0,4.0,1994.0,11.0,6.428571428571429,27.714285714285715,8.714285714285714,1982.142857142857,13.285714285714286,5.785714285714286,27.928571428571427,6.857142857142857,1983.642857142857,11.857142857142858,-11.0,-4.571428571428571,-5.0,5.855400437693051,3,8,0
2025-08-29,8.0,32.0,9.0,1990.0,14.0,8.0,33.0,6.0,1984.0,17.0,5.0,40.0,7.0,1975.0,16.0,3.0,23.0,3.0,1993.0,8.0,6.857142857142857,26.571428571428573,9.0,1984.2857142857142,13.0,6.142857142857143,28.571428571428573,7.285714285714286,1983.4285714285713,12.285714285714286,-5.0,-4.0,-5.0,5.537749241947343,4,8,0
2025-08-30,9.0,31.0,12.0,1997.0,11.0,8.0,32.0,9.0,1990.0,14.0,5.0,30.0,6.0,1978.0,10.0,4.0,18.0,3.0,1992.0,6.0,7.428571428571429,26.714285714285715,9.857142857142858,1987.0,13.142857142857142,6.5,29.5,7.928571428571429,1983.7857142857142,12.642857142857142,1.0,-3.2857142857142856,-4.714285714285714,5.8513327745153045,5,8,1
2025-08-31,10.0,30.0,14.0,2004.0,8.0,9.0,31.0,12.0,1997.0,11.0,4.0,21.0,5.0,1981.0,5.0,4.0,14.0,2.0,1991.0,3.0,8.285714285714286,28.0,11.142857142857142,1990.2857142857142,13.571428571428571,6.928571428571429,30.642857142857142,8.785714285714286,1984.7142857142858,13.0,6.0,-2.4285714285714284,-4.214285714285714,6.7788185513703425,6,8,1
2025-09-01,10.0,29.0,17.0,2010.0,5.0,10.0,30.0,14.0,2004.0,8.0,8.0,30.0,8.0,1980.0,11.0,4.0,20.0,6.0,1985.0,14.0,8.571428571428571,27.857142857142858,12.428571428571429,1994.5714285714287,12.714285714285714,7.357142857142857,31.285714285714285,9.571428571428571,1986.5,12.357142857142858,12.0,-0.2857142857142857,-2.7857142857142856,8.673989580240287,0,9,0
2025-09-02,6.0,35.0,9.0,2020.0,9.0,10.0,29.0,17.0,2010.0,5.0,10.0,21.0,20.0,1989.0,15.0,5.0,35.0,3.0,1980.0,11.0,8.0,29.857142857142858,10.857142857142858,1999.0,11.857142857142858,7.428571428571429,31.285714285714285,10.0,1989.357142857143,12.214285714285714,0.0,-1.0,-2.2142857142857144,8.366600265342058,1,9,0
2025-09-03,4.0,29.0,11.0,2019.0,10.0,6.0,35.0,9.0,2020.0,9.0,5.0,19.0,9.0,1988.0,19.0,10.0,38.0,10.0,1983.0,10.0,7.857142857142857,31.285714285714285,11.142857142857142,2003.4285714285713,10.571428571428571,7.0,30.642857142857142,10.071428571428571,1991.9285714285713,12.214285714285714,1.0,0.5714285714285714,-2.142857142857143,7.367883976131555,2,9,0
2025-09-04,11.0,40.0,2.0,2015.0,14.0,4.0,29.0,11.0,2019.0,10.0,8.0,33.0,6.0,1984.0,17.0,6.0,49.0,8.0,1972.0,21.0,8.285714285714286,32.285714285714285,10.571428571428571,2007.857142857143,10.142857142857142,7.357142857142857,30.0,9.642857142857142,1995.0,11.714285714285714,-12.0,0.42857142857142855,-2.0714285714285716,7.634508123365652,3,9,0
2025-09-05,9.0,33.0,4.0,2019.0,12.0,11.0,40.0,2.0,2015.0,14.0,8.0,32.0,9.0,1990.0,14.0,5.0,40.0,7.0,1975.0,16.0,8.428571428571429,32.42857142857143,9.857142857142858,2012.0,9.857142857142858,7.642857142857143,29.5,9.428571428571429,1998.142857142857,11.428571428571429,-8.0,0.0,-2.0,8.062257748299903,4,9,0
2025-09-06,6.0,26.0,7.0,2022.0,9.0,9.0,33.0,4.0,2019.0,12.0,9.0,31.0,12.0,1997.0,11.0,5.0,30.0,6.0,1978.0,10.0,8.0,31.714285714285715,9.142857142857142,2015.5714285714287,9.571428571428571,7.714285714285714,29.214285714285715,9.5,2001.2857142857142,11.357142857142858,-2.0,-0.42857142857142855,-1.8571428571428572,8.079957567075219,5,9,1
2025-09-07,4.0,19.0,9.0,2026.0,7.0,6.0,26.0,7.0,2022.0,9.0,10.0,30.0,14.0,2004.0,8.0,4.0,21.0,5.0,1981.0,5.0,7.142857142857143,30.142857142857142,8.428571428571429,2018.7142857142858,9.428571428571429,7.714285714285714,29.071428571428573,9.785714285714286,2004.5,11.5,2.0,-1.0,-1.7142857142857142,7.681145747870027,6,9,1
2025-09-08,7.0,25.0,5.0,2025.0,6.0,4.0,19.0,9.0,2026.0,7.0,10.0,29.0,17.0,2010.0,5.0,8.0,30.0,8.0,1980.0,11.0,6.714285714285714,29.571428571428573,6.714285714285714,2020.857142857143,9.571428571428571,7.642857142857143,28.714285714285715,9.571428571428571,2007.7142857142858,11.142857142857142,-1.0,-2.857142857142857,-1.5714285714285714,5.177791402668279,0,9,0
2025-09-09,18.0,42.0,11.0,2023.0,14.0,7.0,25.0,5.0,2025.0,6.0,6.0,35.0,9.0,2020.0,9.0,10.0,21.0,20.0,1989.0,15.0,8.428571428571429,30.571428571428573,7.0,2021.2857142857142,10.285714285714286,8.214285714285714,30.214285714285715,8.928571428571429,2010.142857142857,11.071428571428571,-3.0,-3.2857142857142856,-2.142857142857143,5.023753102822327,1,9,0
2025-09-10,10.0,47.0,14.0,2025.0,18.0,18.0,42.0,11.0,2023.0,14.0,4.0,29.0,11.0,2019.0,10.0,5.0,19.0,9.0,1988.0,19.0,9.285714285714286,33.142857142857146,7.428571428571429,2022.142857142857,11.428571428571429,8.571428571428571,32.214285714285715,9.285714285714286,2012.7857142857142,11.0,-4.0,-4.0,-1.7142857142857142,4.654746681258644,2,9,0
2025-09-11,12.0,38.0,29.0,2047.0,6.0,10.0,47.0,14.0,2025.0,18.0,11.0,40.0,2.0,2015.0,14.0,8.0,33.0,6.0,1984.0,17.0,9.428571428571429,32.857142857142854,11.285714285714286,2026.7142857142858,10.285714285714286,8.857142857142858,32.57142857142857,10.928571428571429,2017.2857142857142,10.214285714285714,23.0,1.0,0.7142857142857143,10.165300454652346,3,9,0
2025-09-12,10.0,38.0,24.0,2059.0,6.0,12.0,38.0,29.0,2047.0,6.0,9.0,33.0,4.0,2019.0,12.0,8.0,32.0,9.0,1990.0,14.0,9.571428571428571,33.57142857142857,14.142857142857142,2032.4285714285713,9.428571428571429,9.0,33.0,12.0,2022.2142857142858,9.642857142857142,18.0,4.714285714285714,2.357142857142857,11.041048949478665,4,9,0
2025-09-13,9.0,39.0,18.0,2071.0,5.0,10.0,38.0,24.0,2059.0,6.0,6.0,26.0,7.0,2022.0,9.0,9.0,31.0,12.0,1997.0,11.0,10.0,35.42857142857143,15.714285714285714,2039.4285714285713,8.857142857142858,9.0,33.57142857142857,12.428571428571429,2027.5,9.214285714285714,13.0,6.857142857142857,3.2142857142857144,10.976164652382568,5,9,1
2025-09-14,7.0,39.0,13.0,2083.0,5.0,9.0,39.0,18.0,2071.0,5.0,4.0,19.0,9.0,2026.0,7.0,10.0,30.0,14.0,2004.0,8.0,10.428571428571429,38.285714285714285,16.285714285714285,2047.5714285714287,8.571428571428571,8.785714285714286,34.214285714285715,12.357142857142858,2033.142857142857,9.0,8.0,7.714285714285714,3.357142857142857,10.765907388826266,6,9,1
2025-09-15,9.0,47.0,10.0,2086.0,10.0,7.0,39.0,13.0,2083.0,5.0,7.0,25.0,5.0,2025.0,6.0,10.0,29.0,17.0,2010.0,5.0,10.714285714285714,41.42857142857143,17.0,2056.285714285714,9.142857142857142,8.714285714285714,35.5,11.857142857142858,2038.5714285714287,9.357142857142858,0.0,7.857142857142857,2.5,10.636863125136058,0,9,0
2025-09-16,7.0,28.0,17.0,2095.0,12.0,9.0,47.0,10.0,2086.0,10.0,18.0,42.0,11.0,2023.0,14.0,6.0,35.0,9.0,2020.0,9.0,9.142857142857142,39.42857142857143,17.857142857142858,2066.5714285714284,8.857142857142858,8.785714285714286,35.0,12.428571428571429,2043.9285714285713,9.571428571428571,5.0,9.0,2.857142857142857,9.660917830794105,1,9,0
2025-09-17,7.0,38.0,5.0,2096.0,13.0,7.0,28.0,17.0,2095.0,12.0,10.0,47.0,14.0,2025.0,18.0,4.0,29.0,11.0,2019.0,10.0,8.714285714285714,38.142857142857146,16.571428571428573,2076.714285714286,8.142857142857142,9.0,35.642857142857146,12.0,2049.4285714285716,9.785714285714286,-8.0,8.428571428571429,2.2142857142857144,10.627905765126217,2,9,0
2025-09-18,20.0,52.0,11.0,2096.0,14.0,7.0,38.0,5.0,2096.0,13.0,12.0,38.0,29.0,2047.0,6.0,11.0,40.0,2.0,2015.0,14.0,9.857142857142858,40.142857142857146,14.0,2083.714285714286,9.285714285714286,9.642857142857142,36.5,12.642857142857142,2055.214285714286,9.785714285714286,-3.0,4.714285714285714,2.857142857142857,9.123491395190618,3,9,0
2025-09-19,16.0,46.0,12.0,2109.0,11.0,20.0,52.0,11.0,2096.0,14.0,10.0,38.0,24.0,2059.0,6.0,9.0,33.0,4.0,2019.0,12.0,10.714285714285714,41.285714285714285,12.285714285714286,2090.8571428571427,10.0,10.142857142857142,37.42857142857143,13.214285714285714,2061.6428571428573,9.714285714285714,1.0,2.2857142857142856,3.5,7.016986193382254,4,9,0
2025-09-20,12.0,41.0,12.0,2121.0,8.0,16.0,46.0,12.0,2109.0,11.0,9.0,39.0,18.0,2071.0,5.0,6.0,26.0,7.0,2022.0,9.0,11.142857142857142,41.57142857142857,11.428571428571429,2098.0,10.428571428571429,10.571428571428571,38.5,13.571428571428571,2068.714285714286,9.642857142857142,4.0,1.0,3.9285714285714284,5.354126134738382,5,9,1
2025-09-21,8.0,35.0,13.0,2134.0,5.0,12.0,41.0,12.0,2121.0,8.0,7.0,39.0,13.0,2083.0,5.0,4.0,19.0,9.0,2026.0,7.0,11.285714285714286,41.0,11.428571428571429,2105.285714285714,10.428571428571429,10.857142857142858,39.642857142857146,13.857142857142858,2076.4285714285716,9.5,8.0,1.0,4.357142857142857,5.354126134738382,6,9,1
2025-09-22,17.0,40.0,14.0,2141.0,10.0,8.0,35.0,13.0,2134.0,5.0,9.0,47.0,10.0,2086.0,10.0,7.0,25.0,5.0,2025.0,6.0,12.428571428571429,40.0,12.0,2113.1428571428573,10.428571428571429,11.571428571428571,40.714285714285715,14.5,2084.714285714286,9.785714285714286,4.0,1.5714285714285714,4.714285714285714,5.442338432978009,0,9,0
2025-09-23,11.0,36.0,10.0,2145.0,15.0,17.0,40.0,14.0,2141.0,10.0,7.0,28.0,17.0,2095.0,12.0,18.0,42.0,11.0,2023.0,14.0,13.0,41.142857142857146,11.0,2120.285714285714,10.857142857142858,11.071428571428571,40.285714285714285,14.428571428571429,2093.4285714285716,9.857142857142858,-5.0,0.14285714285714285,4.571428571428571,5.698788509517821,1,9,0
2025-09-24,3.0,38.0,12.0,2138.0,17.0,11.0,36.0,10.0,2145.0,15.0,7.0,38.0,5.0,2096.0,13.0,10.0,47.0,14.0,2025.0,18.0,12.428571428571429,41.142857142857146,12.0,2126.285714285714,11.428571428571429,10.571428571428571,39.642857142857146,14.285714285714286,2101.5,9.785714285714286,-5.0,0.5714285714285714,4.5,5.0615262144010975,2,9,0
2025-09-25,6.0,35.0,12.0,2132.0,18.0,3.0,38.0,12.0,2138.0,17.0,20.0,52.0,11.0,2096.0,14.0,12.0,38.0,29.0,2047.0,6.0,10.428571428571429,38.714285714285715,12.142857142857142,2131.4285714285716,12.0,10.142857142857142,39.42857142857143,13.071428571428571,2107.5714285714284,10.642857142857142,-6.0,0.14285714285714285,2.4285714285714284,5.520524474740815,3,9,0
2025-09-26,8.0,33.0,12.0,2137.0,15.0,6.0,35.0,12.0,2132.0,18.0,16.0,46.0,12.0,2109.0,11.0,10.0,38.0,24.0,2059.0,6.0,9.285714285714286,36.857142857142854,12.142857142857142,2135.4285714285716,12.571428571428571,10.0,39.07142857142857,12.214285714285714,2113.1428571428573,11.285714285714286,-3.0,-0.42857142857142855,0.9285714285714286,5.623081683478329,4,9,0
2025-09-27,9.0,31.0,12.0,2141.0,12.0,8.0,33.0,12.0,2137.0,15.0,12.0,41.0,12.0,2121.0,8.0,9.0,39.0,18.0,2071.0,5.0,8.857142857142858,35.42857142857143,12.142857142857142,2138.285714285714,13.142857142857142,10.0,38.5,11.785714285714286,2118.1428571428573,11.785714285714286,0.0,-1.0,0.0,5.291502622131245,5,9,1
2025-09-28,11.0,29.0,12.0,2146.0,9.0,9.0,31.0,12.0,2141.0,12.0,8.0,35.0,13.0,2134.0,5.0,7.0,39.0,13.0,2083.0,5.0,9.285714285714286,34.57142857142857,12.0,2140.0,13.714285714285714,10.285714285714286,37.785714285714285,11.714285714285714,2122.6428571428573,12.071428571428571,3.0,-1.7142857142857142,-0.35714285714285715,4.070801956795538,6,9,1
2025-09-29,8.0,35.0,12.0,2148.0,13.0,11.0,29.0,12.0,2146.0,9.0,17.0,40.0,14.0,2141.0,10.0,9.0,47.0,10.0,2086.0,10.0,8.0,33.857142857142854,11.714285714285714,2141.0,14.142857142857142,10.214285714285714,36.92857142857143,11.857142857142858,2127.0714285714284,12.285714285714286,-1.0,-2.4285714285714284,-0.42857142857142855,3.2586880211320346,0,9,0
2025-09-30,8.0,32.0,12.0,2159.0,7.0,8.0,35.0,12.0,2148.0,13.0,11.0,36.0,10.0,2145.0,15.0,7.0,28.0,17.0,2095.0,12.0,7.571428571428571,33.285714285714285,12.0,2143.0,13.0,10.285714285714286,37.214285714285715,11.5,2131.6428571428573,11.928571428571429,5.0,-1.0,-0.42857142857142855,4.041451884330082,1,9,0
2025-10-01,4.0,33.0,12.0,2163.0,14.0,8.0,32.0,12.0,2159.0,7.0,3.0,38.0,12.0,2138.0,17.0,7.0,38.0,5.0,2096.0,13.0,7.714285714285714,32.57142857142857,12.0,2146.5714285714284,12.571428571428571,10.071428571428571,36.857142857142854,12.0,2136.4285714285716,12.0,-2.0,-0.5714285714285714,0.0,3.690399384764401,2,10,0
2025-10-02,20.0,51.0,15.0,2164.0,16.0,4.0,33.0,12.0,2163.0,14.0,6.0,35.0,12.0,2132.0,18.0,20.0,52.0,11.0,2096.0,14.0,9.714285714285714,34.857142857142854,12.428571428571429,2151.1428571428573,12.285714285714286,10.071428571428571,36.785714285714285,12.285714285714286,2141.285714285714,12.142857142857142,-1.0,0.14285714285714285,0.14285714285714285,2.853569193637857,3,10,0
2025-10-03,16.0,43.0,14.0,2169.0,16.0,20.0,51.0,15.0,2164.0,16.0,8.0,33.0,12.0,2137.0,15.0,16.0,46.0,12.0,2109.0,11.0,10.857142857142858,36.285714285714285,12.714285714285714,2155.714285714286,12.428571428571429,10.071428571428571,36.57142857142857,12.428571428571429,2145.5714285714284,12.5,-2.0,0.2857142857142857,-0.07142857142857142,2.6903708365422623,4,10,0
2025-10-04,12.0,36.0,14.0,2175.0,16.0,16.0,43.0,14.0,2169.0,16.0,9.0,31.0,12.0,2141.0,12.0,12.0,41.0,12.0,2121.0,8.0,11.285714285714286,37.0,13.0,2160.5714285714284,13.0,10.071428571428571,36.214285714285715,12.571428571428571,2149.4285714285716,13.071428571428571,-2.0,0.0,-0.5,2.828427124750055,5,10,1
2025-10-05,8.0,28.0,13.0,2180.0,16.0,12.0,36.0,14.0,2175.0,16.0,11.0,29.0,12.0,2146.0,9.0,8.0,35.0,13.0,2134.0,5.0,10.857142857142858,36.857142857142854,13.142857142857142,2165.4285714285716,14.0,10.071428571428571,35.714285714285715,12.571428571428571,2152.714285714286,13.857142857142858,-3.0,-0.8571428571428571,-1.2857142857142858,2.67261241912833,6,10,1
2025-10-06,5.0,33.0,15.0,2187.0,10.0,8.0,28.0,13.0,2180.0,16.0,8.0,35.0,12.0,2148.0,13.0,17.0,40.0,14.0,2141.0,10.0,10.428571428571429,36.57142857142857,13.571428571428571,2171.0,13.571428571428571,9.214285714285714,35.214285714285715,12.642857142857142,2156.0,13.857142857142858,5.0,0.0,-1.2142857142857142,3.4641016151409105,0,10,0
2025-10-07,11.0,45.0,4.0,2189.0,10.0,5.0,33.0,15.0,2187.0,10.0,8.0,32.0,12.0,2159.0,7.0,11.0,36.0,10.0,2145.0,15.0,10.857142857142858,38.42857142857143,12.428571428571429,2175.285714285714,14.0,9.214285714285714,35.857142857142854,12.214285714285714,2159.1428571428573,13.5,-6.0,-1.5714285714285714,-1.2857142857142858,3.309438162649783,1,10,0
2025-10-08,8.0,49.0,15.0,2192.0,17.0,11.0,45.0,4.0,2189.0,10.0,4.0,33.0,12.0,2163.0,14.0,3.0,38.0,12.0,2138.0,17.0,11.428571428571429,40.714285714285715,12.857142857142858,2179.4285714285716,14.428571428571429,9.571428571428571,36.642857142857146,12.428571428571429,2163.0,13.5,-2.0,-1.5714285714285714,-1.0714285714285714,3.309438162649783,2,10,0
2025-10-09,11.0,55.0,13.0,2192.0,12.0,8.0,49.0,15.0,2192.0,17.0,20.0,51.0,15.0,2164.0,16.0,6.0,35.0,12.0,2132.0,18.0,10.142857142857142,41.285714285714285,12.571428571428571,2183.4285714285716,13.857142857142858,9.928571428571429,38.07142857142857,12.5,2167.285714285714,13.071428571428571,1.0,-1.2857142857142858,-0.5714285714285714,3.450327796714934,3,10,0
2025-10-10,10.0,47.0,12.0,2200.0,10.0,11.0,55.0,13.0,2192.0,12.0,16.0,43.0,14.0,2169.0,16.0,8.0,33.0,12.0,2137.0,15.0,9.285714285714286,41.857142857142854,12.285714285714286,2187.8571428571427,13.0,10.071428571428571,39.07142857142857,12.5,2171.785714285714,12.714285714285714,2.0,-0.7142857142857143,-0.21428571428571427,3.638419332363586,4,10,0
2025-10-11,10.0,40.0,10.0,2208.0,9.0,10.0,47.0,12.0,2200.0,10.0,12.0,36.0,14.0,2175.0,16.0,9.0,31.0,12.0,2141.0,12.0,9.0,42.42857142857143,11.714285714285714,2192.5714285714284,12.0,10.142857142857142,39.714285714285715,12.357142857142858,2176.5714285714284,12.5,1.0,-0.2857142857142857,-0.14285714285714285,3.6384193323635876,5,10,1
2025-10-12,9.0,32.0,8.0,2215.0,8.0,10.0,40.0,10.0,2208.0,9.0,8.0,28.0,13.0,2180.0,16.0,11.0,29.0,12.0,2146.0,9.0,9.142857142857142,43.0,11.0,2197.5714285714284,10.857142857142858,10.0,39.92857142857143,12.071428571428571,2181.5,12.428571428571429,0.0,0.14285714285714285,-0.35714285714285715,3.43649877194008,6,10,1
2025-10-13,8.0,24.0,7.0,2223.0,6.0,9.0,32.0,8.0,2215.0,8.0,5.0,33.0,15.0,2187.0,10.0,8.0,35.0,12.0,2148.0,13.0,9.571428571428571,41.714285714285715,9.857142857142858,2202.714285714286,10.285714285714286,10.0,39.142857142857146,11.714285714285714,2186.8571428571427,11.928571428571429,1.0,-0.42857142857142855,-0.21428571428571427,2.7602622373733756,0,10,0
2025-10-14,7.0,30.0,16.0,2235.0,8.0,8.0,24.0,7.0,2223.0,6.0,11.0,45.0,4.0,2189.0,10.0,8.0,32.0,12.0,2159.0,7.0,9.0,39.57142857142857,11.571428571428571,2209.285714285714,10.0,9.928571428571429,39.0,12.0,2192.285714285714,12.0,8.0,1.5714285714285714,0.0,3.1014589500861574,1,10,0
2025-10-15,8.0,29.0,10.0,2225.0,15.0,7.0,30.0,16.0,2235.0,8.0,8.0,49.0,15.0,2192.0,17.0,4.0,33.0,12.0,2163.0,14.0,9.0,36.714285714285715,10.857142857142858,2214.0,9.714285714285714,10.214285714285714,38.714285714285715,11.857142857142858,2196.714285714286,12.071428571428571,-5.0,1.1428571428571428,-0.21428571428571427,3.804758924848245,2,10,0
2025-10-16,9.0,33.0,15.0,2233.0,9.0,8.0,29.0,10.0,2225.0,15.0,11.0,55.0,13.0,2192.0,12.0,20.0,51.0,15.0,2164.0,16.0,8.714285714285714,33.57142857142857,11.142857142857142,2219.8571428571427,9.285714285714286,9.428571428571429,37.42857142857143,11.857142857142858,2201.6428571428573,11.571428571428571,6.0,1.8571428571428572,0.2857142857142857,4.220133150689174,3,10,0
2025-10-17,9.0,33.0,16.0,2234.0,8.0,9.0,33.0,15.0,2233.0,9.0,10.0,47.0,12.0,2200.0,10.0,16.0,43.0,14.0,2169.0,16.0,8.571428571428571,31.571428571428573,11.714285714285714,2224.714285714286,9.0,8.928571428571429,36.714285714285715,12.0,2206.285714285714,11.0,8.0,2.7142857142857144,1.0,4.8205907561332335,4,10,0
2025-10-18,9.0,34.0,16.0,2236.0,8.0,9.0,33.0,16.0,2234.0,8.0,10.0,40.0,10.0,2208.0,9.0,12.0,36.0,14.0,2175.0,16.0,8.428571428571429,30.714285714285715,12.571428571428571,2228.714285714286,8.857142857142858,8.714285714285714,36.57142857142857,12.142857142857142,2210.6428571428573,10.428571428571429,8.0,3.7142857142857144,1.7142857142857142,5.122313465429191,5,10,1
2025-10-19,9.0,34.0,17.0,2237.0,7.0,9.0,34.0,16.0,2236.0,8.0,9.0,32.0,8.0,2215.0,8.0,8.0,28.0,13.0,2180.0,16.0,8.428571428571429,31.0,13.857142857142858,2231.8571428571427,8.714285714285714,8.785714285714286,37.0,12.428571428571429,2214.714285714286,9.785714285714286,10.0,5.142857142857143,2.642857142857143,5.304984179324115,6,10,1
2025-10-20,10.0,39.0,6.0,2243.0,7.0,9.0,34.0,17.0,2237.0,7.0,8.0,24.0,7.0,2223.0,6.0,5.0,33.0,15.0,2187.0,10.0,8.714285714285714,33.142857142857146,13.714285714285714,2234.714285714286,8.857142857142858,9.142857142857142,37.42857142857143,11.785714285714286,2218.714285714286,9.571428571428571,-1.0,4.857142857142857,2.2142857142857144,5.610364558227253,0,10,0
2025-10-21,13.0,39.0,17.0,2251.0,9.0,10.0,39.0,6.0,2243.0,7.0,7.0,30.0,16.0,2235.0,8.0,11.0,45.0,4.0,2189.0,10.0,9.571428571428571,34.42857142857143,13.857142857142858,2237.0,9.0,9.285714285714286,37.0,12.714285714285714,2223.1428571428573,9.5,8.0,4.857142857142857,3.2142857142857144,5.610364558227253,1,10,0
2025-10-22,12.0,42.0,13.0,2261.0,12.0,13.0,39.0,17.0,2251.0,9.0,8.0,29.0,10.0,2225.0,15.0,8.0,49.0,15.0,2192.0,17.0,10.142857142857142,36.285714285714285,14.285714285714286,2242.1428571428573,8.571428571428571,9.571428571428571,36.5,12.571428571428571,2228.0714285714284,9.142857142857142,1.0,5.714285714285714,3.4285714285714284,4.111540089161717,2,10,0
2025-10-23,4.0,27.0,26.0,2266.0,18.0,12.0,42.0,13.0,2261.0,12.0,9.0,33.0,15.0,2233.0,9.0,11.0,55.0,13.0,2192.0,12.0,9.428571428571429,35.42857142857143,15.857142857142858,2246.8571428571427,9.857142857142858,9.071428571428571,34.5,13.5,2233.3571428571427,9.571428571428571,8.0,6.0,3.9285714285714284,4.203173404308785,3,10,0
2025-10-24,4.0,30.0,21.0,2269.0,15.0,4.0,27.0,26.0,2266.0,18.0,9.0,33.0,16.0,2234.0,8.0,10.0,47.0,12.0,2200.0,10.0,8.714285714285714,35.0,16.571428571428573,2251.8571428571427,10.857142857142858,8.642857142857142,33.285714285714285,14.142857142857142,2238.285714285714,9.928571428571429,6.0,5.714285714285714,4.214285714285714,4.111540089161717,4,10,0
2025-10-25,4.0,32.0,17.0,2273.0,13.0,4.0,30.0,21.0,2269.0,15.0,9.0,34.0,16.0,2236.0,8.0,10.0,40.0,10.0,2208.0,9.0,8.0,34.714285714285715,16.714285714285715,2257.1428571428573,11.571428571428571,8.214285714285714,32.714285714285715,14.642857142857142,2242.9285714285716,10.214285714285714,4.0,5.142857142857143,4.428571428571429,4.017817460124235,5,10,1
2025-10-26,4.0,35.0,12.0,2276.0,10.0,4.0,32.0,17.0,2273.0,13.0,9.0,34.0,17.0,2237.0,7.0,9.0,32.0,8.0,2215.0,8.0,7.285714285714286,34.857142857142854,16.0,2262.714285714286,12.0,7.857142857142857,32.92857142857143,14.928571428571429,2247.285714285714,10.357142857142858,2.0,4.0,4.571428571428571,3.511884584287376,6,10,1
2025-10-27,2.0,31.0,8.0,2282.0,11.0,4.0,35.0,12.0,2276.0,10.0,10.0,39.0,6.0,2243.0,7.0,8.0,24.0,7.0,2223.0,6.0,6.142857142857143,33.714285714285715,16.285714285714285,2268.285714285714,12.571428571428571,7.428571428571429,33.42857142857143,15.0,2251.5,10.714285714285714,-3.0,3.7142857142857144,4.285714285714286,4.029651999629399,0,10,0
2025-10-28,6.0,22.0,11.0,2286.0,6.0,2.0,31.0,8.0,2282.0,11.0,13.0,39.0,17.0,2251.0,9.0,7.0,30.0,16.0,2235.0,8.0,5.142857142857143,31.285714285714285,15.428571428571429,2273.285714285714,12.142857142857142,7.357142857142857,32.857142857142854,14.642857142857142,2255.1428571428573,10.571428571428571,5.0,3.2857142857142856,4.071428571428571,3.6384193323636023,1,10,0
2025-10-29,6.0,25.0,4.0,2280.0,17.0,6.0,22.0,11.0,2286.0,6.0,12.0,42.0,13.0,2261.0,12.0,8.0,29.0,10.0,2225.0,15.0,4.285714285714286,28.857142857142858,14.142857142857142,2276.0,12.857142857142858,7.214285714285714,32.57142857142857,14.214285714285714,2259.0714285714284,10.714285714285714,-13.0,1.2857142857142858,3.5,7.204495950778501,2,10,0
2025-10-30,3.0,17.0,14.0,2287.0,12.0,6.0,25.0,4.0,2280.0,17.0,4.0,27.0,26.0,2266.0,18.0,9.0,33.0,15.0,2233.0,9.0,4.142857142857143,27.428571428571427,12.428571428571429,2279.0,12.0,6.785714285714286,31.428571428571427,14.142857142857142,2262.9285714285716,10.928571428571429,2.0,0.42857142857142855,3.2142857142857144,6.604471789558155,3,10,0
2025-10-31,4.0,18.0,13.0,2284.0,10.0,3.0,17.0,14.0,2287.0,12.0,4.0,30.0,21.0,2269.0,15.0,9.0,33.0,16.0,2234.0,8.0,4.142857142857143,25.714285714285715,11.285714285714286,2281.1428571428573,11.285714285714286,6.428571428571429,30.357142857142858,13.928571428571429,2266.5,11.071428571428571,3.0,0.0,2.857142857142857,6.271629240744003,4,10,0
2025-11-01,4.0,20.0,11.0,2280.0,9.0,4.0,18.0,13.0,2284.0,10.0,4.0,32.0,17.0,2273.0,13.0,9.0,34.0,16.0,2236.0,8.0,4.142857142857143,24.0,10.428571428571429,2282.1428571428573,10.714285714285714,6.071428571428571,29.357142857142858,13.571428571428571,2269.6428571428573,11.142857142857142,2.0,-0.2857142857142857,2.4285714285714284,6.102302453837986,5,11,1
2025-11-02,5.0,21.0,10.0,2277.0,7.0,4.0,20.0,11.0,2280.0,9.0,4.0,35.0,12.0,2276.0,10.0,9.0,34.0,17.0,2237.0,7.0,4.285714285714286,22.0,10.142857142857142,2282.285714285714,10.285714285714286,5.785714285714286,28.428571428571427,13.071428571428571,2272.5,11.142857142857142,3.0,-0.14285714285714285,1.9285714285714286,6.175990377492423,6,11,1
2025-11-03,3.0,28.0,5.0,2269.0,12.0,5.0,21.0,10.0,2277.0,7.0,2.0,31.0,8.0,2282.0,11.0,10.0,39.0,6.0,2243.0,7.0,4.428571428571429,21.571428571428573,9.714285714285714,2280.4285714285716,10.428571428571429,5.285714285714286,27.642857142857142,13.0,2274.3571428571427,11.5,-7.0,-0.7142857142857143,1.5,6.65117247093451,0,11,0
2025-11-04,6.0,33.0,6.0,2270.0,8.0,3.0,28.0,5.0,2269.0,12.0,6.0,22.0,11.0,2286.0,6.0,13.0,39.0,17.0,2251.0,9.0,4.428571428571429,23.142857142857142,9.0,2278.1428571428573,10.714285714285714,4.785714285714286,27.214285714285715,12.214285714285714,2275.714285714286,11.428571428571429,-2.0,-1.7142857142857142,0.7857142857142857,6.15668432719948,1,11,0
2025-11-05,8.0,41.0,8.0,2272.0,7.0,6.0,33.0,6.0,2270.0,8.0,6.0,25.0,4.0,2280.0,17.0,12.0,42.0,13.0,2261.0,12.0,4.714285714285714,25.428571428571427,9.571428571428571,2277.0,9.285714285714286,4.5,27.142857142857142,11.857142857142858,2276.5,11.071428571428571,1.0,0.2857142857142857,0.7857142857142857,3.638419332363589,2,11,0
2025-11-06,6.0,33.0,9.0,2264.0,19.0,8.0,41.0,8.0,2272.0,7.0,3.0,17.0,14.0,2287.0,12.0,4.0,27.0,26.0,2266.0,18.0,5.142857142857143,27.714285714285715,8.857142857142858,2273.714285714286,10.285714285714286,4.642857142857143,27.571428571428573,10.642857142857142,2276.3571428571427,11.142857142857142,-10.0,-1.4285714285714286,-0.5,5.191568255585471,3,11,0
2025-11-07,8.0,33.0,8.0,2274.0,14.0,6.0,33.0,9.0,2264.0,19.0,4.0,18.0,13.0,2284.0,10.0,4.0,30.0,21.0,2269.0,15.0,5.714285714285714,29.857142857142858,8.142857142857142,2272.285714285714,10.857142857142858,4.928571428571429,27.785714285714285,9.714285714285714,2276.714285714286,11.071428571428571,-6.0,-2.7142857142857144,-1.3571428571428572,5.023753102822334,4,11,0
2025-11-08,9.0,33.0,6.0,2284.0,9.0,8.0,33.0,8.0,2274.0,14.0,4.0,20.0,11.0,2280.0,9.0,4.0,32.0,17.0,2273.0,13.0,6.428571428571429,31.714285714285715,7.428571428571429,2272.8571428571427,10.857142857142858,5.285714285714286,27.857142857142858,8.928571428571429,2277.5,10.785714285714286,-3.0,-3.4285714285714284,-1.8571428571428572,4.577377082173013,5,11,1
2025-11-09,11.0,33.0,5.0,2294.0,4.0,9.0,33.0,6.0,2284.0,9.0,5.0,21.0,10.0,2277.0,7.0,4.0,35.0,12.0,2276.0,10.0,7.285714285714286,33.42857142857143,6.714285714285714,2275.285714285714,10.428571428571429,5.785714285714286,27.714285714285715,8.428571428571429,2278.785714285714,10.357142857142858,1.0,-3.7142857142857144,-1.9285714285714286,4.151878519190681,6,11,1
2025-11-10,11.0,36.0,8.0,2294.0,9.0,11.0,33.0,5.0,2294.0,4.0,3.0,28.0,5.0,2269.0,12.0,2.0,31.0,8.0,2282.0,11.0,8.428571428571429,34.57142857142857,7.142857142857143,2278.8571428571427,10.0,6.428571428571429,28.071428571428573,8.428571428571429,2279.6428571428573,10.214285714285714,-1.0,-2.857142857142857,-1.7857142857142858,3.976119189554759,0,11,0
2025-11-11,11.0,39.0,12.0,2294.0,14.0,11.0,36.0,8.0,2294.0,9.0,6.0,33.0,6.0,2270.0,8.0,6.0,22.0,11.0,2286.0,6.0,9.142857142857142,35.42857142857143,8.0,2282.285714285714,10.857142857142858,6.785714285714286,29.285714285714285,8.5,2280.214285714286,10.785714285714286,-2.0,-2.857142857142857,-2.2857142857142856,3.976119189554759,1,11,0
2025-11-12,14.0,48.0,20.0,2302.0,7.0,11.0,39.0,12.0,2294.0,14.0,8.0,41.0,8.0,2272.0,7.0,6.0,25.0,4.0,2280.0,17.0,10.0,36.42857142857143,9.714285714285714,2286.5714285714284,10.857142857142858,7.357142857142857,30.928571428571427,9.642857142857142,2281.785714285714,10.071428571428571,13.0,-1.1428571428571428,-0.42857142857142855,7.197883286741016,2,11,0
2025-11-13,6.0,26.0,16.0,2317.0,5.0,14.0,48.0,20.0,2302.0,7.0,6.0,33.0,9.0,2264.0,19.0,3.0,17.0,14.0,2287.0,12.0,10.0,35.42857142857143,10.714285714285714,2294.1428571428573,8.857142857142858,7.571428571428571,31.571428571428573,9.785714285714286,2283.9285714285716,9.571428571428571,11.0,1.8571428571428572,0.21428571428571427,7.267016155861064,3,11,0
2025-11-14,6.0,25.0,12.0,2325.0,5.0,6.0,26.0,16.0,2317.0,5.0,8.0,33.0,8.0,2274.0,14.0,4.0,18.0,13.0,2284.0,10.0,9.714285714285714,34.285714285714285,11.285714285714286,2301.4285714285716,7.571428571428571,7.714285714285714,32.07142857142857,9.714285714285714,2286.8571428571427,9.214285714285714,7.0,3.7142857142857144,0.5,6.550172662211574,4,11,0
2025-11-15,5.0,23.0,7.0,2332.0,5.0,6.0,25.0,12.0,2325.0,5.0,9.0,33.0,6.0,2284.0,9.0,4.0,20.0,11.0,2280.0,9.0,9.142857142857142,32.857142857142854,11.428571428571429,2308.285714285714,7.0,7.785714285714286,32.285714285714285,9.428571428571429,2290.5714285714284,8.928571428571429,2.0,4.428571428571429,0.5,5.94017796751379,5,11,1
2025-11-16,5.0,22.0,3.0,2340.0,5.0,5.0,23.0,7.0,2332.0,5.0,11.0,33.0,5.0,2294.0,4.0,5.0,21.0,10.0,2277.0,7.0,8.285714285714286,31.285714285714285,11.142857142857142,2314.8571428571427,7.142857142857143,7.785714285714286,32.357142857142854,8.928571428571429,2295.0714285714284,8.785714285714286,-2.0,4.0,0.14285714285714285,6.324555320338496,6,11,1
2025-11-17,1.0,35.0,6.0,2343.0,8.0,5.0,22.0,3.0,2340.0,5.0,11.0,36.0,8.0,2294.0,9.0,3.0,28.0,5.0,2269.0,12.0,6.857142857142857,31.142857142857142,10.857142857142858,2321.8571428571427,7.0,7.642857142857143,32.857142857142854,9.0,2300.3571428571427,8.5,-2.0,3.857142857142857,0.5,6.466028441751999,0,11,0
2025-11-18,2.0,38.0,8.0,2345.0,12.0,1.0,35.0,6.0,2343.0,8.0,11.0,39.0,12.0,2294.0,14.0,6.0,33.0,6.0,2270.0,8.0,5.571428571428571,31.0,10.285714285714286,2329.1428571428573,6.714285714285714,7.357142857142857,33.214285714285715,9.142857142857142,2305.714285714286,8.785714285714286,-4.0,3.5714285714285716,0.35714285714285715,6.8033605141677045,1,11,0
2025-11-19,7.0,32.0,3.0,2340.0,10.0,2.0,38.0,8.0,2345.0,12.0,14.0,48.0,20.0,2302.0,7.0,8.0,41.0,8.0,2272.0,7.0,4.571428571428571,28.714285714285715,7.857142857142857,2334.5714285714284,7.142857142857143,7.285714285714286,32.57142857142857,8.785714285714286,2310.5714285714284,9.0,-7.0,0.7142857142857143,-0.21428571428571427,6.369570517032561,2,11,0
2025-11-20,18.0,57.0,8.0,2340.0,9.0,7.0,32.0,3.0,2340.0,10.0,6.0,26.0,16.0,2317.0,5.0,6.0,33.0,9.0,2264.0,19.0,6.285714285714286,33.142857142857146,6.714285714285714,2337.8571428571427,7.714285714285714,8.142857142857142,34.285714285714285,8.714285714285714,2316.0,8.285714285714286,-1.0,-1.0,0.42857142857142855,4.472135955002019,3,11,0
2025-11-21,13.0,53.0,13.0,2352.0,6.0,18.0,57.0,8.0,2340.0,9.0,6.0,25.0,12.0,2325.0,5.0,8.0,33.0,8.0,2274.0,14.0,7.285714285714286,37.142857142857146,6.857142857142857,2341.714285714286,7.857142857142857,8.5,35.714285714285715,9.071428571428571,2321.5714285714284,7.714285714285714,7.0,-1.0,1.3571428571428572,4.472135955002019,4,11,0
2025-11-22,8.0,50.0,17.0,2363.0,4.0,13.0,53.0,13.0,2352.0,6.0,5.0,23.0,7.0,2332.0,5.0,9.0,33.0,6.0,2284.0,9.0,7.714285714285714,41.0,8.285714285714286,2346.1428571428573,7.714285714285714,8.428571428571429,36.92857142857143,9.857142857142858,2327.214285714286,7.357142857142857,13.0,0.5714285714285714,2.5,6.948792289724608,5,11,1
2025-11-23,3.0,46.0,22.0,2375.0,1.0,8.0,50.0,17.0,2363.0,4.0,5.0,22.0,3.0,2340.0,5.0,11.0,33.0,5.0,2294.0,4.0,7.428571428571429,44.42857142857143,11.0,2351.1428571428573,7.142857142857143,7.857142857142857,37.857142857142854,11.071428571428571,2333.0,7.142857142857143,21.0,3.857142857142857,3.9285714285714284,10.205040771250212,6,11,1
2025-11-24,9.0,40.0,9.0,2371.0,13.0,3.0,46.0,22.0,2375.0,1.0,1.0,35.0,6.0,2343.0,8.0,11.0,36.0,8.0,2294.0,9.0,8.571428571428571,45.142857142857146,11.428571428571429,2355.1428571428573,7.857142857142857,7.714285714285714,38.142857142857146,11.142857142857142,2338.5,7.428571428571429,-4.0,3.5714285714285716,3.7142857142857144,10.422046229943023,0,11,0
2025-11-25,6.0,47.0,14.0,2375.0,11.0,9.0,40.0,9.0,2371.0,13.0,2.0,38.0,8.0,2345.0,12.0,11.0,39.0,12.0,2294.0,14.0,9.142857142857142,46.42857142857143,12.285714285714286,2359.4285714285716,7.714285714285714,7.357142857142857,38.714285714285715,11.285714285714286,2344.285714285714,7.214285714285714,3.0,4.571428571428571,4.071428571428571,9.897089519267922,1,11,0
2025-11-26,5.0,36.0,11.0,2382.0,9.0,6.0,47.0,14.0,2375.0,11.0,7.0,32.0,3.0,2340.0,10.0,14.0,48.0,20.0,2302.0,7.0,8.857142857142858,47.0,13.428571428571429,2365.4285714285716,7.571428571428571,6.714285714285714,37.857142857142854,10.642857142857142,2350.0,7.357142857142857,2.0,5.857142857142857,3.2857142857142856,8.649249898664383,2,11,0
2025-11-27,4.0,24.0,8.0,2389.0,7.0,5.0,36.0,11.0,2382.0,9.0,18.0,57.0,8.0,2340.0,9.0,6.0,26.0,16.0,2317.0,5.0,6.857142857142857,42.285714285714285,13.428571428571429,2372.4285714285716,7.285714285714286,6.571428571428571,37.714285714285715,10.071428571428571,2355.1428571428573,7.5,1.0,6.142857142857143,2.5714285714285716,8.414839499927842,3,11,0
2025-11-28,4.0,22.0,9.0,2398.0,5.0,4.0,24.0,8.0,2389.0,7.0,13.0,53.0,13.0,2352.0,6.0,6.0,25.0,12.0,2325.0,5.0,5.571428571428571,37.857142857142854,12.857142857142858,2379.0,7.142857142857143,6.428571428571429,37.5,9.857142857142858,2360.3571428571427,7.5,4.0,5.714285714285714,2.357142857142857,8.440266301374457,4,11,0
2025-11-29,4.0,20.0,9.0,2406.0,2.0,4.0,22.0,9.0,2398.0,5.0,8.0,50.0,17.0,2363.0,4.0,5.0,23.0,7.0,2332.0,5.0,5.0,33.57142857142857,11.714285714285714,2385.1428571428573,6.857142857142857,6.357142857142857,37.285714285714285,10.0,2365.6428571428573,7.285714285714286,7.0,4.857142857142857,2.7142857142857144,7.861903319778603,5,11,1
2025-11-30,4.0,18.0,10.0,2415.0,0.0,4.0,20.0,9.0,2406.0,2.0,3.0,46.0,22.0,2375.0,1.0,5.0,22.0,3.0,2340.0,5.0,5.142857142857143,29.571428571428573,10.0,2390.8571428571427,6.714285714285714,6.285714285714286,37.0,10.5,2371.0,6.928571428571429,10.0,3.2857142857142856,3.5714285714285716,4.46147530585835,6,11,1
2025-12-01,4.0,26.0,4.0,2410.0,9.0,4.0,18.0,10.0,2415.0,0.0,9.0,40.0,9.0,2371.0,13.0,1.0,35.0,6.0,2343.0,8.0,4.428571428571429,27.571428571428573,9.285714285714286,2396.4285714285716,6.142857142857143,6.5,36.357142857142854,10.357142857142858,2375.785714285714,7.0,-5.0,3.142857142857143,3.357142857142857,4.740906081775131,0,12,0
2025-12-02,7.0,34.0,6.0,2407.0,8.0,4.0,26.0,4.0,2410.0,9.0,6.0,47.0,14.0,2375.0,11.0,2.0,38.0,8.0,2345.0,12.0,4.571428571428571,25.714285714285715,8.142857142857142,2401.0,5.714285714285714,6.857142857142857,36.07142857142857,10.214285714285714,2380.214285714286,6.714285714285714,-2.0,2.4285714285714284,3.5,5.126959555695384,1,12,0
2025-12-03,4.0,32.0,8.0,2419.0,7.0,7.0,34.0,6.0,2407.0,8.0,5.0,36.0,11.0,2382.0,9.0,7.0,32.0,3.0,2340.0,10.0,4.428571428571429,25.142857142857142,7.714285714285714,2406.285714285714,5.428571428571429,6.642857142857143,36.07142857142857,10.571428571428571,2385.8571428571427,6.5,1.0,2.2857142857142856,4.071428571428571,5.154748157907474,2,12,0
2025-12-04,16.0,39.0,7.0,2418.0,13.0,4.0,32.0,8.0,2419.0,7.0,4.0,24.0,8.0,2389.0,7.0,18.0,57.0,8.0,2340.0,9.0,6.142857142857143,27.285714285714285,7.571428571428571,2410.4285714285716,6.285714285714286,6.5,34.785714285714285,10.5,2391.4285714285716,6.785714285714286,-6.0,1.2857142857142858,3.7142857142857144,6.047431568149445,3,12,0
2025-12-05,12.0,34.0,9.0,2422.0,13.0,16.0,39.0,7.0,2418.0,13.0,4.0,22.0,9.0,2398.0,5.0,13.0,53.0,13.0,2352.0,6.0,7.285714285714286,29.0,7.571428571428571,2413.8571428571427,7.428571428571429,6.428571428571429,33.42857142857143,10.214285714285714,2396.4285714285716,7.285714285714286,-4.0,0.14285714285714285,2.9285714285714284,6.202917900167011,4,12,0
2025-12-06,8.0,29.0,11.0,2425.0,12.0,12.0,34.0,9.0,2422.0,13.0,4.0,20.0,9.0,2406.0,2.0,8.0,50.0,17.0,2363.0,4.0,7.857142857142857,30.285714285714285,7.857142857142857,2416.5714285714284,8.857142857142858,6.428571428571429,31.928571428571427,9.785714285714286,2400.8571428571427,7.857142857142857,-1.0,-1.0,1.9285714285714286,5.4160256030926535,5,12,1
2025-12-07,4.0,24.0,13.0,2429.0,12.0,8.0,29.0,11.0,2425.0,12.0,4.0,18.0,10.0,2415.0,0.0,3.0,46.0,22.0,2375.0,1.0,7.857142857142857,31.142857142857142,8.285714285714286,2418.5714285714284,10.571428571428571,6.5,30.357142857142858,9.142857142857142,2404.714285714286,8.642857142857142,1.0,-2.2857142857142856,0.5,2.8115408417420635,6,12,1
2025-12-08,9.0,27.0,9.0,2440.0,4.0,4.0,24.0,13.0,2429.0,12.0,4.0,26.0,4.0,2410.0,9.0,9.0,40.0,9.0,2371.0,13.0,8.571428571428571,31.285714285714285,9.0,2422.8571428571427,9.857142857142858,6.5,29.428571428571427,9.142857142857142,2409.6428571428573,8.0,5.0,-0.8571428571428571,1.1428571428571428,3.6253078687028717,0,12,0
2025-12-09,4.0,30.0,7.0,2443.0,8.0,9.0,27.0,9.0,2440.0,4.0,7.0,34.0,6.0,2407.0,8.0,6.0,47.0,14.0,2375.0,11.0,8.142857142857142,30.714285714285715,9.142857142857142,2428.0,9.857142857142858,6.357142857142857,28.214285714285715,8.642857142857142,2414.5,7.785714285714286,-1.0,-0.7142857142857143,0.8571428571428571,3.5923198500110933,1,12,0
2025-12-10,10.0,54.0,5.0,2439.0,9.0,4.0,30.0,7.0,2443.0,8.0,4.0,32.0,8.0,2419.0,7.0,5.0,36.0,11.0,2382.0,9.0,9.0,33.857142857142854,8.714285714285714,2430.8571428571427,10.142857142857142,6.714285714285714,29.5,8.214285714285714,2418.5714285714284,7.785714285714286,-4.0,-1.4285714285714286,0.42857142857142855,3.6903993847643934,2,12,0
2025-12-11,7.0,47.0,9.0,2437.0,10.0,10.0,54.0,5.0,2439.0,9.0,16.0,39.0,7.0,2418.0,13.0,4.0,24.0,8.0,2389.0,7.0,7.714285714285714,35.0,9.0,2433.5714285714284,9.714285714285714,6.928571428571429,31.142857142857142,8.285714285714286,2422.0,8.0,-1.0,-0.7142857142857143,0.2857142857142857,3.0937725468189146,3,12,0
2025-12-12,7.0,43.0,7.0,2445.0,9.0,7.0,47.0,9.0,2437.0,10.0,12.0,34.0,9.0,2422.0,13.0,4.0,22.0,9.0,2398.0,5.0,7.0,36.285714285714285,8.714285714285714,2436.8571428571427,9.142857142857142,7.142857142857143,32.642857142857146,8.142857142857142,2425.3571428571427,8.285714285714286,-2.0,-0.42857142857142855,-0.14285714285714285,2.819996622764428,4,12,0
2025-12-13,8.0,39.0,6.0,2454.0,9.0,7.0,43.0,7.0,2445.0,9.0,8.0,29.0,11.0,2425.0,12.0,4.0,20.0,9.0,2406.0,2.0,7.0,37.714285714285715,8.0,2441.0,8.714285714285714,7.428571428571429,34.0,7.928571428571429,2428.785714285714,8.785714285714286,-3.0,-0.7142857142857143,-0.8571428571428571,2.9840847683642844,5,12,1
2025-12-14,8.0,35.0,4.0,2462.0,8.0,8.0,39.0,6.0,2454.0,9.0,4.0,24.0,13.0,2429.0,12.0,4.0,18.0,10.0,2415.0,0.0,7.571428571428571,39.285714285714285,6.714285714285714,2445.714285714286,8.142857142857142,7.714285714285714,35.214285714285715,7.5,2432.1428571428573,9.357142857142858,-4.0,-1.4285714285714286,-1.8571428571428572,3.1014589500861387,6,12,1
2025-12-15,11.0,42.0,9.0,2470.0,7.0,8.0,35.0,4.0,2462.0,8.0,9.0,27.0,9.0,2440.0,4.0,4.0,26.0,4.0,2410.0,9.0,7.857142857142857,41.42857142857143,6.714285714285714,2450.0,8.571428571428571,8.214285714285714,36.357142857142854,7.857142857142857,2436.4285714285716,9.214285714285714,2.0,-1.8571428571428572,-1.3571428571428572,2.115700942054963,0,12,0
2025-12-16,8.0,54.0,15.0,2468.0,9.0,11.0,42.0,9.0,2470.0,7.0,4.0,30.0,7.0,2443.0,8.0,7.0,34.0,6.0,2407.0,8.0,8.428571428571429,44.857142857142854,7.857142857142857,2453.5714285714284,8.714285714285714,8.285714285714286,37.785714285714285,8.5,2440.785714285714,9.285714285714286,6.0,-0.8571428571428571,-0.7857142857142857,3.670993118518787,1,12,0
2025-12-17,7.0,31.0,11.0,2481.0,10.0,8.0,54.0,15.0,2468.0,9.0,10.0,54.0,5.0,2439.0,9.0,4.0,32.0,8.0,2419.0,7.0,8.0,41.57142857142857,8.714285714285714,2459.5714285714284,8.857142857142858,8.5,37.714285714285715,8.714285714285714,2445.214285714286,9.5,1.0,-0.14285714285714285,-0.7857142857142857,3.4364987719400757,2,12,0
2025-12-18,11.0,50.0,6.0,2472.0,16.0,7.0,31.0,11.0,2481.0,10.0,7.0,47.0,9.0,2437.0,10.0,16.0,39.0,7.0,2418.0,13.0,8.571428571428571,42.0,8.285714285714286,2464.5714285714284,9.714285714285714,8.142857142857142,38.5,8.642857142857142,2449.0714285714284,9.714285714285714,-10.0,-1.4285714285714286,-1.0714285714285714,5.094347941827565,3,12,0
2025-12-19,9.0,39.0,8.0,2476.0,15.0,11.0,50.0,6.0,2472.0,16.0,7.0,43.0,7.0,2445.0,9.0,12.0,34.0,9.0,2422.0,13.0,8.857142857142858,41.42857142857143,8.428571428571429,2469.0,10.571428571428571,7.928571428571429,38.857142857142854,8.571428571428571,2452.9285714285716,9.857142857142858,-7.0,-2.142857142857143,-1.2857142857142858,5.520524474740806,4,12,0
2025-12-20,8.0,29.0,9.0,2480.0,15.0,9.0,39.0,8.0,2476.0,15.0,8.0,39.0,6.0,2454.0,9.0,8.0,29.0,11.0,2425.0,12.0,8.857142857142858,40.0,8.857142857142858,2472.714285714286,11.428571428571429,7.928571428571429,38.857142857142854,8.428571428571429,2456.8571428571427,10.071428571428571,-6.0,-2.5714285714285716,-1.6428571428571428,5.711308748357891,5,12,1
2025-12-21,6.0,18.0,11.0,2484.0,14.0,8.0,29.0,9.0,2480.0,15.0,8.0,35.0,4.0,2462.0,8.0,4.0,24.0,13.0,2429.0,12.0,8.571428571428571,37.57142857142857,9.857142857142858,2475.8571428571427,12.285714285714286,8.071428571428571,38.42857142857143,8.285714285714286,2460.785714285714,10.214285714285714,-3.0,-2.4285714285714284,-1.9285714285714286,5.682051943245156,6,12,1
